{
  "id": "02_cb_raw",
  "metrics": {
    "auc": 0.9234407247202129,
    "accuracy": 0.865,
    "precision": 0.860730593607306,
    "recall": 0.835920177383592,
    "f1": 0.8481439820022497,
    "threshold": 0.5
  },
  "metadata": {
    "label": "CatBoost (raw, 13 features)",
    "features": "raw",
    "family": "catboost",
    "seed": 42,
    "n_folds": 10,
    "n_features": 13,
    "fold_aucs": [
      0.9223027375201288,
      0.9696969696969697,
      0.9515151515151515,
      0.9826262626262626,
      0.965050505050505,
      0.9032323232323232,
      0.9385858585858586,
      0.938989898989899,
      0.9212121212121211,
      0.9519191919191919
    ],
    "runtime_seconds": 1.13
  }
}