{
  "id": "05_rf_raw",
  "metrics": {
    "auc": 0.95221993541228,
    "accuracy": 0.8854888888888889,
    "precision": 0.8781202580348217,
    "recall": 0.8645903403740078,
    "f1": 0.8713027779561721,
    "threshold": 0.5
  },
  "metadata": {
    "label": "Random Forest (raw, 13 features)",
    "features": "raw",
    "family": "random_forest",
    "seed": 42,
    "n_folds": 10,
    "n_features": 13,
    "fold_aucs": [
      0.9521422835002458,
      0.9531545326474273,
      0.9523549148435368,
      0.9510197580493033,
      0.9525765384115739,
      0.9520509749364842,
      0.9509292580114516,
      0.9526998128848683,
      0.9534003848959254,
      0.9519223095670656
    ],
    "runtime_seconds": 141.06
  }
}