{
  "id": "06_lr_onehot",
  "metrics": {
    "auc": 0.9554593023957834,
    "accuracy": 0.8891904761904762,
    "precision": 0.8853894056154443,
    "recall": 0.8647886027459338,
    "f1": 0.8749677613480055,
    "threshold": 0.5
  },
  "metadata": {
    "label": "Logistic Regression (onehot, ~466 features)",
    "features": "onehot",
    "family": "logistic_regression",
    "seed": 42,
    "n_folds": 10,
    "n_features": 440,
    "fold_aucs": [
      0.9555229478678415,
      0.95635038279652,
      0.9551849515163418,
      0.9541018602294475,
      0.9558114835612176,
      0.9553055878925282,
      0.9543124049261809,
      0.9560256759254951,
      0.9566083185184286,
      0.9553995445293803
    ],
    "runtime_seconds": 113.71
  }
}