{
  "auc": 0.9555949206529737,
  "accuracy": 0.8889761904761905,
  "precision": 0.8828563295631839,
  "recall": 0.8674686851664342,
  "f1": 0.8750948686125521,
  "threshold": 0.5
}