{
  "auc": 0.9556231885343592,
  "accuracy": 0.8889809523809524,
  "precision": 0.8828355251306071,
  "recall": 0.8675076295609196,
  "f1": 0.8751044635395462,
  "threshold": 0.5
}