{
  "auc": 0.9555874283764828,
  "accuracy": 0.8888873015873016,
  "precision": 0.8827802661496938,
  "recall": 0.8673376903849831,
  "f1": 0.8749908476749523,
  "threshold": 0.5
}