{
  "auc": 0.955594594469988,
  "accuracy": 0.8889952380952381,
  "precision": 0.8828889857777553,
  "recall": 0.8674757659654315,
  "f1": 0.8751145136318099,
  "threshold": 0.5
}