{
  "id": "18_cb_freq_multiseed_s789",
  "metrics": {
    "auc": 0.9556020860639597,
    "accuracy": 0.8890174603174603,
    "precision": 0.8829224876313884,
    "recall": 0.8674899275634262,
    "f1": 0.8751381767984413,
    "threshold": 0.5
  },
  "metadata": {
    "label": "18_cb_freq_multiseed_s789",
    "source": "competition_oof"
  }
}