{
  "auc": 0.9555129232317393,
  "accuracy": 0.8890984126984127,
  "precision": 0.8852116810541651,
  "recall": 0.8647779815474378,
  "f1": 0.8748755345745253,
  "threshold": 0.5
}