{
  "id": "19_lr_onehot_multiseed_s456",
  "metrics": {
    "auc": 0.9555038874333192,
    "accuracy": 0.889095238095238,
    "precision": 0.8851773471133079,
    "recall": 0.8648133855424246,
    "f1": 0.8748768825773178,
    "threshold": 0.5
  },
  "metadata": {
    "label": "19_lr_onehot_multiseed_s456",
    "source": "competition_oof"
  }
}