{
  "auc": 0.9555170551817057,
  "accuracy": 0.8892079365079365,
  "precision": 0.8853325215538329,
  "recall": 0.8649054359293903,
  "f1": 0.8749997761425238,
  "threshold": 0.5
}