{
  "auc": 0.9555143840364343,
  "accuracy": 0.8890968253968254,
  "precision": 0.88526990731847,
  "recall": 0.8647000927584668,
  "f1": 0.8748641073171606,
  "threshold": 0.5
}