{
  "auc": 0.9555129500639064,
  "accuracy": 0.8891666666666667,
  "precision": 0.8853384753116177,
  "recall": 0.8647921431454325,
  "f1": 0.8749447034402967,
  "threshold": 0.5
}