{
  "id": "20_cb_origstats_multiseed_s456",
  "metrics": {
    "auc": 0.9555698805773609,
    "accuracy": 0.8890111111111111,
    "precision": 0.8828600972052587,
    "recall": 0.8675536547544025,
    "f1": 0.8751399526080738,
    "threshold": 0.5
  },
  "metadata": {
    "label": "20_cb_origstats_multiseed_s456",
    "source": "competition_oof"
  }
}