{
  "id": "20_cb_origstats_multiseed_s123",
  "metrics": {
    "auc": 0.9555715603586161,
    "accuracy": 0.8889603174603175,
    "precision": 0.8829569824649931,
    "recall": 0.8672987459904976,
    "f1": 0.8750578229287782,
    "threshold": 0.5
  },
  "metadata": {
    "label": "20_cb_origstats_multiseed_s123",
    "source": "competition_oof"
  }
}