{
  "auc": 0.9555790732227339,
  "accuracy": 0.8890063492063492,
  "precision": 0.8829664547564474,
  "recall": 0.8674049579754579,
  "f1": 0.8751165324236958,
  "threshold": 0.5
}