{
  "id": "20_cb_origstats_multiseed_s789",
  "metrics": {
    "auc": 0.9555878350559692,
    "accuracy": 0.8890174603174603,
    "precision": 0.8828921340784538,
    "recall": 0.8675288719579117,
    "f1": 0.8751430821456697,
    "threshold": 0.5
  },
  "metadata": {
    "label": "20_cb_origstats_multiseed_s789",
    "source": "competition_oof"
  }
}