{
  "id": "20_cb_origstats_multiseed_s2024",
  "metrics": {
    "auc": 0.9555759690853385,
    "accuracy": 0.8889952380952381,
    "precision": 0.8828724305042607,
    "recall": 0.8674970083624236,
    "f1": 0.8751171898019425,
    "threshold": 0.5
  },
  "metadata": {
    "label": "20_cb_origstats_multiseed_s2024",
    "source": "competition_oof"
  }
}