{
  "auc": 0.9556923932106787,
  "accuracy": 0.8783380952380953,
  "precision": 0.8267535016051338,
  "recall": 0.9218031962726674,
  "f1": 0.8716949484499842,
  "threshold": 0.5
}