{
  "id": "40_cb_lr_stack_s2024",
  "metrics": {
    "auc": 0.9556811010195532,
    "accuracy": 0.8891111111111111,
    "precision": 0.8814357892319395,
    "recall": 0.869646030858122,
    "f1": 0.8755012207509846,
    "threshold": 0.5
  },
  "metadata": {
    "label": "40_cb_lr_stack_s2024",
    "source": "competition_oof"
  }
}