{
  "auc": 0.9556712833853721,
  "accuracy": 0.8891555555555556,
  "precision": 0.8823146523202624,
  "recall": 0.8686263958025023,
  "f1": 0.875417019014283,
  "threshold": 0.5
}