{
  "auc": 0.9557076303772043,
  "accuracy": 0.44833968253968254,
  "precision": 0.44833968253968254,
  "recall": 1.0,
  "f1": 0.6191084701256173,
  "threshold": 0.5
}