{
  "auc": 0.9556500128981371,
  "accuracy": 0.8891539682539683,
  "precision": 0.8823527296137648,
  "recall": 0.8685732898100221,
  "f1": 0.8754087889854897,
  "threshold": 0.5
}