{
  "id": "40_cb_lr_stack_s42",
  "metrics": {
    "auc": 0.9556734585481235,
    "accuracy": 0.8892111111111111,
    "precision": 0.88232121475803,
    "recall": 0.8687609309834522,
    "f1": 0.8754885678250771,
    "threshold": 0.5
  },
  "metadata": {
    "label": "40_cb_lr_stack_s42",
    "source": "competition_oof"
  }
}