{
  "auc": 0.9556685636233518,
  "accuracy": 0.8891349206349206,
  "precision": 0.8827027824878588,
  "recall": 0.8680740934807084,
  "f1": 0.8753273226745587,
  "threshold": 0.5
}