{
  "id": "40_cb_lr_stack_s456",
  "metrics": {
    "auc": 0.9556712833853721,
    "accuracy": 0.8891555555555556,
    "precision": 0.8823146523202624,
    "recall": 0.8686263958025023,
    "f1": 0.875417019014283,
    "threshold": 0.5
  },
  "metadata": {
    "label": "40_cb_lr_stack_s456",
    "source": "competition_oof"
  }
}