{
  "id": "40_cb_lr_stack",
  "metrics": {
    "auc": 0.9556192809243305,
    "accuracy": 0.8891539682539683,
    "precision": 0.881754099950086,
    "recall": 0.8693450969007342,
    "f1": 0.875505630797261,
    "threshold": 0.5
  },
  "metadata": {
    "label": "CatBoost cross-stacked with LR OOF (5-seed)",
    "features": "cross_stack_lr",
    "family": "catboost",
    "seed": 42,
    "n_folds": 10,
    "n_features": 34,
    "fold_aucs": [
      0.9556693134962603,
      0.9564338540351655,
      0.9553904765402816,
      0.9544117786737978,
      0.9559032663181888,
      0.9555619692142854,
      0.954346622651202,
      0.9562849666197638,
      0.9567298006104434,
      0.9556387487365404
    ],
    "runtime_seconds": 390.62
  }
}