{
  "id": "cb_origstats_f10_s42",
  "metrics": {
    "auc": 0.9562642422821881,
    "accuracy": 0.8841587301587301,
    "precision": 0.8433302082855288,
    "recall": 0.9108314982262599,
    "f1": 0.8757821063596566,
    "threshold": 0.5
  },
  "metadata": {
    "label": "cb_origstats_f10_s42",
    "source": "competition_oof"
  }
}