{
  "id": "cb_rs_5",
  "metrics": {
    "auc": 0.9556506838143651,
    "accuracy": 0.8891460317460318,
    "precision": 0.8828738952236205,
    "recall": 0.8678829119077797,
    "f1": 0.8753142228697117,
    "threshold": 0.5
  },
  "metadata": {
    "label": "cb_rs_5",
    "source": "competition_oof"
  }
}