{
  "id": "hill_climb_v3",
  "metrics": {
    "auc": 0.9557506239585811,
    "accuracy": 0.44833968253968254,
    "precision": 0.44833968253968254,
    "recall": 1.0,
    "f1": 0.6191084701256173,
    "threshold": 0.5
  },
  "metadata": {
    "type": "ensemble",
    "source": "competition_oof_reconstruction"
  }
}