{
  "id": "hillclimb_v4",
  "metrics": {
    "auc": 0.9557594531167181,
    "accuracy": 0.44833968253968254,
    "precision": 0.44833968253968254,
    "recall": 1.0,
    "f1": 0.6191084701256173,
    "threshold": 0.5
  },
  "metadata": {
    "label": "hillclimb_v4",
    "source": "competition_oof"
  }
}