{
  "id": "te_cb_a10",
  "metrics": {
    "auc": 0.9557022178432265,
    "accuracy": 0.8892174603174603,
    "precision": 0.8832019720411275,
    "recall": 0.8676457051413682,
    "f1": 0.8753547299409037,
    "threshold": 0.5
  },
  "metadata": {
    "label": "te_cb_a10",
    "source": "competition_oof"
  }
}