{
  "cleveland": {
    "oof_auc": 0.8982716266011581,
    "mean_fold_auc": 0.9046683096315448,
    "fold_aucs": [
      0.8865546218487395,
      0.9789915966386554,
      0.8613445378151261,
      0.8778280542986425,
      0.9196428571428572,
      0.8526785714285715,
      0.9598214285714286,
      0.875,
      0.9642857142857143,
      0.8705357142857142
    ]
  },
  "hungarian": {
    "oof_auc": 0.8893516659975912,
    "mean_fold_auc": 0.8860978203083466,
    "fold_aucs": [
      0.9043062200956937,
      0.8325358851674642,
      0.9138755980861243,
      0.904306220095694,
      0.7736842105263159,
      0.9368421052631579,
      0.8789473684210527,
      0.8578947368421054,
      0.914141414141414,
      0.9444444444444444
    ]
  },
  "switzerland": {
    "oof_auc": 0.6423913043478261,
    "mean_fold_auc": 0.6391304347826086,
    "fold_aucs": [
      0.9565217391304348,
      0.5217391304347826,
      0.7173913043478262,
      0.13043478260869565,
      0.8260869565217391,
      0.7391304347826086,
      0.5434782608695652,
      0.9347826086956521,
      0.043478260869565216,
      0.9130434782608695,
      0.8043478260869565,
      0.5217391304347826,
      0.717391304347826,
      0.34782608695652173,
      0.8695652173913043
    ]
  },
  "va_longbeach": {
    "oof_auc": 0.6428477431240953,
    "mean_fold_auc": 0.6439369557645419,
    "fold_aucs": [
      0.6266666666666667,
      0.61,
      0.61,
      0.68,
      0.6520376175548589,
      0.68,
      0.6966666666666667,
      0.8383333333333334,
      0.5633333333333334,
      0.5141065830721003,
      0.7466666666666667,
      0.5833333333333333,
      0.63,
      0.5633333333333334,
      0.664576802507837
    ]
  }
}