{
  "cleveland": {
    "oof_auc": 0.9007939989471837,
    "mean_fold_auc": 0.9304975355526824,
    "fold_aucs": [
      0.958,
      0.9832,
      0.9118,
      0.9186,
      0.9375,
      0.875,
      0.9777,
      0.9219,
      0.9509,
      0.8705
    ]
  },
  "hungarian": {
    "oof_auc": 0.8809213167402649,
    "mean_fold_auc": 0.9161828814460392,
    "fold_aucs": [
      0.9187,
      0.878,
      0.8995,
      0.9785,
      0.8158,
      0.9579,
      0.9158,
      0.8684,
      0.9444,
      0.9848
    ]
  },
  "switzerland": {
    "oof_auc": 0.726086956521739,
    "mean_fold_auc": 0.8789855072463768,
    "fold_aucs": [
      0.9783,
      0.8478,
      0.8696,
      0.7391,
      1.0,
      0.9348,
      0.8043,
      1.0,
      0.5652,
      0.913,
      1.0,
      0.8152,
      0.8913,
      0.8261,
      1.0
    ]
  },
  "va_longbeach": {
    "oof_auc": 0.6949598631398868,
    "mean_fold_auc": 0.7348303726924417,
    "fold_aucs": [
      0.73,
      0.6467,
      0.76,
      0.765,
      0.7743,
      0.74,
      0.73,
      0.9233,
      0.6317,
      0.6364,
      0.78,
      0.7267,
      0.7767,
      0.6933,
      0.7085
    ]
  }
}