{
  "cleveland": {
    "ssl_hparams_earlystop_native": {
      "oof_auc": 0.896012458326022,
      "mean_fold_auc": 0.9340689641241111,
      "std_fold_auc": 0.035195579870020643,
      "metrics": {
        "auc": 0.896012458326022,
        "accuracy": 0.8613861386138614,
        "precision": 0.8592592592592593,
        "recall": 0.8345323741007195,
        "f1": 0.8467153284671532
      },
      "fold_aucs": [
        0.9621848739495797,
        0.9789915966386554,
        0.9117647058823529,
        0.9185520361990951,
        0.9419642857142857,
        0.9040178571428571,
        0.9910714285714286,
        0.8883928571428571,
        0.9553571428571429,
        0.8883928571428572
      ],
      "n_folds": 10,
      "runtime_s": 2.32,
      "config": "ssl_hparams_early_stop"
    },
    "ssl_hparams_noearlystop_native": {
      "oof_auc": 0.8905509738550623,
      "mean_fold_auc": 0.8967517776341305,
      "std_fold_auc": 0.04253860946145108,
      "metrics": {
        "auc": 0.8905509738550623,
        "accuracy": 0.8184818481848185,
        "precision": 0.8134328358208955,
        "recall": 0.7841726618705036,
        "f1": 0.7985347985347986
      },
      "fold_aucs": [
        0.8991596638655461,
        0.9579831932773109,
        0.8487394957983193,
        0.8687782805429864,
        0.9196428571428572,
        0.8482142857142858,
        0.9553571428571428,
        0.8616071428571429,
        0.9464285714285714,
        0.8616071428571429
      ],
      "n_folds": 10,
      "runtime_s": 1.95,
      "config": "ssl_hparams_no_early_stop"
    },
    "ssl_hparams_earlystop_smote": {
      "oof_auc": 0.9055316722231971,
      "mean_fold_auc": 0.9360324418228829,
      "std_fold_auc": 0.03431782235315201,
      "metrics": {
        "auc": 0.9055316722231971,
        "accuracy": 0.8514851485148515,
        "precision": 0.8455882352941176,
        "recall": 0.8273381294964028,
        "f1": 0.8363636363636363
      },
      "fold_aucs": [
        0.9579831932773109,
        0.9831932773109243,
        0.9537815126050421,
        0.914027149321267,
        0.9285714285714286,
        0.8950892857142857,
        0.9732142857142857,
        0.90625,
        0.96875,
        0.8794642857142857
      ],
      "n_folds": 10,
      "runtime_s": 2.17,
      "config": "ssl_hparams_early_stop"
    },
    "ssl_hparams_noearlystop_smote": {
      "oof_auc": 0.8934462186348482,
      "mean_fold_auc": 0.8933823529411764,
      "std_fold_auc": 0.048645767736764545,
      "metrics": {
        "auc": 0.8934462186348482,
        "accuracy": 0.834983498349835,
        "precision": 0.8201438848920863,
        "recall": 0.8201438848920863,
        "f1": 0.8201438848920863
      },
      "fold_aucs": [
        0.8865546218487395,
        0.9621848739495799,
        0.8277310924369748,
        0.8823529411764706,
        0.9017857142857143,
        0.8616071428571429,
        0.9553571428571428,
        0.8482142857142857,
        0.9642857142857142,
        0.84375
      ],
      "n_folds": 10,
      "runtime_s": 2.05,
      "config": "ssl_hparams_no_early_stop"
    }
  },
  "hungarian": {
    "ssl_hparams_earlystop_native": {
      "oof_auc": 0.8912083500602168,
      "mean_fold_auc": 0.9243753322700691,
      "std_fold_auc": 0.05073439212428918,
      "metrics": {
        "auc": 0.8912083500602168,
        "accuracy": 0.8367346938775511,
        "precision": 0.7685185185185185,
        "recall": 0.7830188679245284,
        "f1": 0.7757009345794392
      },
      "fold_aucs": [
        0.9186602870813398,
        0.9114832535885167,
        0.8947368421052632,
        0.9641148325358851,
        0.8157894736842105,
        0.9578947368421052,
        0.9631578947368421,
        0.868421052631579,
        0.9595959595959597,
        0.9898989898989898
      ],
      "n_folds": 10,
      "runtime_s": 2.03,
      "config": "ssl_hparams_early_stop"
    },
    "ssl_hparams_noearlystop_native": {
      "oof_auc": 0.8873946206342834,
      "mean_fold_auc": 0.8787772461456672,
      "std_fold_auc": 0.056791577755452974,
      "metrics": {
        "auc": 0.8873946206342834,
        "accuracy": 0.8095238095238095,
        "precision": 0.7232142857142857,
        "recall": 0.7641509433962265,
        "f1": 0.7431192660550459
      },
      "fold_aucs": [
        0.9090909090909092,
        0.8325358851674641,
        0.8899521531100478,
        0.9186602870813397,
        0.7421052631578948,
        0.9210526315789473,
        0.8684210526315791,
        0.8473684210526317,
        0.9090909090909091,
        0.9494949494949495
      ],
      "n_folds": 10,
      "runtime_s": 1.93,
      "config": "ssl_hparams_no_early_stop"
    },
    "ssl_hparams_earlystop_smote": {
      "oof_auc": 0.8749247290244881,
      "mean_fold_auc": 0.9211935140882508,
      "std_fold_auc": 0.044765756722563776,
      "metrics": {
        "auc": 0.8749247290244881,
        "accuracy": 0.8435374149659864,
        "precision": 0.7941176470588235,
        "recall": 0.7641509433962265,
        "f1": 0.7788461538461539
      },
      "fold_aucs": [
        0.9186602870813398,
        0.8803827751196173,
        0.9186602870813396,
        0.9569377990430623,
        0.8263157894736841,
        0.9631578947368421,
        0.9421052631578947,
        0.8789473684210527,
        0.9469696969696969,
        0.9797979797979798
      ],
      "n_folds": 10,
      "runtime_s": 2.59,
      "config": "ssl_hparams_early_stop"
    },
    "ssl_hparams_noearlystop_smote": {
      "oof_auc": 0.8884484142914493,
      "mean_fold_auc": 0.8843540669856459,
      "std_fold_auc": 0.054697049466272525,
      "metrics": {
        "auc": 0.8884484142914493,
        "accuracy": 0.8197278911564626,
        "precision": 0.7523809523809524,
        "recall": 0.7452830188679245,
        "f1": 0.7488151658767772
      },
      "fold_aucs": [
        0.9138755980861245,
        0.8373205741626795,
        0.9090909090909091,
        0.9090909090909092,
        0.7736842105263158,
        0.9473684210526315,
        0.868421052631579,
        0.8210526315789475,
        0.914141414141414,
        0.9494949494949495
      ],
      "n_folds": 10,
      "runtime_s": 2.27,
      "config": "ssl_hparams_no_early_stop"
    }
  },
  "switzerland": {
    "ssl_hparams_earlystop_native": {
      "oof_auc": 0.7380434782608696,
      "mean_fold_auc": 0.8152173913043478,
      "std_fold_auc": 0.1744556751977294,
      "metrics": {
        "auc": 0.7380434782608696,
        "accuracy": 0.8861788617886179,
        "precision": 0.954954954954955,
        "recall": 0.9217391304347826,
        "f1": 0.9380530973451328
      },
      "fold_aucs": [
        0.9782608695652174,
        0.7717391304347826,
        0.9782608695652174,
        0.5217391304347826,
        1.0,
        0.7391304347826086,
        0.7717391304347826,
        0.9782608695652174,
        0.5652173913043478,
        1.0,
        0.9782608695652174,
        0.6630434782608696,
        0.6956521739130435,
        0.5869565217391304,
        1.0
      ],
      "n_folds": 15,
      "runtime_s": 2.5,
      "config": "ssl_hparams_early_stop"
    },
    "ssl_hparams_noearlystop_native": {
      "oof_auc": 0.6641304347826087,
      "mean_fold_auc": 0.6246376811594202,
      "std_fold_auc": 0.30169304524926466,
      "metrics": {
        "auc": 0.6641304347826087,
        "accuracy": 0.9024390243902439,
        "precision": 0.9401709401709402,
        "recall": 0.9565217391304348,
        "f1": 0.9482758620689655
      },
      "fold_aucs": [
        0.8695652173913043,
        0.4782608695652174,
        0.8478260869565217,
        0.043478260869565216,
        0.9130434782608695,
        0.6304347826086956,
        0.5,
        0.8913043478260869,
        0.30434782608695654,
        0.9565217391304348,
        0.7173913043478262,
        0.4782608695652174,
        0.6956521739130435,
        0.043478260869565216,
        1.0
      ],
      "n_folds": 15,
      "runtime_s": 2.69,