{
  "cleveland": {
    "native": {
      "auc": 0.9036892437269697,
      "auc_std": 0.03909462595903668,
      "accuracy": 0.8514851485148515,
      "f1": 0.8375451263537906,
      "precision": 0.8405797101449275,
      "recall": 0.8345323741007195,
      "n_samples": 303,
      "prevalence": 45.9,
      "n_folds": 10
    },
    "smote": {
      "auc": 0.8964949991226531,
      "auc_std": 0.03266516496288415,
      "accuracy": 0.8481848184818482,
      "f1": 0.8333333333333334,
      "precision": 0.8394160583941606,
      "recall": 0.8273381294964028,
      "n_samples": 303,
      "prevalence": 45.9,
      "n_folds": 10
    }
  },
  "hungarian": {
    "native": {
      "auc": 0.8931152147731836,
      "auc_std": 0.050808541401773724,
      "accuracy": 0.8401360544217688,
      "f1": 0.7772511848341233,
      "precision": 0.780952380952381,
      "recall": 0.7735849056603774,
      "n_samples": 294,
      "prevalence": 36.1,
      "n_folds": 10
    },
    "smote": {
      "auc": 0.8743727418707347,
      "auc_std": 0.04670227638361551,
      "accuracy": 0.8401360544217688,
      "f1": 0.7751196172248804,
      "precision": 0.7864077669902912,
      "recall": 0.7641509433962265,
      "n_samples": 294,
      "prevalence": 36.1,
      "n_folds": 10
    }
  },
  "switzerland": {
    "native": {
      "auc": 0.7054347826086956,
      "auc_std": 0.1717009068941436,
      "accuracy": 0.8780487804878049,
      "f1": 0.9333333333333333,
      "precision": 0.9545454545454546,
      "recall": 0.9130434782608695,
      "n_samples": 123,
      "prevalence": 93.5,
      "n_folds": 15
    },
    "smote": {
      "auc": 0.7445652173913043,
      "auc_std": 0.22246494830447464,
      "accuracy": 0.8861788617886179,
      "f1": 0.9369369369369369,
      "precision": 0.9719626168224299,
      "recall": 0.9043478260869565,
      "n_samples": 123,
      "prevalence": 93.5,
      "n_folds": 15
    }
  },
  "va_longbeach": {
    "native": {
      "auc": 0.7144361100144756,
      "auc_std": 0.07424485722179172,
      "accuracy": 0.69,
      "f1": 0.7769784172661871,
      "precision": 0.8372093023255814,
      "recall": 0.7248322147651006,
      "n_samples": 200,
      "prevalence": 74.5,
      "n_folds": 15
    },
    "smote": {
      "auc": 0.7332543755757336,
      "auc_std": 0.07528803025449107,
      "accuracy": 0.735,
      "f1": 0.8153310104529616,
      "precision": 0.8478260869565217,
      "recall": 0.785234899328859,
      "n_samples": 200,
      "prevalence": 74.5,
      "n_folds": 15
    }
  }
}