{
  "model": "lightgbm",
  "dataset": "va_longbeach",
  "feature_set": "raw",
  "tuning": "competition",
  "imbalance": "smote",
  "n_folds": 15,
  "oof_auc": 0.6981181734438742,
  "oof_pr_auc": 0.867063659262579,
  "mean_fold_auc": 0.6764190177638453,
  "std_fold_auc": 0.06383457807143848,
  "metrics": {
    "auc": 0.6981181734438742,
    "pr_auc": 0.867063659262579,
    "accuracy": 0.68,
    "precision": 0.8102189781021898,
    "recall": 0.7449664429530202,
    "f1": 0.7762237762237763,
    "threshold": 0.5691583829408492
  },
  "runtime_s": 12.97,
  "best_params": {
    "n_estimators": 10000,
    "learning_rate": 0.02,
    "num_leaves": 15,
    "max_depth": -1,
    "min_child_samples": 55,
    "subsample": 0.8061521649345637,
    "colsample_bytree": 0.8404556263256399,
    "reg_alpha": 0.0,
    "reg_lambda": 2.082111807343839,
    "objective": "binary",
    "random_state": 42,
    "n_jobs": -1,
    "verbosity": -1
  },
  "per_fold_params": [
    {
      "n_estimators": 10000,
      "learning_rate": 0.02,
      "num_leaves": 15,
      "max_depth": -1,
      "min_child_samples": 55,
      "subsample": 0.8061521649345637,
      "colsample_bytree": 0.8404556263256399,
      "reg_alpha": 0.0,
      "reg_lambda": 2.082111807343839,
      "objective": "binary",
      "random_state": 42,
      "n_jobs": -1,
      "verbosity": -1
    },
    {
      "n_estimators": 10000,
      "learning_rate": 0.02,
      "num_leaves": 15,
      "max_depth": -1,
      "min_child_samples": 55,
      "subsample": 0.8061521649345637,
      "colsample_bytree": 0.8404556263256399,
      "reg_alpha": 0.0,
      "reg_lambda": 2.082111807343839,
      "objective": "binary",
      "random_state": 42,
      "n_jobs": -1,
      "verbosity": -1
    },
    {
      "n_estimators": 10000,
      "learning_rate": 0.02,
      "num_leaves": 15,
      "max_depth": -1,
      "min_child_samples": 55,
      "subsample": 0.8061521649345637,
      "colsample_bytree": 0.8404556263256399,
      "reg_alpha": 0.0,
      "reg_lambda": 2.082111807343839,
      "objective": "binary",
      "random_state": 42,
      "n_jobs": -1,
      "verbosity": -1
    },
    {
      "n_estimators": 10000,
      "learning_rate": 0.02,
      "num_leaves": 15,
      "max_depth": -1,
      "min_child_samples": 55,
      "subsample": 0.8061521649345637,
      "colsample_bytree": 0.8404556263256399,
      "reg_alpha": 0.0,
      "reg_lambda": 2.082111807343839,
      "objective": "binary",
      "random_state": 42,
      "n_jobs": -1,
      "verbosity": -1
    },
    {
      "n_estimators": 10000,
      "learning_rate": 0.02,
      "num_leaves": 15,
      "max_depth": -1,
      "min_child_samples": 55,
      "subsample": 0.8061521649345637,
      "colsample_bytree": 0.8404556263256399,
      "reg_alpha": 0.0,
      "reg_lambda": 2.082111807343839,
      "objective": "binary",
      "random_state": 42,
      "n_jobs": -1,
      "verbosity": -1
    },
    {
      "n_estimators": 10000,
      "learning_rate": 0.02,
      "num_leaves": 15,
      "max_depth": -1,
      "min_child_samples": 55,
      "subsample": 0.8061521649345637,
      "colsample_bytree": 0.8404556263256399,
      "reg_alpha": 0.0,
      "reg_lambda": 2.082111807343839,
      "objective": "binary",
      "random_state": 42,
      "n_jobs": -1,
      "verbosity": -1
    },
    {
      "n_estimators": 10000,
      "learning_rate": 0.02,
      "num_leaves": 15,
      "max_depth": -1,
      "min_child_samples": 55,
      "subsample": 0.8061521649345637,
      "colsample_bytree": 0.8404556263256399,
      "reg_alpha": 0.0,
      "reg_lambda": 2.082111807343839,
      "objective": "binary",
      "random_state": 42,
      "n_jobs": -1,
      "verbosity": -1
    },
    {
      "n_estimators": 10000,
      "learning_rate": 0.02,
      "num_leaves": 15,
      "max_depth": -1,
      "min_child_samples": 55,
      "subsample": 0.8061521649345637,
      "colsample_bytree": 0.8404556263256399,
      "reg_alpha": 0.0,
      "reg_lambda": 2.082111807343839,
      "objective": "binary",
      "random_state": 42,
      "n_jobs": -1,
      "verbosity": -1
    },
    {
      "n_estimators": 10000,
      "learning_rate": 0.02,
      "num_leaves": 15,
      "max_depth": -1,
      "min_child_samples": 55,
      "subsample": 0.8061521649345637,
      "colsample_bytree": 0.8404556263256399,
      "reg_alpha": 0.0,
      "reg_lambda": 2.082111807343839,
      "objective": "binary",
      "random_state": 42,
      "n_jobs": -1,
      "verbosity": -1
    },
    {
      "n_estimators": 10000,
      "learning_rate": 0.02,
      "num_leaves": 15,
      "max_depth": -1,
      "min_child_samples": 55,
      "subsample": 0.8061521649345637,
      "colsample_bytree": 0.8404556263256399,
      "reg_alpha": 0.0,
      "reg_lambda": 2.082111807343839,
      "objective": "binary",
      "random_state": 42,
      "n_jobs": -1,
      "verbosity": -1
    },
    {
      "n_estimators": 10000,
      "learning_rate": 0.02,
      "num_leaves": 15,
      "max_depth": -1,
      "min_child_samples": 55,
      "subsample": 0.8061521649345637,
      "colsample_bytree": 0.8404556263256399,
      "reg_alpha": 0.0,
      "reg_lambda": 2.082111807343839,
      "objective": "binary",
      "random_state": 42,
      "n_jobs": -1,
      "verbosity": -1
    },
    {
      "n_estimators": 10000,
      "learning_rate": 0.02,
      "num_leaves": 15,
      "max_depth": -1,
      "min_child_samples": 55,
      "subsample": 0.8061521649345637,
      "colsample_bytree": 0.8404556263256399,
      "reg_alpha": 0.0,
      "reg_lambda": 2.082111807343839,
      "objective": "binary",
      "random_state": 42,
      "n_jobs": -1,
      "verbosity": -1
    },
    {
      "n_estimators": 10000,
      "learning_rate": 0.02,
      "num_leaves": 15,
      "max_depth": -1,
      "min_child_samples": 55,
      "subsample": 0.8061521649345637,
      "colsample_bytree": 0.8404556263256399,
      "reg_alpha": 0.0,
      "reg_lambda": 2.082111807343839,
      "objective": "binary",
      "random_state": 42,
      "n_jobs": -1,
      "verbosity": -1
    },
    {
      "n_estimators": 10000,
      "learning_rate": 0.02,
      "num_leaves": 15,
      "max_depth": -1,
      "min_child_samples": 55,
      "subsample": 0.8061521649345637,
      "colsample_bytree": 0.8404556263256399,
      "reg_alpha": 0.0,
      "reg_lambda": 2.082111807343839,
      "objective": "binary",
      "random_state": 42,
      "n_jobs": -1,
      "verbosity": -1
    },
    {
      "n_estimators": 10000,
      "learning_rate": 0.02,
      "num_leaves": 15,
      "max_depth": -1,
      "min_child_samples": 55,
      "subsample": 0.8061521649345637,
      "colsample_bytree": 0.8404556263256399,
      "reg_alpha": 0.0,
      "reg_lambda": 2.082111807343839,
      "objective": "binary",
      "random_state": 42,
      "n_jobs": -1,
      "verbosity": -1
    }
  ],
  "fold_metrics": [
    {
      "auc": 0.6500000000000001,
      "pr_auc": 0.8330834622593215,
      "accuracy": 0.675,
      "precision": 0.7575757575757576,
      "recall": 0.8333333333333334,
      "f1": 0.7936507936507936
    },
    {
      "auc": 0.635,
      "pr_auc": 0.8272988374481915,
      "accuracy": 0.675,
      "precision": 0.8148148148148148,
      "recall": 0.7333333333333333,
      "f1": 0.7719298245614035
    },
    {
      "auc": 0.6716666666666666,
      "pr_auc": 0.8531486556690712,
      "accuracy": 0.675,
      "precision": 0.84,
      "recall": 0.7,
      "f1": 0.7636363636363637
    },
    {
      "auc": 0.6783333333333333,
      "pr_auc": 0.8283384265950056,
      "accuracy": 0.7,
      "precision": 0.875,
      "recall": 0.7,
      "f1": 0.7777777777777778
    },
    {
      "auc": 0.7711598746081504,
      "pr_auc": 0.9087007096268405,
      "accuracy": 0.725,
      "precision": 0.8214285714285714,
      "recall": 0.7931034482758621,
      "f1": 0.8070175438596491
    },
    {
      "auc": 0.7033333333333334,
      "pr_auc": 0.8819885714412014,
      "accuracy": 0.7,