{
  "model": "lightgbm",
  "dataset": "hungarian",
  "feature_set": "raw",
  "tuning": "dataset",
  "imbalance": "smote",
  "n_folds": 10,
  "oof_auc": 0.8794409875551987,
  "oof_pr_auc": 0.8353662966474017,
  "mean_fold_auc": 0.8797554492291335,
  "std_fold_auc": 0.038596387244789955,
  "metrics": {
    "auc": 0.8794409875551987,
    "pr_auc": 0.8353662966474017,
    "accuracy": 0.8231292517006803,
    "precision": 0.7647058823529411,
    "recall": 0.7358490566037735,
    "f1": 0.75,
    "threshold": 0.5670502626806497
  },
  "runtime_s": 2173.49,
  "best_params": {
    "n_estimators": 532,
    "learning_rate": 0.05014199299590276,
    "num_leaves": 248,
    "max_depth": 10,
    "min_child_samples": 6,
    "subsample": 0.7327831526438218,
    "colsample_bytree": 0.6543963635933315,
    "reg_alpha": 0.00033012127232080193,
    "reg_lambda": 29.19042052584163,
    "objective": "binary",
    "random_state": 42,
    "n_jobs": -1,
    "verbosity": -1
  },
  "per_fold_params": [
    {
      "n_estimators": 1619,
      "learning_rate": 0.028165720210604157,
      "num_leaves": 166,
      "max_depth": 3,
      "min_child_samples": 50,
      "subsample": 0.9193068660522383,
      "colsample_bytree": 0.7787600610872776,
      "reg_alpha": 4.57562829832698e-08,
      "reg_lambda": 0.026820701882164226,
      "objective": "binary",
      "random_state": 42,
      "n_jobs": -1,
      "verbosity": -1
    },
    {
      "n_estimators": 1143,
      "learning_rate": 0.10643596803098146,
      "num_leaves": 491,
      "max_depth": 3,
      "min_child_samples": 46,
      "subsample": 0.8553145046595971,
      "colsample_bytree": 0.9693883247281645,
      "reg_alpha": 2.9654068789711894,
      "reg_lambda": 5.4945085017774176e-05,
      "objective": "binary",
      "random_state": 42,
      "n_jobs": -1,
      "verbosity": -1
    },
    {
      "n_estimators": 2712,
      "learning_rate": 0.1380845273353077,
      "num_leaves": 328,
      "max_depth": 2,
      "min_child_samples": 54,
      "subsample": 0.588391728568815,
      "colsample_bytree": 0.739480360786963,
      "reg_alpha": 6.436181018641947,
      "reg_lambda": 6.364131168817405e-08,
      "objective": "binary",
      "random_state": 42,
      "n_jobs": -1,
      "verbosity": -1
    },
    {
      "n_estimators": 1279,
      "learning_rate": 0.001958087768968818,
      "num_leaves": 504,
      "max_depth": 12,
      "min_child_samples": 49,
      "subsample": 0.8076453362994562,
      "colsample_bytree": 0.6064126170089891,
      "reg_alpha": 0.032218518437249016,
      "reg_lambda": 0.06805163562838137,
      "objective": "binary",
      "random_state": 42,
      "n_jobs": -1,
      "verbosity": -1
    },
    {
      "n_estimators": 1898,
      "learning_rate": 0.015429953700094126,
      "num_leaves": 432,
      "max_depth": 1,
      "min_child_samples": 39,
      "subsample": 0.5082272685614514,
      "colsample_bytree": 0.518645182149793,
      "reg_alpha": 3.190660791662567e-08,
      "reg_lambda": 9.330397065412067e-07,
      "objective": "binary",
      "random_state": 42,
      "n_jobs": -1,
      "verbosity": -1
    },
    {
      "n_estimators": 3000,
      "learning_rate": 0.14417109394118074,
      "num_leaves": 264,
      "max_depth": 16,
      "min_child_samples": 54,
      "subsample": 0.862932358268941,
      "colsample_bytree": 0.5245772465773159,
      "reg_alpha": 2.5809390615781726e-07,
      "reg_lambda": 0.00014222488692851792,
      "objective": "binary",
      "random_state": 42,
      "n_jobs": -1,
      "verbosity": -1
    },
    {
      "n_estimators": 2190,
      "learning_rate": 0.11329452714381551,
      "num_leaves": 211,
      "max_depth": 16,
      "min_child_samples": 51,
      "subsample": 0.8719464816270561,
      "colsample_bytree": 0.9653948951356816,
      "reg_alpha": 1.8375978075342192e-08,
      "reg_lambda": 0.0048199576698464575,
      "objective": "binary",
      "random_state": 42,
      "n_jobs": -1,
      "verbosity": -1
    },
    {
      "n_estimators": 3426,
      "learning_rate": 0.15269029036386342,
      "num_leaves": 45,
      "max_depth": 2,
      "min_child_samples": 75,
      "subsample": 0.766337104302584,
      "colsample_bytree": 0.6672067100953719,
      "reg_alpha": 3.7214157233646745e-08,
      "reg_lambda": 0.04073324998760201,
      "objective": "binary",
      "random_state": 42,
      "n_jobs": -1,
      "verbosity": -1
    },
    {
      "n_estimators": 1371,
      "learning_rate": 0.021230617744325372,
      "num_leaves": 289,
      "max_depth": 13,
      "min_child_samples": 59,
      "subsample": 0.8794236076967328,
      "colsample_bytree": 0.6529017974682492,
      "reg_alpha": 0.0037791117718959863,
      "reg_lambda": 2.4514396770198096e-08,
      "objective": "binary",
      "random_state": 42,
      "n_jobs": -1,
      "verbosity": -1
    },
    {
      "n_estimators": 532,
      "learning_rate": 0.05014199299590276,
      "num_leaves": 248,
      "max_depth": 10,
      "min_child_samples": 6,
      "subsample": 0.7327831526438218,
      "colsample_bytree": 0.6543963635933315,
      "reg_alpha": 0.00033012127232080193,
      "reg_lambda": 29.19042052584163,
      "objective": "binary",
      "random_state": 42,
      "n_jobs": -1,
      "verbosity": -1
    }
  ],
  "fold_metrics": [
    {
      "auc": 0.8373205741626796,
      "pr_auc": 0.8466239316239317,
      "accuracy": 0.8,
      "precision": 0.7272727272727273,
      "recall": 0.7272727272727273,
      "f1": 0.7272727272727273
    },
    {
      "auc": 0.8444976076555024,
      "pr_auc": 0.8598114007204916,
      "accuracy": 0.8666666666666667,
      "precision": 1.0,
      "recall": 0.6363636363636364,
      "f1": 0.7777777777777778
    },
    {
      "auc": 0.8421052631578948,
      "pr_auc": 0.7497474747474747,
      "accuracy": 0.7666666666666667,
      "precision": 0.7,
      "recall": 0.6363636363636364,
      "f1": 0.6666666666666666
    },
    {
      "auc": 0.9043062200956937,
      "pr_auc": 0.8906810580723625,
      "accuracy": 0.8333333333333334,
      "precision": 0.875,
      "recall": 0.6363636363636364,
      "f1": 0.7368421052631579
    },
    {
      "auc": 0.8263157894736843,
      "pr_auc": 0.6439565826330532,
      "accuracy": 0.6896551724137931,
      "precision": 0.5454545454545454,
      "recall": 0.6,
      "f1": 0.5714285714285714
    },
    {
      "auc": 0.9157894736842105,
      "pr_auc": 0.8915508021390374,
      "accuracy": 0.7931034482758621,
      "precision": 0.7,
      "recall": 0.7,
      "f1": 0.7
    },
    {
      "auc": 0.8947368421052632,
      "pr_auc": 0.8186561099718994,
      "accuracy": 0.896551724137931,
      "precision": 0.8181818181818182,
      "recall": 0.9,
      "f1": 0.8571428571428571
    },
    {
      "auc": 0.8789473684210527,
      "pr_auc": 0.778560606060606,
      "accuracy": 0.8275862068965517,
      "precision": 0.7272727272727273,
      "recall": 0.8,
      "f1": 0.7619047619047619
    },
    {
      "auc": 0.9040404040404041,
      "pr_auc": 0.9174825174825176,
      "accuracy": 0.8620689655172413,
      "precision": 0.8181818181818182,
      "recall": 0.8181818181818182,
      "f1": 0.8181818181818182
    },
    {
      "auc": 0.9494949494949494,
      "pr_auc": 0.9508264462809919,
      "accuracy": 0.896551724137931,
      "precision": 0.8333333333333334,
      "recall": 0.9090909090909091,
      "f1": 0.8695652173913043
    }
  ],
  "scenario": 3,
  "n_samples": 294,
  "minority_pct": 36.05
}