{
  "model": "lightgbm",
  "dataset": "hungarian",
  "feature_set": "raw",
  "tuning": "competition",
  "imbalance": "native",
  "n_folds": 10,
  "oof_auc": 0.8795162585307106,
  "oof_pr_auc": 0.8445299332805587,
  "mean_fold_auc": 0.8776342371079213,
  "std_fold_auc": 0.04169408028424684,
  "metrics": {
    "auc": 0.8795162585307106,
    "pr_auc": 0.8445299332805587,
    "accuracy": 0.8027210884353742,
    "precision": 0.6875,
    "recall": 0.8301886792452831,
    "f1": 0.7521367521367521,
    "threshold": 0.46976479653888403
  },
  "runtime_s": 5.77,
  "best_params": {
    "n_estimators": 10000,
    "learning_rate": 0.02,
    "num_leaves": 15,
    "max_depth": -1,
    "min_child_samples": 55,
    "subsample": 0.8061521649345637,
    "colsample_bytree": 0.8404556263256399,
    "reg_alpha": 0.0,
    "reg_lambda": 2.082111807343839,
    "objective": "binary",
    "random_state": 42,
    "n_jobs": -1,
    "verbosity": -1
  },
  "per_fold_params": [
    {
      "n_estimators": 10000,
      "learning_rate": 0.02,
      "num_leaves": 15,
      "max_depth": -1,
      "min_child_samples": 55,
      "subsample": 0.8061521649345637,
      "colsample_bytree": 0.8404556263256399,
      "reg_alpha": 0.0,
      "reg_lambda": 2.082111807343839,
      "objective": "binary",
      "random_state": 42,
      "n_jobs": -1,
      "verbosity": -1
    },
    {
      "n_estimators": 10000,
      "learning_rate": 0.02,
      "num_leaves": 15,
      "max_depth": -1,
      "min_child_samples": 55,
      "subsample": 0.8061521649345637,
      "colsample_bytree": 0.8404556263256399,
      "reg_alpha": 0.0,
      "reg_lambda": 2.082111807343839,
      "objective": "binary",
      "random_state": 42,
      "n_jobs": -1,
      "verbosity": -1
    },
    {
      "n_estimators": 10000,
      "learning_rate": 0.02,
      "num_leaves": 15,
      "max_depth": -1,
      "min_child_samples": 55,
      "subsample": 0.8061521649345637,
      "colsample_bytree": 0.8404556263256399,
      "reg_alpha": 0.0,
      "reg_lambda": 2.082111807343839,
      "objective": "binary",
      "random_state": 42,
      "n_jobs": -1,
      "verbosity": -1
    },
    {
      "n_estimators": 10000,
      "learning_rate": 0.02,
      "num_leaves": 15,
      "max_depth": -1,
      "min_child_samples": 55,
      "subsample": 0.8061521649345637,
      "colsample_bytree": 0.8404556263256399,
      "reg_alpha": 0.0,
      "reg_lambda": 2.082111807343839,
      "objective": "binary",
      "random_state": 42,
      "n_jobs": -1,
      "verbosity": -1
    },
    {
      "n_estimators": 10000,
      "learning_rate": 0.02,
      "num_leaves": 15,
      "max_depth": -1,
      "min_child_samples": 55,
      "subsample": 0.8061521649345637,
      "colsample_bytree": 0.8404556263256399,
      "reg_alpha": 0.0,
      "reg_lambda": 2.082111807343839,
      "objective": "binary",
      "random_state": 42,
      "n_jobs": -1,
      "verbosity": -1
    },
    {
      "n_estimators": 10000,
      "learning_rate": 0.02,
      "num_leaves": 15,
      "max_depth": -1,
      "min_child_samples": 55,
      "subsample": 0.8061521649345637,
      "colsample_bytree": 0.8404556263256399,
      "reg_alpha": 0.0,
      "reg_lambda": 2.082111807343839,
      "objective": "binary",
      "random_state": 42,
      "n_jobs": -1,
      "verbosity": -1
    },
    {
      "n_estimators": 10000,
      "learning_rate": 0.02,
      "num_leaves": 15,
      "max_depth": -1,
      "min_child_samples": 55,
      "subsample": 0.8061521649345637,
      "colsample_bytree": 0.8404556263256399,
      "reg_alpha": 0.0,
      "reg_lambda": 2.082111807343839,
      "objective": "binary",
      "random_state": 42,
      "n_jobs": -1,
      "verbosity": -1
    },
    {
      "n_estimators": 10000,
      "learning_rate": 0.02,
      "num_leaves": 15,
      "max_depth": -1,
      "min_child_samples": 55,
      "subsample": 0.8061521649345637,
      "colsample_bytree": 0.8404556263256399,
      "reg_alpha": 0.0,
      "reg_lambda": 2.082111807343839,
      "objective": "binary",
      "random_state": 42,
      "n_jobs": -1,
      "verbosity": -1
    },
    {
      "n_estimators": 10000,
      "learning_rate": 0.02,
      "num_leaves": 15,
      "max_depth": -1,
      "min_child_samples": 55,
      "subsample": 0.8061521649345637,
      "colsample_bytree": 0.8404556263256399,
      "reg_alpha": 0.0,
      "reg_lambda": 2.082111807343839,
      "objective": "binary",
      "random_state": 42,
      "n_jobs": -1,
      "verbosity": -1
    },
    {
      "n_estimators": 10000,
      "learning_rate": 0.02,
      "num_leaves": 15,
      "max_depth": -1,
      "min_child_samples": 55,
      "subsample": 0.8061521649345637,
      "colsample_bytree": 0.8404556263256399,
      "reg_alpha": 0.0,
      "reg_lambda": 2.082111807343839,
      "objective": "binary",
      "random_state": 42,
      "n_jobs": -1,
      "verbosity": -1
    }
  ],
  "fold_metrics": [
    {
      "auc": 0.8277511961722488,
      "pr_auc": 0.8239413364413364,
      "accuracy": 0.7,
      "precision": 0.5625,
      "recall": 0.8181818181818182,
      "f1": 0.6666666666666666
    },
    {
      "auc": 0.84688995215311,
      "pr_auc": 0.8624754033844944,
      "accuracy": 0.8,
      "precision": 0.7777777777777778,
      "recall": 0.6363636363636364,
      "f1": 0.7
    },
    {
      "auc": 0.8803827751196172,
      "pr_auc": 0.8666207529843895,
      "accuracy": 0.8,
      "precision": 0.6923076923076923,
      "recall": 0.8181818181818182,
      "f1": 0.75
    },
    {
      "auc": 0.9138755980861244,
      "pr_auc": 0.9105866355866357,
      "accuracy": 0.9,
      "precision": 0.9,
      "recall": 0.8181818181818182,
      "f1": 0.8571428571428571
    },
    {
      "auc": 0.8,
      "pr_auc": 0.6373540266922619,
      "accuracy": 0.7241379310344828,
      "precision": 0.5625,
      "recall": 0.9,
      "f1": 0.6923076923076923
    },
    {
      "auc": 0.9315789473684211,
      "pr_auc": 0.887608225108225,
      "accuracy": 0.8275862068965517,
      "precision": 0.6666666666666666,
      "recall": 1.0,
      "f1": 0.8
    },
    {
      "auc": 0.8631578947368421,
      "pr_auc": 0.8003996003996003,
      "accuracy": 0.7586206896551724,
      "precision": 0.6363636363636364,
      "recall": 0.7,
      "f1": 0.6666666666666666
    },
    {
      "auc": 0.8894736842105263,
      "pr_auc": 0.8364529914529913,
      "accuracy": 0.8275862068965517,
      "precision": 0.6923076923076923,
      "recall": 0.9,
      "f1": 0.782608695652174
    },
    {
      "auc": 0.888888888888889,
      "pr_auc": 0.8838744588744589,
      "accuracy": 0.7931034482758621,
      "precision": 0.6923076923076923,
      "recall": 0.8181818181818182,
      "f1": 0.75
    },
    {
      "auc": 0.9343434343434343,
      "pr_auc": 0.916015417331207,
      "accuracy": 0.896551724137931,
      "precision": 0.8333333333333334,
      "recall": 0.9090909090909091,
      "f1": 0.8695652173913043
    }
  ],
  "scenario": 3,
  "n_samples": 294,
  "minority_pct": 36.05
}