{
  "model": "lightgbm",
  "dataset": "cleveland",
  "feature_set": "raw",
  "tuning": "competition",
  "imbalance": "smote",
  "scenario": 3,
  "n_folds": 10,
  "oof_auc": 0.9151605544832427,
  "oof_pr_auc": 0.91390091022529,
  "mean_fold_auc": 0.9216346153846153,
  "std_fold_auc": 0.035352919404471,
  "metrics": {
    "auc": 0.9151605544832427,
    "pr_auc": 0.91390091022529,
    "accuracy": 0.8382838283828383,
    "precision": 0.835820895522388,
    "recall": 0.8057553956834532,
    "f1": 0.8205128205128205,
    "threshold": 0.5830768680165455
  },
  "runtime_s": 4.19,
  "best_params": {
    "n_estimators": 10000,
    "learning_rate": 0.02,
    "num_leaves": 15,
    "max_depth": -1,
    "min_child_samples": 55,
    "subsample": 0.8061521649345637,
    "colsample_bytree": 0.8404556263256399,
    "reg_alpha": 0.0,
    "reg_lambda": 2.082111807343839,
    "objective": "binary",
    "random_state": 42,
    "n_jobs": -1,
    "verbosity": -1
  },
  "per_fold_params": [
    {
      "n_estimators": 10000,
      "learning_rate": 0.02,
      "num_leaves": 15,
      "max_depth": -1,
      "min_child_samples": 55,
      "subsample": 0.8061521649345637,
      "colsample_bytree": 0.8404556263256399,
      "reg_alpha": 0.0,
      "reg_lambda": 2.082111807343839,
      "objective": "binary",
      "random_state": 42,
      "n_jobs": -1,
      "verbosity": -1
    },
    {
      "n_estimators": 10000,
      "learning_rate": 0.02,
      "num_leaves": 15,
      "max_depth": -1,
      "min_child_samples": 55,
      "subsample": 0.8061521649345637,
      "colsample_bytree": 0.8404556263256399,
      "reg_alpha": 0.0,
      "reg_lambda": 2.082111807343839,
      "objective": "binary",
      "random_state": 42,
      "n_jobs": -1,
      "verbosity": -1
    },
    {
      "n_estimators": 10000,
      "learning_rate": 0.02,
      "num_leaves": 15,
      "max_depth": -1,
      "min_child_samples": 55,
      "subsample": 0.8061521649345637,
      "colsample_bytree": 0.8404556263256399,
      "reg_alpha": 0.0,
      "reg_lambda": 2.082111807343839,
      "objective": "binary",
      "random_state": 42,
      "n_jobs": -1,
      "verbosity": -1
    },
    {
      "n_estimators": 10000,
      "learning_rate": 0.02,
      "num_leaves": 15,
      "max_depth": -1,
      "min_child_samples": 55,
      "subsample": 0.8061521649345637,
      "colsample_bytree": 0.8404556263256399,
      "reg_alpha": 0.0,
      "reg_lambda": 2.082111807343839,
      "objective": "binary",
      "random_state": 42,
      "n_jobs": -1,
      "verbosity": -1
    },
    {
      "n_estimators": 10000,
      "learning_rate": 0.02,
      "num_leaves": 15,
      "max_depth": -1,
      "min_child_samples": 55,
      "subsample": 0.8061521649345637,
      "colsample_bytree": 0.8404556263256399,
      "reg_alpha": 0.0,
      "reg_lambda": 2.082111807343839,
      "objective": "binary",
      "random_state": 42,
      "n_jobs": -1,
      "verbosity": -1
    },
    {
      "n_estimators": 10000,
      "learning_rate": 0.02,
      "num_leaves": 15,
      "max_depth": -1,
      "min_child_samples": 55,
      "subsample": 0.8061521649345637,
      "colsample_bytree": 0.8404556263256399,
      "reg_alpha": 0.0,
      "reg_lambda": 2.082111807343839,
      "objective": "binary",
      "random_state": 42,
      "n_jobs": -1,
      "verbosity": -1
    },
    {
      "n_estimators": 10000,
      "learning_rate": 0.02,
      "num_leaves": 15,
      "max_depth": -1,
      "min_child_samples": 55,
      "subsample": 0.8061521649345637,
      "colsample_bytree": 0.8404556263256399,
      "reg_alpha": 0.0,
      "reg_lambda": 2.082111807343839,
      "objective": "binary",
      "random_state": 42,
      "n_jobs": -1,
      "verbosity": -1
    },
    {
      "n_estimators": 10000,
      "learning_rate": 0.02,
      "num_leaves": 15,
      "max_depth": -1,
      "min_child_samples": 55,
      "subsample": 0.8061521649345637,
      "colsample_bytree": 0.8404556263256399,
      "reg_alpha": 0.0,
      "reg_lambda": 2.082111807343839,
      "objective": "binary",
      "random_state": 42,
      "n_jobs": -1,
      "verbosity": -1
    },
    {
      "n_estimators": 10000,
      "learning_rate": 0.02,
      "num_leaves": 15,
      "max_depth": -1,
      "min_child_samples": 55,
      "subsample": 0.8061521649345637,
      "colsample_bytree": 0.8404556263256399,
      "reg_alpha": 0.0,
      "reg_lambda": 2.082111807343839,
      "objective": "binary",
      "random_state": 42,
      "n_jobs": -1,
      "verbosity": -1
    },
    {
      "n_estimators": 10000,
      "learning_rate": 0.02,
      "num_leaves": 15,
      "max_depth": -1,
      "min_child_samples": 55,
      "subsample": 0.8061521649345637,
      "colsample_bytree": 0.8404556263256399,
      "reg_alpha": 0.0,
      "reg_lambda": 2.082111807343839,
      "objective": "binary",
      "random_state": 42,
      "n_jobs": -1,
      "verbosity": -1
    }
  ],
  "fold_metrics": [
    {
      "auc": 0.953781512605042,
      "pr_auc": 0.9614531431301616,
      "accuracy": 0.8709677419354839,
      "precision": 0.8125,
      "recall": 0.9285714285714286,
      "f1": 0.8666666666666667
    },
    {
      "auc": 0.9663865546218486,
      "pr_auc": 0.9646540802555839,
      "accuracy": 0.9032258064516129,
      "precision": 0.9230769230769231,
      "recall": 0.8571428571428571,
      "f1": 0.8888888888888888
    },
    {
      "auc": 0.8865546218487395,
      "pr_auc": 0.8210859402035873,
      "accuracy": 0.8064516129032258,
      "precision": 0.75,
      "recall": 0.8571428571428571,
      "f1": 0.8
    },
    {
      "auc": 0.918552036199095,
      "pr_auc": 0.9019825825255687,
      "accuracy": 0.8333333333333334,
      "precision": 0.8333333333333334,
      "recall": 0.7692307692307693,
      "f1": 0.8
    },
    {
      "auc": 0.9375,
      "pr_auc": 0.9484527506654834,
      "accuracy": 0.8333333333333334,
      "precision": 0.8,
      "recall": 0.8571428571428571,
      "f1": 0.8275862068965517
    },
    {
      "auc": 0.8839285714285715,
      "pr_auc": 0.8997281488352915,
      "accuracy": 0.8333333333333334,
      "precision": 0.9090909090909091,
      "recall": 0.7142857142857143,
      "f1": 0.8
    },
    {
      "auc": 0.9553571428571428,
      "pr_auc": 0.955873374991022,
      "accuracy": 0.8666666666666667,
      "precision": 1.0,
      "recall": 0.7142857142857143,
      "f1": 0.8333333333333334
    },
    {
      "auc": 0.9151785714285714,
      "pr_auc": 0.9263760049474334,
      "accuracy": 0.8,
      "precision": 0.75,
      "recall": 0.8571428571428571,
      "f1": 0.8
    },
    {
      "auc": 0.9464285714285715,
      "pr_auc": 0.9596415489272632,
      "accuracy": 0.8666666666666667,
      "precision": 0.9166666666666666,
      "recall": 0.7857142857142857,
      "f1": 0.8461538461538461
    },
    {
      "auc": 0.8526785714285714,
      "pr_auc": 0.8438556890060649,
      "accuracy": 0.7666666666666667,
      "precision": 0.7692307692307693,
      "recall": 0.7142857142857143,
      "f1": 0.7407407407407407
    }
  ],
  "n_samples": 303,
  "prevalence": 45.9
}