{
  "model": "lightgbm",
  "dataset": "cleveland",
  "tuning": "competition",
  "imbalance": "native",
  "n_folds": 10,
  "oof_auc": 0.9116950342165292,
  "oof_pr_auc": 0.9087812269543373,
  "mean_fold_auc": 0.9171965901745314,
  "std_fold_auc": 0.03752850154184209,
  "metrics": {
    "auc": 0.9116950342165292,
    "pr_auc": 0.9087812269543373,
    "accuracy": 0.8448844884488449,
    "precision": 0.8333333333333334,
    "recall": 0.8273381294964028,
    "f1": 0.8303249097472925,
    "threshold": 0.5046979254162117
  },
  "runtime_s": 4.24,
  "best_params": {
    "n_estimators": 10000,
    "learning_rate": 0.02,
    "num_leaves": 15,
    "max_depth": -1,
    "min_child_samples": 55,
    "subsample": 0.8061521649345637,
    "colsample_bytree": 0.8404556263256399,
    "reg_alpha": 0.0,
    "reg_lambda": 2.082111807343839,
    "objective": "binary",
    "n_jobs": -1,
    "verbosity": -1,
    "is_unbalance": true
  },
  "per_fold_params": [
    {
      "n_estimators": 10000,
      "learning_rate": 0.02,
      "num_leaves": 15,
      "max_depth": -1,
      "min_child_samples": 55,
      "subsample": 0.8061521649345637,
      "colsample_bytree": 0.8404556263256399,
      "reg_alpha": 0.0,
      "reg_lambda": 2.082111807343839,
      "objective": "binary",
      "n_jobs": -1,
      "verbosity": -1,
      "is_unbalance": true
    },
    {
      "n_estimators": 10000,
      "learning_rate": 0.02,
      "num_leaves": 15,
      "max_depth": -1,
      "min_child_samples": 55,
      "subsample": 0.8061521649345637,
      "colsample_bytree": 0.8404556263256399,
      "reg_alpha": 0.0,
      "reg_lambda": 2.082111807343839,
      "objective": "binary",
      "n_jobs": -1,
      "verbosity": -1,
      "is_unbalance": true
    },
    {
      "n_estimators": 10000,
      "learning_rate": 0.02,
      "num_leaves": 15,
      "max_depth": -1,
      "min_child_samples": 55,
      "subsample": 0.8061521649345637,
      "colsample_bytree": 0.8404556263256399,
      "reg_alpha": 0.0,
      "reg_lambda": 2.082111807343839,
      "objective": "binary",
      "n_jobs": -1,
      "verbosity": -1,
      "is_unbalance": true
    },
    {
      "n_estimators": 10000,
      "learning_rate": 0.02,
      "num_leaves": 15,
      "max_depth": -1,
      "min_child_samples": 55,
      "subsample": 0.8061521649345637,
      "colsample_bytree": 0.8404556263256399,
      "reg_alpha": 0.0,
      "reg_lambda": 2.082111807343839,
      "objective": "binary",
      "n_jobs": -1,
      "verbosity": -1,
      "is_unbalance": true
    },
    {
      "n_estimators": 10000,
      "learning_rate": 0.02,
      "num_leaves": 15,
      "max_depth": -1,
      "min_child_samples": 55,
      "subsample": 0.8061521649345637,
      "colsample_bytree": 0.8404556263256399,
      "reg_alpha": 0.0,
      "reg_lambda": 2.082111807343839,
      "objective": "binary",
      "n_jobs": -1,
      "verbosity": -1,
      "is_unbalance": true
    },
    {
      "n_estimators": 10000,
      "learning_rate": 0.02,
      "num_leaves": 15,
      "max_depth": -1,
      "min_child_samples": 55,
      "subsample": 0.8061521649345637,
      "colsample_bytree": 0.8404556263256399,
      "reg_alpha": 0.0,
      "reg_lambda": 2.082111807343839,
      "objective": "binary",
      "n_jobs": -1,
      "verbosity": -1,
      "is_unbalance": true
    },
    {
      "n_estimators": 10000,
      "learning_rate": 0.02,
      "num_leaves": 15,
      "max_depth": -1,
      "min_child_samples": 55,
      "subsample": 0.8061521649345637,
      "colsample_bytree": 0.8404556263256399,
      "reg_alpha": 0.0,
      "reg_lambda": 2.082111807343839,
      "objective": "binary",
      "n_jobs": -1,
      "verbosity": -1,
      "is_unbalance": true
    },
    {
      "n_estimators": 10000,
      "learning_rate": 0.02,
      "num_leaves": 15,
      "max_depth": -1,
      "min_child_samples": 55,
      "subsample": 0.8061521649345637,
      "colsample_bytree": 0.8404556263256399,
      "reg_alpha": 0.0,
      "reg_lambda": 2.082111807343839,
      "objective": "binary",
      "n_jobs": -1,
      "verbosity": -1,
      "is_unbalance": true
    },
    {
      "n_estimators": 10000,
      "learning_rate": 0.02,
      "num_leaves": 15,
      "max_depth": -1,
      "min_child_samples": 55,
      "subsample": 0.8061521649345637,
      "colsample_bytree": 0.8404556263256399,
      "reg_alpha": 0.0,
      "reg_lambda": 2.082111807343839,
      "objective": "binary",
      "n_jobs": -1,
      "verbosity": -1,
      "is_unbalance": true
    },
    {
      "n_estimators": 10000,
      "learning_rate": 0.02,
      "num_leaves": 15,
      "max_depth": -1,
      "min_child_samples": 55,
      "subsample": 0.8061521649345637,
      "colsample_bytree": 0.8404556263256399,
      "reg_alpha": 0.0,
      "reg_lambda": 2.082111807343839,
      "objective": "binary",
      "n_jobs": -1,
      "verbosity": -1,
      "is_unbalance": true
    }
  ],
  "fold_metrics": [
    {
      "auc": 0.9453781512605042,
      "pr_auc": 0.953689167974882,
      "accuracy": 0.8709677419354839,
      "precision": 0.8125,
      "recall": 0.9285714285714286,
      "f1": 0.8666666666666667
    },
    {
      "auc": 0.9621848739495799,
      "pr_auc": 0.9655939298796441,
      "accuracy": 0.9032258064516129,
      "precision": 0.8666666666666667,
      "recall": 0.9285714285714286,
      "f1": 0.896551724137931
    },
    {
      "auc": 0.8949579831932772,
      "pr_auc": 0.8284897850687325,
      "accuracy": 0.8387096774193549,
      "precision": 0.8,
      "recall": 0.8571428571428571,
      "f1": 0.8275862068965517
    },
    {
      "auc": 0.918552036199095,
      "pr_auc": 0.9019825825255687,
      "accuracy": 0.8666666666666667,
      "precision": 0.8461538461538461,
      "recall": 0.8461538461538461,
      "f1": 0.8461538461538461
    },
    {
      "auc": 0.9330357142857143,
      "pr_auc": 0.9420634920634918,
      "accuracy": 0.8,
      "precision": 0.75,
      "recall": 0.8571428571428571,
      "f1": 0.8
    },
    {
      "auc": 0.8526785714285715,
      "pr_auc": 0.8319024840866336,
      "accuracy": 0.8333333333333334,
      "precision": 0.9090909090909091,
      "recall": 0.7142857142857143,
      "f1": 0.8
    },
    {
      "auc": 0.9553571428571428,
      "pr_auc": 0.9596840659340657,
      "accuracy": 0.9,
      "precision": 1.0,
      "recall": 0.7857142857142857,
      "f1": 0.88
    },
    {
      "auc": 0.8660714285714286,
      "pr_auc": 0.8788964141448612,
      "accuracy": 0.7666666666666667,
      "precision": 0.7058823529411765,
      "recall": 0.8571428571428571,
      "f1": 0.7741935483870968
    },
    {
      "auc": 0.9553571428571428,
      "pr_auc": 0.9634294277151418,
      "accuracy": 0.8666666666666667,
      "precision": 0.9166666666666666,
      "recall": 0.7857142857142857,
      "f1": 0.8461538461538461
    },
    {
      "auc": 0.8883928571428571,
      "pr_auc": 0.8929784034826049,
      "accuracy": 0.8,
      "precision": 0.8333333333333334,
      "recall": 0.7142857142857143,
      "f1": 0.7692307692307693
    }
  ],
  "n_samples": 303,
  "prevalence": 45.9
}