{
  "model": "lightgbm",
  "dataset": "switzerland",
  "feature_set": "raw",
  "tuning": "dataset",
  "imbalance": "smote",
  "n_folds": 15,
  "oof_auc": 0.7728260869565218,
  "oof_pr_auc": 0.9737650304769206,
  "mean_fold_auc": 0.7942028985507246,
  "std_fold_auc": 0.21382828924649705,
  "metrics": {
    "auc": 0.7728260869565218,
    "pr_auc": 0.9737650304769206,
    "accuracy": 0.8780487804878049,
    "precision": 0.9629629629629629,
    "recall": 0.9043478260869565,
    "f1": 0.9327354260089686,
    "threshold": 0.5868448049681687
  },
  "runtime_s": 1843.28,
  "best_params": {
    "n_estimators": 1163,
    "learning_rate": 0.001067090453177061,
    "num_leaves": 226,
    "max_depth": 6,
    "min_child_samples": 29,
    "subsample": 0.6198775028451312,
    "colsample_bytree": 0.6529562104315985,
    "reg_alpha": 0.013653035060441217,
    "reg_lambda": 5.735755230515177e-05,
    "objective": "binary",
    "random_state": 42,
    "n_jobs": -1,
    "verbosity": -1
  },
  "per_fold_params": [
    {
      "n_estimators": 1163,
      "learning_rate": 0.001067090453177061,
      "num_leaves": 226,
      "max_depth": 6,
      "min_child_samples": 29,
      "subsample": 0.6198775028451312,
      "colsample_bytree": 0.6529562104315985,
      "reg_alpha": 0.013653035060441217,
      "reg_lambda": 5.735755230515177e-05,
      "objective": "binary",
      "random_state": 42,
      "n_jobs": -1,
      "verbosity": -1
    },
    {
      "n_estimators": 2877,
      "learning_rate": 0.1022724243152648,
      "num_leaves": 19,
      "max_depth": 16,
      "min_child_samples": 14,
      "subsample": 0.8164666804726247,
      "colsample_bytree": 0.5562232581739122,
      "reg_alpha": 18.8225885915757,
      "reg_lambda": 2.3921815196154785e-05,
      "objective": "binary",
      "random_state": 42,
      "n_jobs": -1,
      "verbosity": -1
    },
    {
      "n_estimators": 850,
      "learning_rate": 0.019740799600801467,
      "num_leaves": 95,
      "max_depth": 2,
      "min_child_samples": 14,
      "subsample": 0.6014687965000836,
      "colsample_bytree": 0.7275946483614439,
      "reg_alpha": 0.8825700026437656,
      "reg_lambda": 80.95185589646968,
      "objective": "binary",
      "random_state": 42,
      "n_jobs": -1,
      "verbosity": -1
    },
    {
      "n_estimators": 3122,
      "learning_rate": 0.03918059119365498,
      "num_leaves": 48,
      "max_depth": 5,
      "min_child_samples": 6,
      "subsample": 0.631548673288165,
      "colsample_bytree": 0.8079262399103747,
      "reg_alpha": 0.15640728076879565,
      "reg_lambda": 0.00282528160367912,
      "objective": "binary",
      "random_state": 42,
      "n_jobs": -1,
      "verbosity": -1
    },
    {
      "n_estimators": 1009,
      "learning_rate": 0.010690065218414315,
      "num_leaves": 191,
      "max_depth": 2,
      "min_child_samples": 21,
      "subsample": 0.5534830704365449,
      "colsample_bytree": 0.9348005059706426,
      "reg_alpha": 5.004780463076016,
      "reg_lambda": 6.848456813433786e-07,
      "objective": "binary",
      "random_state": 42,
      "n_jobs": -1,
      "verbosity": -1
    },
    {
      "n_estimators": 1008,
      "learning_rate": 0.002699882668861589,
      "num_leaves": 84,
      "max_depth": 14,
      "min_child_samples": 39,
      "subsample": 0.5679925779027204,
      "colsample_bytree": 0.7217114961250475,
      "reg_alpha": 1.1158107736619494,
      "reg_lambda": 4.599454349302537e-06,
      "objective": "binary",
      "random_state": 42,
      "n_jobs": -1,
      "verbosity": -1
    },
    {
      "n_estimators": 699,
      "learning_rate": 0.026343146664339647,
      "num_leaves": 21,
      "max_depth": 13,
      "min_child_samples": 33,
      "subsample": 0.9162196939407342,
      "colsample_bytree": 0.9490822063078261,
      "reg_alpha": 1.441490166347928e-06,
      "reg_lambda": 88.65129833750292,
      "objective": "binary",
      "random_state": 42,
      "n_jobs": -1,
      "verbosity": -1
    },
    {
      "n_estimators": 3148,
      "learning_rate": 0.006639894151569073,
      "num_leaves": 364,
      "max_depth": 4,
      "min_child_samples": 14,
      "subsample": 0.5002941572727864,
      "colsample_bytree": 0.5088990223383529,
      "reg_alpha": 12.371085669559612,
      "reg_lambda": 0.001714865299072746,
      "objective": "binary",
      "random_state": 42,
      "n_jobs": -1,
      "verbosity": -1
    },
    {
      "n_estimators": 366,
      "learning_rate": 0.012038163556951642,
      "num_leaves": 274,
      "max_depth": 5,
      "min_child_samples": 44,
      "subsample": 0.8997944751343938,
      "colsample_bytree": 0.691042881768926,
      "reg_alpha": 1.1370489808347202,
      "reg_lambda": 1.3883584427453337,
      "objective": "binary",
      "random_state": 42,
      "n_jobs": -1,
      "verbosity": -1
    },
    {
      "n_estimators": 774,
      "learning_rate": 0.0030229409858848035,
      "num_leaves": 458,
      "max_depth": -1,
      "min_child_samples": 38,
      "subsample": 0.5032173815847283,
      "colsample_bytree": 0.8455381712474564,
      "reg_alpha": 0.0021964968371316713,
      "reg_lambda": 2.241391443817642e-07,
      "objective": "binary",
      "random_state": 42,
      "n_jobs": -1,
      "verbosity": -1
    },
    {
      "n_estimators": 2578,
      "learning_rate": 0.001635703166732235,
      "num_leaves": 176,
      "max_depth": 2,
      "min_child_samples": 37,
      "subsample": 0.9544441398582737,
      "colsample_bytree": 0.6737960322882149,
      "reg_alpha": 5.6514799163527734e-05,
      "reg_lambda": 0.00015334172091438047,
      "objective": "binary",
      "random_state": 42,
      "n_jobs": -1,
      "verbosity": -1
    },
    {
      "n_estimators": 407,
      "learning_rate": 0.007119100752734019,
      "num_leaves": 448,
      "max_depth": 3,
      "min_child_samples": 5,
      "subsample": 0.9983882218277502,
      "colsample_bytree": 0.6885880605789279,
      "reg_alpha": 0.0003360014287758681,
      "reg_lambda": 2.3377297172656827e-05,
      "objective": "binary",
      "random_state": 42,
      "n_jobs": -1,
      "verbosity": -1
    },
    {
      "n_estimators": 3787,
      "learning_rate": 0.0012797785620523208,
      "num_leaves": 90,
      "max_depth": 4,
      "min_child_samples": 37,
      "subsample": 0.7404404814299446,
      "colsample_bytree": 0.5621894915460683,
      "reg_alpha": 1.3941623612652688e-08,
      "reg_lambda": 67.92450653680429,
      "objective": "binary",
      "random_state": 42,
      "n_jobs": -1,
      "verbosity": -1
    },
    {
      "n_estimators": 2194,
      "learning_rate": 0.02676530666030753,
      "num_leaves": 503,
      "max_depth": 5,
      "min_child_samples": 6,
      "subsample": 0.8002469125756898,
      "colsample_bytree": 0.6686170869236059,
      "reg_alpha": 2.6278823290191747e-06,
      "reg_lambda": 6.90453932961471,
      "objective": "binary",
      "random_state": 42,
      "n_jobs": -1,
      "verbosity": -1
    },
    {
      "n_estimators": 1254,
      "learning_rate": 0.02874100869033191,
      "num_leaves": 149,
      "max_depth": 5,
      "min_child_samples": 22,
      "subsample": 0.8712014605969144,
      "colsample_bytree": 0.5138435595742015,
      "reg_alpha": 5.224447501908016,
      "reg_lambda": 8.303440155901015e-06,
      "objective": "binary",
      "random_state": 42,
      "n_jobs": -1,
      "verbosity": -1
    }
  ],
  "fold_metrics": [
    {
      "auc": 1.0,
      "pr_auc": 1.0,
      "accuracy": 0.96,
      "precision": 0.9583333333333334,
      "recall": 1.0,
      "f1": 0.9787234042553191
    },
    {
      "auc": 0.7934782608695652,
      "pr_auc": 0.9788901601830664,
      "accuracy": 0.76,
      "precision": 0.9473684210526315,
      "recall": 0.782608695652174,
      "f1": 0.8571428571428571
    },
    {
      "auc": 0.8804347826086957,
      "pr_auc": 0.988504897748754,
      "accuracy": 0.88,
      "precision": 0.9166666666666666,
      "recall": 0.9565217391304348,