{
  "model": "lightgbm",
  "dataset": "va_longbeach",
  "feature_set": "raw",
  "tuning": "dataset",
  "imbalance": "native",
  "n_folds": 15,
  "oof_auc": 0.7058823529411765,
  "oof_pr_auc": 0.8720342021456629,
  "mean_fold_auc": 0.6820292580982237,
  "std_fold_auc": 0.08938992947231827,
  "metrics": {
    "auc": 0.7058823529411765,
    "pr_auc": 0.8720342021456629,
    "accuracy": 0.77,
    "precision": 0.7696335078534031,
    "recall": 0.9865771812080537,
    "f1": 0.8647058823529412,
    "threshold": 0.6616858219806345
  },
  "runtime_s": 1295.75,
  "best_params": {
    "n_estimators": 3424,
    "learning_rate": 0.00222805787869007,
    "num_leaves": 451,
    "max_depth": 11,
    "min_child_samples": 33,
    "subsample": 0.5789798181158677,
    "colsample_bytree": 0.5419202635695287,
    "reg_alpha": 1.3077972944964438e-06,
    "reg_lambda": 3.3044718516076964e-08,
    "objective": "binary",
    "random_state": 42,
    "n_jobs": -1,
    "verbosity": -1
  },
  "per_fold_params": [
    {
      "n_estimators": 3088,
      "learning_rate": 0.040727075051306086,
      "num_leaves": 389,
      "max_depth": 5,
      "min_child_samples": 20,
      "subsample": 0.6452743223619697,
      "colsample_bytree": 0.5403789541254224,
      "reg_alpha": 0.3494674513539509,
      "reg_lambda": 0.0015724093024343207,
      "objective": "binary",
      "random_state": 42,
      "n_jobs": -1,
      "verbosity": -1
    },
    {
      "n_estimators": 3015,
      "learning_rate": 0.00810572450902105,
      "num_leaves": 414,
      "max_depth": 3,
      "min_child_samples": 10,
      "subsample": 0.9333243204496001,
      "colsample_bytree": 0.6105144979421857,
      "reg_alpha": 0.0001121745873184608,
      "reg_lambda": 1.448654134301562e-05,
      "objective": "binary",
      "random_state": 42,
      "n_jobs": -1,
      "verbosity": -1
    },
    {
      "n_estimators": 3759,
      "learning_rate": 0.0025089093528712645,
      "num_leaves": 351,
      "max_depth": 10,
      "min_child_samples": 18,
      "subsample": 0.6781028360139216,
      "colsample_bytree": 0.9161597068565545,
      "reg_alpha": 0.008293613287196657,
      "reg_lambda": 1.863462989911584e-08,
      "objective": "binary",
      "random_state": 42,
      "n_jobs": -1,
      "verbosity": -1
    },
    {
      "n_estimators": 464,
      "learning_rate": 0.19245949684231056,
      "num_leaves": 53,
      "max_depth": 5,
      "min_child_samples": 6,
      "subsample": 0.9697140943012393,
      "colsample_bytree": 0.766126907309487,
      "reg_alpha": 0.18803648891010863,
      "reg_lambda": 4.5305367769330195e-05,
      "objective": "binary",
      "random_state": 42,
      "n_jobs": -1,
      "verbosity": -1
    },
    {
      "n_estimators": 3439,
      "learning_rate": 0.08733780212178117,
      "num_leaves": 336,
      "max_depth": 4,
      "min_child_samples": 6,
      "subsample": 0.544611058392154,
      "colsample_bytree": 0.9538112206562818,
      "reg_alpha": 2.4998571284676517e-08,
      "reg_lambda": 6.018984704874296e-07,
      "objective": "binary",
      "random_state": 42,
      "n_jobs": -1,
      "verbosity": -1
    },
    {
      "n_estimators": 3721,
      "learning_rate": 0.0076257458381692135,
      "num_leaves": 291,
      "max_depth": 11,
      "min_child_samples": 22,
      "subsample": 0.6943064403641906,
      "colsample_bytree": 0.7472268332855078,
      "reg_alpha": 0.0031257983931788267,
      "reg_lambda": 4.057042222574686e-05,
      "objective": "binary",
      "random_state": 42,
      "n_jobs": -1,
      "verbosity": -1
    },
    {
      "n_estimators": 3321,
      "learning_rate": 0.00931564616511517,
      "num_leaves": 433,
      "max_depth": 3,
      "min_child_samples": 30,
      "subsample": 0.9998366186720956,
      "colsample_bytree": 0.7529792919491147,
      "reg_alpha": 0.22040911168765684,
      "reg_lambda": 0.00027268638488381754,
      "objective": "binary",
      "random_state": 42,
      "n_jobs": -1,
      "verbosity": -1
    },
    {
      "n_estimators": 3424,
      "learning_rate": 0.00222805787869007,
      "num_leaves": 451,
      "max_depth": 11,
      "min_child_samples": 33,
      "subsample": 0.5789798181158677,
      "colsample_bytree": 0.5419202635695287,
      "reg_alpha": 1.3077972944964438e-06,
      "reg_lambda": 3.3044718516076964e-08,
      "objective": "binary",
      "random_state": 42,
      "n_jobs": -1,
      "verbosity": -1
    },
    {
      "n_estimators": 2345,
      "learning_rate": 0.0025182070510249266,
      "num_leaves": 38,
      "max_depth": 3,
      "min_child_samples": 9,
      "subsample": 0.5556191751088685,
      "colsample_bytree": 0.8738111842344147,
      "reg_alpha": 0.0002671812638803845,
      "reg_lambda": 0.5490332374566532,
      "objective": "binary",
      "random_state": 42,
      "n_jobs": -1,
      "verbosity": -1
    },
    {
      "n_estimators": 1138,
      "learning_rate": 0.02165520487948067,
      "num_leaves": 222,
      "max_depth": 15,
      "min_child_samples": 7,
      "subsample": 0.6985801227853622,
      "colsample_bytree": 0.952503485132572,
      "reg_alpha": 5.542811274503812e-06,
      "reg_lambda": 1.981218412641957e-08,
      "objective": "binary",
      "random_state": 42,
      "n_jobs": -1,
      "verbosity": -1
    },
    {
      "n_estimators": 742,
      "learning_rate": 0.05285651732286284,
      "num_leaves": 274,
      "max_depth": 8,
      "min_child_samples": 11,
      "subsample": 0.6266272788306323,
      "colsample_bytree": 0.5869217520422105,
      "reg_alpha": 0.19031564602657686,
      "reg_lambda": 0.12328842633911924,
      "objective": "binary",
      "random_state": 42,
      "n_jobs": -1,
      "verbosity": -1
    },
    {
      "n_estimators": 1006,
      "learning_rate": 0.07882888739518759,
      "num_leaves": 288,
      "max_depth": 6,
      "min_child_samples": 9,
      "subsample": 0.9218904413448369,
      "colsample_bytree": 0.5265144177571226,
      "reg_alpha": 0.00015007617750134494,
      "reg_lambda": 3.63774751021562e-07,
      "objective": "binary",
      "random_state": 42,
      "n_jobs": -1,
      "verbosity": -1
    },
    {
      "n_estimators": 1218,
      "learning_rate": 0.045222492238204876,
      "num_leaves": 362,
      "max_depth": 0,
      "min_child_samples": 21,
      "subsample": 0.8185573250701944,
      "colsample_bytree": 0.5546550458865025,
      "reg_alpha": 0.006609256983619664,
      "reg_lambda": 8.868200840696791e-06,
      "objective": "binary",
      "random_state": 42,
      "n_jobs": -1,
      "verbosity": -1
    },
    {
      "n_estimators": 1219,
      "learning_rate": 0.010936565560713506,
      "num_leaves": 304,
      "max_depth": 15,
      "min_child_samples": 20,
      "subsample": 0.9041449020787039,
      "colsample_bytree": 0.937478098372445,
      "reg_alpha": 0.0008333685666195347,
      "reg_lambda": 0.0001130154147501039,
      "objective": "binary",
      "random_state": 42,
      "n_jobs": -1,
      "verbosity": -1
    },
    {
      "n_estimators": 3942,
      "learning_rate": 0.0058504816971412885,
      "num_leaves": 350,
      "max_depth": 2,
      "min_child_samples": 39,
      "subsample": 0.9066829765910303,
      "colsample_bytree": 0.6239247767556305,
      "reg_alpha": 0.00038557889239981314,
      "reg_lambda": 5.929447320431618,
      "objective": "binary",
      "random_state": 42,
      "n_jobs": -1,
      "verbosity": -1
    }
  ],
  "fold_metrics": [
    {
      "auc": 0.7566666666666667,
      "pr_auc": 0.9120931282999597,
      "accuracy": 0.775,
      "precision": 0.7692307692307693,
      "recall": 1.0,
      "f1": 0.8695652173913043
    },
    {
      "auc": 0.6466666666666666,
      "pr_auc": 0.8357532742836726,
      "accuracy": 0.75,
      "precision": 0.75,
      "recall": 1.0,
      "f1": 0.8571428571428571
    },
    {
      "auc": 0.78,
      "pr_auc": 0.9253381102066728,
      "accuracy": 0.775,
      "precision": 0.7837837837837838,