{
  "model": "lightgbm",
  "dataset": "va_longbeach",
  "feature_set": "raw",
  "tuning": "dataset",
  "imbalance": "smote",
  "n_folds": 15,
  "oof_auc": 0.7144361100144756,
  "oof_pr_auc": 0.884305710280409,
  "mean_fold_auc": 0.6895036572622779,
  "std_fold_auc": 0.07243549762356749,
  "metrics": {
    "auc": 0.7144361100144756,
    "pr_auc": 0.884305710280409,
    "accuracy": 0.685,
    "precision": 0.8161764705882353,
    "recall": 0.7449664429530202,
    "f1": 0.7789473684210526,
    "threshold": 0.5973909240104078
  },
  "runtime_s": 2476.36,
  "best_params": {
    "n_estimators": 1809,
    "learning_rate": 0.00634548639729515,
    "num_leaves": 248,
    "max_depth": 8,
    "min_child_samples": 67,
    "subsample": 0.623491010164975,
    "colsample_bytree": 0.7335876376335734,
    "reg_alpha": 0.08562310609978198,
    "reg_lambda": 1.308351118021319,
    "objective": "binary",
    "random_state": 42,
    "n_jobs": -1,
    "verbosity": -1
  },
  "per_fold_params": [
    {
      "n_estimators": 1100,
      "learning_rate": 0.009473585514310483,
      "num_leaves": 433,
      "max_depth": -1,
      "min_child_samples": 68,
      "subsample": 0.7410080095779427,
      "colsample_bytree": 0.664609407316277,
      "reg_alpha": 0.0013273502720206282,
      "reg_lambda": 3.836214194113323e-05,
      "objective": "binary",
      "random_state": 42,
      "n_jobs": -1,
      "verbosity": -1
    },
    {
      "n_estimators": 1292,
      "learning_rate": 0.0013158132052837194,
      "num_leaves": 509,
      "max_depth": 16,
      "min_child_samples": 22,
      "subsample": 0.8386224670374003,
      "colsample_bytree": 0.510251924185128,
      "reg_alpha": 1.277584558247851,
      "reg_lambda": 4.5670662391603474e-07,
      "objective": "binary",
      "random_state": 42,
      "n_jobs": -1,
      "verbosity": -1
    },
    {
      "n_estimators": 3279,
      "learning_rate": 0.007386592987243634,
      "num_leaves": 272,
      "max_depth": 0,
      "min_child_samples": 73,
      "subsample": 0.5362539066988181,
      "colsample_bytree": 0.9413057909649398,
      "reg_alpha": 0.182212507919133,
      "reg_lambda": 2.1560663642835394,
      "objective": "binary",
      "random_state": 42,
      "n_jobs": -1,
      "verbosity": -1
    },
    {
      "n_estimators": 3963,
      "learning_rate": 0.015254394266738086,
      "num_leaves": 146,
      "max_depth": 9,
      "min_child_samples": 31,
      "subsample": 0.691575500481883,
      "colsample_bytree": 0.8932961728458035,
      "reg_alpha": 9.788443649249484e-07,
      "reg_lambda": 4.513711320781281e-08,
      "objective": "binary",
      "random_state": 42,
      "n_jobs": -1,
      "verbosity": -1
    },
    {
      "n_estimators": 3483,
      "learning_rate": 0.10138743068005147,
      "num_leaves": 166,
      "max_depth": 14,
      "min_child_samples": 27,
      "subsample": 0.6082588367411126,
      "colsample_bytree": 0.7500220609432019,
      "reg_alpha": 7.499615187589576e-07,
      "reg_lambda": 0.003337990251525017,
      "objective": "binary",
      "random_state": 42,
      "n_jobs": -1,
      "verbosity": -1
    },
    {
      "n_estimators": 538,
      "learning_rate": 0.033888905588452985,
      "num_leaves": 477,
      "max_depth": 2,
      "min_child_samples": 30,
      "subsample": 0.8140143651816486,
      "colsample_bytree": 0.919601367850332,
      "reg_alpha": 2.766934160630719e-05,
      "reg_lambda": 5.596230107836584e-07,
      "objective": "binary",
      "random_state": 42,
      "n_jobs": -1,
      "verbosity": -1
    },
    {
      "n_estimators": 3212,
      "learning_rate": 0.19415683937299363,
      "num_leaves": 233,
      "max_depth": 1,
      "min_child_samples": 60,
      "subsample": 0.9015394927028083,
      "colsample_bytree": 0.6530013256112306,
      "reg_alpha": 9.219432652866893e-07,
      "reg_lambda": 0.651130654421139,
      "objective": "binary",
      "random_state": 42,
      "n_jobs": -1,
      "verbosity": -1
    },
    {
      "n_estimators": 1809,
      "learning_rate": 0.00634548639729515,
      "num_leaves": 248,
      "max_depth": 8,
      "min_child_samples": 67,
      "subsample": 0.623491010164975,
      "colsample_bytree": 0.7335876376335734,
      "reg_alpha": 0.08562310609978198,
      "reg_lambda": 1.308351118021319,
      "objective": "binary",
      "random_state": 42,
      "n_jobs": -1,
      "verbosity": -1
    },
    {
      "n_estimators": 2143,
      "learning_rate": 0.018193677979373272,
      "num_leaves": 473,
      "max_depth": 2,
      "min_child_samples": 18,
      "subsample": 0.9109203227029801,
      "colsample_bytree": 0.7776072759377902,
      "reg_alpha": 7.63647169889305e-06,
      "reg_lambda": 1.5823780492214157e-05,
      "objective": "binary",
      "random_state": 42,
      "n_jobs": -1,
      "verbosity": -1
    },
    {
      "n_estimators": 2500,
      "learning_rate": 0.004479560251692768,
      "num_leaves": 409,
      "max_depth": 2,
      "min_child_samples": 8,
      "subsample": 0.7478689001735397,
      "colsample_bytree": 0.6811249830385807,
      "reg_alpha": 8.00958975152034e-06,
      "reg_lambda": 1.4294021477285939e-08,
      "objective": "binary",
      "random_state": 42,
      "n_jobs": -1,
      "verbosity": -1
    },
    {
      "n_estimators": 2323,
      "learning_rate": 0.14204800335116563,
      "num_leaves": 215,
      "max_depth": 6,
      "min_child_samples": 22,
      "subsample": 0.829320789017759,
      "colsample_bytree": 0.6322961339289425,
      "reg_alpha": 0.0023277586567867327,
      "reg_lambda": 1.8962250922142861e-06,
      "objective": "binary",
      "random_state": 42,
      "n_jobs": -1,
      "verbosity": -1
    },
    {
      "n_estimators": 2442,
      "learning_rate": 0.15202732349507853,
      "num_leaves": 131,
      "max_depth": 3,
      "min_child_samples": 9,
      "subsample": 0.9557534187633026,
      "colsample_bytree": 0.8125358444141326,
      "reg_alpha": 0.009805145433355748,
      "reg_lambda": 89.20235560487129,
      "objective": "binary",
      "random_state": 42,
      "n_jobs": -1,
      "verbosity": -1
    },
    {
      "n_estimators": 3579,
      "learning_rate": 0.03968036376759719,
      "num_leaves": 64,
      "max_depth": 11,
      "min_child_samples": 21,
      "subsample": 0.5578071129827255,
      "colsample_bytree": 0.8633813288078486,
      "reg_alpha": 0.0057216520101374055,
      "reg_lambda": 0.01391000020518665,
      "objective": "binary",
      "random_state": 42,
      "n_jobs": -1,
      "verbosity": -1
    },
    {
      "n_estimators": 3505,
      "learning_rate": 0.005154221269968696,
      "num_leaves": 96,
      "max_depth": 0,
      "min_child_samples": 22,
      "subsample": 0.9143423514319319,
      "colsample_bytree": 0.9455054202515153,
      "reg_alpha": 5.4076848787175385e-08,
      "reg_lambda": 1.1655787676218512e-05,
      "objective": "binary",
      "random_state": 42,
      "n_jobs": -1,
      "verbosity": -1
    },
    {
      "n_estimators": 1100,
      "learning_rate": 0.044846242080182015,
      "num_leaves": 151,
      "max_depth": 5,
      "min_child_samples": 21,
      "subsample": 0.99375515938118,
      "colsample_bytree": 0.8228173847894766,
      "reg_alpha": 0.08060598250252181,
      "reg_lambda": 0.0001824196147254582,
      "objective": "binary",
      "random_state": 42,
      "n_jobs": -1,
      "verbosity": -1
    }
  ],
  "fold_metrics": [
    {
      "auc": 0.6733333333333333,
      "pr_auc": 0.799587591675827,
      "accuracy": 0.75,
      "precision": 0.8333333333333334,
      "recall": 0.8333333333333334,
      "f1": 0.8333333333333334
    },
    {
      "auc": 0.6666666666666667,
      "pr_auc": 0.8510541005798176,
      "accuracy": 0.75,
      "precision": 0.7941176470588235,
      "recall": 0.9,
      "f1": 0.84375
    },
    {
      "auc": 0.6133333333333333,
      "pr_auc": 0.8306304563889704,
      "accuracy": 0.6,
      "precision": 0.7692307692307693,