{
  "model": "lightgbm",
  "dataset": "hungarian",
  "feature_set": "raw",
  "tuning": "dataset",
  "imbalance": "native",
  "n_folds": 10,
  "oof_auc": 0.8846848655158572,
  "oof_pr_auc": 0.8470723031533642,
  "mean_fold_auc": 0.8786496544391282,
  "std_fold_auc": 0.053228712705054027,
  "metrics": {
    "auc": 0.8846848655158572,
    "pr_auc": 0.8470723031533642,
    "accuracy": 0.8061224489795918,
    "precision": 0.7024793388429752,
    "recall": 0.8018867924528302,
    "f1": 0.748898678414097,
    "threshold": 0.4438055781434867
  },
  "runtime_s": 3105.83,
  "best_params": {
    "n_estimators": 749,
    "learning_rate": 0.12533822461257513,
    "num_leaves": 373,
    "max_depth": 1,
    "min_child_samples": 6,
    "subsample": 0.5978749448418781,
    "colsample_bytree": 0.8345026202096645,
    "reg_alpha": 2.4265937026324473e-07,
    "reg_lambda": 1.6433724115899295e-05,
    "objective": "binary",
    "random_state": 42,
    "n_jobs": -1,
    "verbosity": -1
  },
  "per_fold_params": [
    {
      "n_estimators": 2632,
      "learning_rate": 0.006040914334438185,
      "num_leaves": 299,
      "max_depth": 2,
      "min_child_samples": 34,
      "subsample": 0.7096763211890255,
      "colsample_bytree": 0.8490576967148583,
      "reg_alpha": 0.001008317030592699,
      "reg_lambda": 3.330751050229697e-06,
      "objective": "binary",
      "random_state": 42,
      "n_jobs": -1,
      "verbosity": -1
    },
    {
      "n_estimators": 743,
      "learning_rate": 0.09629934991795312,
      "num_leaves": 433,
      "max_depth": 5,
      "min_child_samples": 5,
      "subsample": 0.9221631405628204,
      "colsample_bytree": 0.5378396254036386,
      "reg_alpha": 0.5550358573611277,
      "reg_lambda": 0.0074943927835585894,
      "objective": "binary",
      "random_state": 42,
      "n_jobs": -1,
      "verbosity": -1
    },
    {
      "n_estimators": 1062,
      "learning_rate": 0.0037631666043264236,
      "num_leaves": 187,
      "max_depth": 12,
      "min_child_samples": 50,
      "subsample": 0.688609831966471,
      "colsample_bytree": 0.7879091088136402,
      "reg_alpha": 0.5930609942358007,
      "reg_lambda": 0.0033962850157475168,
      "objective": "binary",
      "random_state": 42,
      "n_jobs": -1,
      "verbosity": -1
    },
    {
      "n_estimators": 2228,
      "learning_rate": 0.05945221028615604,
      "num_leaves": 311,
      "max_depth": 2,
      "min_child_samples": 37,
      "subsample": 0.6680562556574009,
      "colsample_bytree": 0.7700691597569786,
      "reg_alpha": 5.856638823720132e-07,
      "reg_lambda": 0.11482254407410064,
      "objective": "binary",
      "random_state": 42,
      "n_jobs": -1,
      "verbosity": -1
    },
    {
      "n_estimators": 1090,
      "learning_rate": 0.1683752701153211,
      "num_leaves": 476,
      "max_depth": 4,
      "min_child_samples": 41,
      "subsample": 0.7486477624335444,
      "colsample_bytree": 0.5041403039794874,
      "reg_alpha": 2.4560076806733135e-06,
      "reg_lambda": 0.022206157615711958,
      "objective": "binary",
      "random_state": 42,
      "n_jobs": -1,
      "verbosity": -1
    },
    {
      "n_estimators": 1512,
      "learning_rate": 0.06965438828996556,
      "num_leaves": 39,
      "max_depth": 3,
      "min_child_samples": 44,
      "subsample": 0.7685912704957549,
      "colsample_bytree": 0.8718187072166663,
      "reg_alpha": 0.006570514641447702,
      "reg_lambda": 0.5438612454966727,
      "objective": "binary",
      "random_state": 42,
      "n_jobs": -1,
      "verbosity": -1
    },
    {
      "n_estimators": 3317,
      "learning_rate": 0.02309372470245015,
      "num_leaves": 177,
      "max_depth": 5,
      "min_child_samples": 5,
      "subsample": 0.7824561842613527,
      "colsample_bytree": 0.8718955124400074,
      "reg_alpha": 0.004820238559036964,
      "reg_lambda": 0.0004274974248262819,
      "objective": "binary",
      "random_state": 42,
      "n_jobs": -1,
      "verbosity": -1
    },
    {
      "n_estimators": 635,
      "learning_rate": 0.0038782347222398187,
      "num_leaves": 322,
      "max_depth": 13,
      "min_child_samples": 5,
      "subsample": 0.8425527793238057,
      "colsample_bytree": 0.5685357873283259,
      "reg_alpha": 19.341455109809715,
      "reg_lambda": 0.01650532544237724,
      "objective": "binary",
      "random_state": 42,
      "n_jobs": -1,
      "verbosity": -1
    },
    {
      "n_estimators": 2069,
      "learning_rate": 0.1512580792937819,
      "num_leaves": 265,
      "max_depth": 9,
      "min_child_samples": 36,
      "subsample": 0.8367264221761235,
      "colsample_bytree": 0.9677213837049004,
      "reg_alpha": 0.08314339826118136,
      "reg_lambda": 0.735157791748801,
      "objective": "binary",
      "random_state": 42,
      "n_jobs": -1,
      "verbosity": -1
    },
    {
      "n_estimators": 749,
      "learning_rate": 0.12533822461257513,
      "num_leaves": 373,
      "max_depth": 1,
      "min_child_samples": 6,
      "subsample": 0.5978749448418781,
      "colsample_bytree": 0.8345026202096645,
      "reg_alpha": 2.4265937026324473e-07,
      "reg_lambda": 1.6433724115899295e-05,
      "objective": "binary",
      "random_state": 42,
      "n_jobs": -1,
      "verbosity": -1
    }
  ],
  "fold_metrics": [
    {
      "auc": 0.8516746411483253,
      "pr_auc": 0.8115343136395767,
      "accuracy": 0.8333333333333334,
      "precision": 0.8,
      "recall": 0.7272727272727273,
      "f1": 0.7619047619047619
    },
    {
      "auc": 0.8373205741626795,
      "pr_auc": 0.8452002542911634,
      "accuracy": 0.8,
      "precision": 0.7777777777777778,
      "recall": 0.6363636363636364,
      "f1": 0.7
    },
    {
      "auc": 0.8803827751196173,
      "pr_auc": 0.8657128444677852,
      "accuracy": 0.7333333333333333,
      "precision": 0.6,
      "recall": 0.8181818181818182,
      "f1": 0.6923076923076923
    },
    {
      "auc": 0.9282296650717703,
      "pr_auc": 0.9165390165390166,
      "accuracy": 0.9,
      "precision": 0.9,
      "recall": 0.8181818181818182,
      "f1": 0.8571428571428571
    },
    {
      "auc": 0.7868421052631579,
      "pr_auc": 0.6002292070674423,
      "accuracy": 0.6551724137931034,
      "precision": 0.5,
      "recall": 0.7,
      "f1": 0.5833333333333334
    },
    {
      "auc": 0.9263157894736842,
      "pr_auc": 0.8900641025641024,
      "accuracy": 0.7931034482758621,
      "precision": 0.6428571428571429,
      "recall": 0.9,
      "f1": 0.75
    },
    {
      "auc": 0.8631578947368421,
      "pr_auc": 0.8081288156288156,
      "accuracy": 0.7931034482758621,
      "precision": 0.6666666666666666,
      "recall": 0.8,
      "f1": 0.7272727272727273
    },
    {
      "auc": 0.8236842105263158,
      "pr_auc": 0.7174891774891775,
      "accuracy": 0.7241379310344828,
      "precision": 0.5714285714285714,
      "recall": 0.8,
      "f1": 0.6666666666666666
    },
    {
      "auc": 0.9242424242424242,
      "pr_auc": 0.9475524475524477,
      "accuracy": 0.9655172413793104,
      "precision": 1.0,
      "recall": 0.9090909090909091,
      "f1": 0.9523809523809523
    },
    {
      "auc": 0.9646464646464646,
      "pr_auc": 0.9461760461760462,
      "accuracy": 0.8620689655172413,
      "precision": 0.7692307692307693,
      "recall": 0.9090909090909091,
      "f1": 0.8333333333333334
    }
  ],
  "scenario": 3,
  "n_samples": 294,
  "minority_pct": 36.05
}