{
  "model": "lightgbm",
  "dataset": "hungarian",
  "feature_set": "raw",
  "tuning": "competition",
  "imbalance": "smote",
  "n_folds": 10,
  "oof_auc": 0.8834805299076677,
  "oof_pr_auc": 0.8442308835199019,
  "mean_fold_auc": 0.8875066454013822,
  "std_fold_auc": 0.038328064851344865,
  "metrics": {
    "auc": 0.8834805299076677,
    "pr_auc": 0.8442308835199019,
    "accuracy": 0.8231292517006803,
    "precision": 0.7547169811320755,
    "recall": 0.7547169811320755,
    "f1": 0.7547169811320755,
    "threshold": 0.3344753563395451
  },
  "runtime_s": 7.48,
  "best_params": {
    "n_estimators": 10000,
    "learning_rate": 0.02,
    "num_leaves": 15,
    "max_depth": -1,
    "min_child_samples": 55,
    "subsample": 0.8061521649345637,
    "colsample_bytree": 0.8404556263256399,
    "reg_alpha": 0.0,
    "reg_lambda": 2.082111807343839,
    "objective": "binary",
    "random_state": 42,
    "n_jobs": -1,
    "verbosity": -1
  },
  "per_fold_params": [
    {
      "n_estimators": 10000,
      "learning_rate": 0.02,
      "num_leaves": 15,
      "max_depth": -1,
      "min_child_samples": 55,
      "subsample": 0.8061521649345637,
      "colsample_bytree": 0.8404556263256399,
      "reg_alpha": 0.0,
      "reg_lambda": 2.082111807343839,
      "objective": "binary",
      "random_state": 42,
      "n_jobs": -1,
      "verbosity": -1
    },
    {
      "n_estimators": 10000,
      "learning_rate": 0.02,
      "num_leaves": 15,
      "max_depth": -1,
      "min_child_samples": 55,
      "subsample": 0.8061521649345637,
      "colsample_bytree": 0.8404556263256399,
      "reg_alpha": 0.0,
      "reg_lambda": 2.082111807343839,
      "objective": "binary",
      "random_state": 42,
      "n_jobs": -1,
      "verbosity": -1
    },
    {
      "n_estimators": 10000,
      "learning_rate": 0.02,
      "num_leaves": 15,
      "max_depth": -1,
      "min_child_samples": 55,
      "subsample": 0.8061521649345637,
      "colsample_bytree": 0.8404556263256399,
      "reg_alpha": 0.0,
      "reg_lambda": 2.082111807343839,
      "objective": "binary",
      "random_state": 42,
      "n_jobs": -1,
      "verbosity": -1
    },
    {
      "n_estimators": 10000,
      "learning_rate": 0.02,
      "num_leaves": 15,
      "max_depth": -1,
      "min_child_samples": 55,
      "subsample": 0.8061521649345637,
      "colsample_bytree": 0.8404556263256399,
      "reg_alpha": 0.0,
      "reg_lambda": 2.082111807343839,
      "objective": "binary",
      "random_state": 42,
      "n_jobs": -1,
      "verbosity": -1
    },
    {
      "n_estimators": 10000,
      "learning_rate": 0.02,
      "num_leaves": 15,
      "max_depth": -1,
      "min_child_samples": 55,
      "subsample": 0.8061521649345637,
      "colsample_bytree": 0.8404556263256399,
      "reg_alpha": 0.0,
      "reg_lambda": 2.082111807343839,
      "objective": "binary",
      "random_state": 42,
      "n_jobs": -1,
      "verbosity": -1
    },
    {
      "n_estimators": 10000,
      "learning_rate": 0.02,
      "num_leaves": 15,
      "max_depth": -1,
      "min_child_samples": 55,
      "subsample": 0.8061521649345637,
      "colsample_bytree": 0.8404556263256399,
      "reg_alpha": 0.0,
      "reg_lambda": 2.082111807343839,
      "objective": "binary",
      "random_state": 42,
      "n_jobs": -1,
      "verbosity": -1
    },
    {
      "n_estimators": 10000,
      "learning_rate": 0.02,
      "num_leaves": 15,
      "max_depth": -1,
      "min_child_samples": 55,
      "subsample": 0.8061521649345637,
      "colsample_bytree": 0.8404556263256399,
      "reg_alpha": 0.0,
      "reg_lambda": 2.082111807343839,
      "objective": "binary",
      "random_state": 42,
      "n_jobs": -1,
      "verbosity": -1
    },
    {
      "n_estimators": 10000,
      "learning_rate": 0.02,
      "num_leaves": 15,
      "max_depth": -1,
      "min_child_samples": 55,
      "subsample": 0.8061521649345637,
      "colsample_bytree": 0.8404556263256399,
      "reg_alpha": 0.0,
      "reg_lambda": 2.082111807343839,
      "objective": "binary",
      "random_state": 42,
      "n_jobs": -1,
      "verbosity": -1
    },
    {
      "n_estimators": 10000,
      "learning_rate": 0.02,
      "num_leaves": 15,
      "max_depth": -1,
      "min_child_samples": 55,
      "subsample": 0.8061521649345637,
      "colsample_bytree": 0.8404556263256399,
      "reg_alpha": 0.0,
      "reg_lambda": 2.082111807343839,
      "objective": "binary",
      "random_state": 42,
      "n_jobs": -1,
      "verbosity": -1
    },
    {
      "n_estimators": 10000,
      "learning_rate": 0.02,
      "num_leaves": 15,
      "max_depth": -1,
      "min_child_samples": 55,
      "subsample": 0.8061521649345637,
      "colsample_bytree": 0.8404556263256399,
      "reg_alpha": 0.0,
      "reg_lambda": 2.082111807343839,
      "objective": "binary",
      "random_state": 42,
      "n_jobs": -1,
      "verbosity": -1
    }
  ],
  "fold_metrics": [
    {
      "auc": 0.8325358851674641,
      "pr_auc": 0.8398792270531401,
      "accuracy": 0.7333333333333333,
      "precision": 0.6153846153846154,
      "recall": 0.7272727272727273,
      "f1": 0.6666666666666666
    },
    {
      "auc": 0.8564593301435407,
      "pr_auc": 0.877349250076523,
      "accuracy": 0.8666666666666667,
      "precision": 1.0,
      "recall": 0.6363636363636364,
      "f1": 0.7777777777777778
    },
    {
      "auc": 0.8803827751196173,
      "pr_auc": 0.8635404999041363,
      "accuracy": 0.8,
      "precision": 0.7272727272727273,
      "recall": 0.7272727272727273,
      "f1": 0.7272727272727273
    },
    {
      "auc": 0.8995215311004785,
      "pr_auc": 0.8875553958557911,
      "accuracy": 0.8333333333333334,
      "precision": 0.875,
      "recall": 0.6363636363636364,
      "f1": 0.7368421052631579
    },
    {
      "auc": 0.8210526315789474,
      "pr_auc": 0.6436449579831932,
      "accuracy": 0.7241379310344828,
      "precision": 0.5833333333333334,
      "recall": 0.7,
      "f1": 0.6363636363636364
    },
    {
      "auc": 0.9263157894736842,
      "pr_auc": 0.8976190476190475,
      "accuracy": 0.8275862068965517,
      "precision": 0.7777777777777778,
      "recall": 0.7,
      "f1": 0.7368421052631579
    },
    {
      "auc": 0.9052631578947369,
      "pr_auc": 0.8412751575909471,
      "accuracy": 0.8620689655172413,
      "precision": 0.75,
      "recall": 0.9,
      "f1": 0.8181818181818182
    },
    {
      "auc": 0.9,
      "pr_auc": 0.8098151848151848,
      "accuracy": 0.7931034482758621,
      "precision": 0.6666666666666666,
      "recall": 0.8,
      "f1": 0.7272727272727273
    },
    {
      "auc": 0.9040404040404041,
      "pr_auc": 0.9174825174825176,
      "accuracy": 0.8620689655172413,
      "precision": 0.8181818181818182,
      "recall": 0.8181818181818182,
      "f1": 0.8181818181818182
    },
    {
      "auc": 0.9494949494949494,
      "pr_auc": 0.9443671161374512,
      "accuracy": 0.9310344827586207,
      "precision": 0.9090909090909091,
      "recall": 0.9090909090909091,
      "f1": 0.9090909090909091
    }
  ],
  "scenario": 3,
  "n_samples": 294,
  "minority_pct": 36.05
}