{
  "model": "lightgbm",
  "dataset": "switzerland",
  "feature_set": "raw",
  "tuning": "dataset",
  "imbalance": "native",
  "n_folds": 15,
  "oof_auc": 0.758695652173913,
  "oof_pr_auc": 0.9750137815180716,
  "mean_fold_auc": 0.6847826086956523,
  "std_fold_auc": 0.24741893837154488,
  "metrics": {
    "auc": 0.758695652173913,
    "pr_auc": 0.9750137815180716,
    "accuracy": 0.9349593495934959,
    "precision": 0.9349593495934959,
    "recall": 1.0,
    "f1": 0.9663865546218487,
    "threshold": 0.8796540650306693
  },
  "runtime_s": 470.96,
  "best_params": {
    "n_estimators": 3612,
    "learning_rate": 0.017766854421585303,
    "num_leaves": 425,
    "max_depth": 9,
    "min_child_samples": 5,
    "subsample": 0.8139106912526812,
    "colsample_bytree": 0.8843074634434814,
    "reg_alpha": 1.580148870767751e-05,
    "reg_lambda": 1.8818784406868447e-08,
    "objective": "binary",
    "random_state": 42,
    "n_jobs": -1,
    "verbosity": -1
  },
  "per_fold_params": [
    {
      "n_estimators": 3535,
      "learning_rate": 0.06781341144556882,
      "num_leaves": 107,
      "max_depth": 10,
      "min_child_samples": 28,
      "subsample": 0.7257344800767591,
      "colsample_bytree": 0.5713533134513391,
      "reg_alpha": 2.0431176618353133e-05,
      "reg_lambda": 9.83889856482173e-05,
      "objective": "binary",
      "random_state": 42,
      "n_jobs": -1,
      "verbosity": -1
    },
    {
      "n_estimators": 3015,
      "learning_rate": 0.00810572450902105,
      "num_leaves": 414,
      "max_depth": 3,
      "min_child_samples": 10,
      "subsample": 0.9333243204496001,
      "colsample_bytree": 0.6105144979421857,
      "reg_alpha": 0.0001121745873184608,
      "reg_lambda": 1.448654134301562e-05,
      "objective": "binary",
      "random_state": 42,
      "n_jobs": -1,
      "verbosity": -1
    },
    {
      "n_estimators": 1336,
      "learning_rate": 0.09948369954354491,
      "num_leaves": 131,
      "max_depth": 4,
      "min_child_samples": 10,
      "subsample": 0.8270525553960436,
      "colsample_bytree": 0.5684296264434885,
      "reg_alpha": 1.0558157116920067e-05,
      "reg_lambda": 0.0003756772807148806,
      "objective": "binary",
      "random_state": 42,
      "n_jobs": -1,
      "verbosity": -1
    },
    {
      "n_estimators": 3222,
      "learning_rate": 0.025616262202819897,
      "num_leaves": 16,
      "max_depth": 5,
      "min_child_samples": 7,
      "subsample": 0.6285817951735722,
      "colsample_bytree": 0.8153042552291516,
      "reg_alpha": 0.13994305262095214,
      "reg_lambda": 0.0030984109841550402,
      "objective": "binary",
      "random_state": 42,
      "n_jobs": -1,
      "verbosity": -1
    },
    {
      "n_estimators": 840,
      "learning_rate": 0.006142995102488713,
      "num_leaves": 407,
      "max_depth": 10,
      "min_child_samples": 14,
      "subsample": 0.8174990899332395,
      "colsample_bytree": 0.7760089786107549,
      "reg_alpha": 0.6263026583862157,
      "reg_lambda": 4.5401981689082445e-07,
      "objective": "binary",
      "random_state": 42,
      "n_jobs": -1,
      "verbosity": -1
    },
    {
      "n_estimators": 3087,
      "learning_rate": 0.020969431231335406,
      "num_leaves": 458,
      "max_depth": -1,
      "min_child_samples": 6,
      "subsample": 0.5810550884046289,
      "colsample_bytree": 0.7889056229723701,
      "reg_alpha": 0.016030731486456035,
      "reg_lambda": 2.074659698656221e-08,
      "objective": "binary",
      "random_state": 42,
      "n_jobs": -1,
      "verbosity": -1
    },
    {
      "n_estimators": 2659,
      "learning_rate": 0.004098463142573486,
      "num_leaves": 173,
      "max_depth": 3,
      "min_child_samples": 13,
      "subsample": 0.7836081624981253,
      "colsample_bytree": 0.6068690820153217,
      "reg_alpha": 0.010417312799757989,
      "reg_lambda": 0.0021995793346730333,
      "objective": "binary",
      "random_state": 42,
      "n_jobs": -1,
      "verbosity": -1
    },
    {
      "n_estimators": 3612,
      "learning_rate": 0.017766854421585303,
      "num_leaves": 425,
      "max_depth": 9,
      "min_child_samples": 5,
      "subsample": 0.8139106912526812,
      "colsample_bytree": 0.8843074634434814,
      "reg_alpha": 1.580148870767751e-05,
      "reg_lambda": 1.8818784406868447e-08,
      "objective": "binary",
      "random_state": 42,
      "n_jobs": -1,
      "verbosity": -1
    },
    {
      "n_estimators": 436,
      "learning_rate": 0.014859220884403552,
      "num_leaves": 20,
      "max_depth": 6,
      "min_child_samples": 13,
      "subsample": 0.6086376176715603,
      "colsample_bytree": 0.675234734351429,
      "reg_alpha": 6.225055804006241,
      "reg_lambda": 0.11214995799601417,
      "objective": "binary",
      "random_state": 42,
      "n_jobs": -1,
      "verbosity": -1
    },
    {
      "n_estimators": 2937,
      "learning_rate": 0.001030902965548281,
      "num_leaves": 16,
      "max_depth": 14,
      "min_child_samples": 18,
      "subsample": 0.927627248497858,
      "colsample_bytree": 0.5058098441665432,
      "reg_alpha": 0.03865374479493704,
      "reg_lambda": 0.03169344222476442,
      "objective": "binary",
      "random_state": 42,
      "n_jobs": -1,
      "verbosity": -1
    },
    {
      "n_estimators": 3740,
      "learning_rate": 0.11236402423720103,
      "num_leaves": 175,
      "max_depth": 11,
      "min_child_samples": 10,
      "subsample": 0.6008919317167203,
      "colsample_bytree": 0.8615308833272417,
      "reg_alpha": 0.33120679393059516,
      "reg_lambda": 8.991067837245887e-06,
      "objective": "binary",
      "random_state": 42,
      "n_jobs": -1,
      "verbosity": -1
    },
    {
      "n_estimators": 3675,
      "learning_rate": 0.05264249721430342,
      "num_leaves": 240,
      "max_depth": 6,
      "min_child_samples": 7,
      "subsample": 0.9915091990330935,
      "colsample_bytree": 0.8670097639184964,
      "reg_alpha": 0.00023798281467336598,
      "reg_lambda": 3.889798641012579e-06,
      "objective": "binary",
      "random_state": 42,
      "n_jobs": -1,
      "verbosity": -1
    },
    {
      "n_estimators": 2117,
      "learning_rate": 0.020797868550882725,
      "num_leaves": 218,
      "max_depth": 5,
      "min_child_samples": 12,
      "subsample": 0.630714752903923,
      "colsample_bytree": 0.5168097655331243,
      "reg_alpha": 1.3224217873975493e-05,
      "reg_lambda": 0.0035467756122043175,
      "objective": "binary",
      "random_state": 42,
      "n_jobs": -1,
      "verbosity": -1
    },
    {
      "n_estimators": 1603,
      "learning_rate": 0.09889824413072286,
      "num_leaves": 213,
      "max_depth": 10,
      "min_child_samples": 6,
      "subsample": 0.9040422714946993,
      "colsample_bytree": 0.7148066510095793,
      "reg_alpha": 0.00385003985279966,
      "reg_lambda": 0.6181770838548143,
      "objective": "binary",
      "random_state": 42,
      "n_jobs": -1,
      "verbosity": -1
    },
    {
      "n_estimators": 1134,
      "learning_rate": 0.03641624012998708,
      "num_leaves": 316,
      "max_depth": 13,
      "min_child_samples": 14,
      "subsample": 0.6088961419922064,
      "colsample_bytree": 0.5066723711703327,
      "reg_alpha": 0.036704450116394005,
      "reg_lambda": 0.001477201895342142,
      "objective": "binary",
      "random_state": 42,
      "n_jobs": -1,
      "verbosity": -1
    }
  ],
  "fold_metrics": [
    {
      "auc": 0.5108695652173914,
      "pr_auc": 0.9167391304347827,
      "accuracy": 0.92,
      "precision": 0.92,
      "recall": 1.0,
      "f1": 0.9583333333333334
    },
    {
      "auc": 0.6956521739130435,
      "pr_auc": 0.9692989544174384,
      "accuracy": 0.92,
      "precision": 0.92,
      "recall": 1.0,
      "f1": 0.9583333333333334
    },
    {
      "auc": 0.8913043478260869,
      "pr_auc": 0.9826086956521739,
      "accuracy": 0.92,
      "precision": 0.92,
      "recall": 1.0,