{
  "model": "lightgbm",
  "dataset": "cleveland",
  "feature_set": "raw",
  "tuning": "dataset",
  "imbalance": "native",
  "n_folds": 10,
  "oof_auc": 0.9117389015616775,
  "oof_pr_auc": 0.9107759842980832,
  "mean_fold_auc": 0.9168370232708467,
  "std_fold_auc": 0.03653629742629976,
  "metrics": {
    "auc": 0.9117389015616775,
    "pr_auc": 0.9107759842980832,
    "accuracy": 0.8448844884488449,
    "precision": 0.8333333333333334,
    "recall": 0.8273381294964028,
    "f1": 0.8303249097472925,
    "threshold": 0.5077473962464528
  },
  "runtime_s": 8477.3,
  "best_params": {
    "n_estimators": 1137,
    "learning_rate": 0.024350680055611893,
    "num_leaves": 345,
    "max_depth": 6,
    "min_child_samples": 50,
    "subsample": 0.6327222499543095,
    "colsample_bytree": 0.6486435491283343,
    "reg_alpha": 0.5715090489685245,
    "reg_lambda": 2.519753901973195e-07,
    "objective": "binary",
    "random_state": 42,
    "n_jobs": -1,
    "verbosity": -1
  },
  "per_fold_params": [
    {
      "n_estimators": 3558,
      "learning_rate": 0.1804709463886644,
      "num_leaves": 140,
      "max_depth": 1,
      "min_child_samples": 10,
      "subsample": 0.8917116305123427,
      "colsample_bytree": 0.7734583640144738,
      "reg_alpha": 0.012520737824625613,
      "reg_lambda": 0.0650498413623576,
      "objective": "binary",
      "random_state": 42,
      "n_jobs": -1,
      "verbosity": -1
    },
    {
      "n_estimators": 1137,
      "learning_rate": 0.024350680055611893,
      "num_leaves": 345,
      "max_depth": 6,
      "min_child_samples": 50,
      "subsample": 0.6327222499543095,
      "colsample_bytree": 0.6486435491283343,
      "reg_alpha": 0.5715090489685245,
      "reg_lambda": 2.519753901973195e-07,
      "objective": "binary",
      "random_state": 42,
      "n_jobs": -1,
      "verbosity": -1
    },
    {
      "n_estimators": 1037,
      "learning_rate": 0.03162201371115392,
      "num_leaves": 488,
      "max_depth": 5,
      "min_child_samples": 37,
      "subsample": 0.8470674512792079,
      "colsample_bytree": 0.7554072834967722,
      "reg_alpha": 1.5834873273287177e-05,
      "reg_lambda": 0.0018733330391448293,
      "objective": "binary",
      "random_state": 42,
      "n_jobs": -1,
      "verbosity": -1
    },
    {
      "n_estimators": 435,
      "learning_rate": 0.015283742157215088,
      "num_leaves": 490,
      "max_depth": 14,
      "min_child_samples": 41,
      "subsample": 0.7512828079886806,
      "colsample_bytree": 0.5296348263062288,
      "reg_alpha": 7.742456659155252e-08,
      "reg_lambda": 0.00014864191713880723,
      "objective": "binary",
      "random_state": 42,
      "n_jobs": -1,
      "verbosity": -1
    },
    {
      "n_estimators": 3243,
      "learning_rate": 0.0011049841454809578,
      "num_leaves": 423,
      "max_depth": 15,
      "min_child_samples": 42,
      "subsample": 0.6989147888870745,
      "colsample_bytree": 0.5700155823020278,
      "reg_alpha": 5.107645755497286e-06,
      "reg_lambda": 0.0020109510614478685,
      "objective": "binary",
      "random_state": 42,
      "n_jobs": -1,
      "verbosity": -1
    },
    {
      "n_estimators": 1586,
      "learning_rate": 0.11896755193451299,
      "num_leaves": 510,
      "max_depth": 2,
      "min_child_samples": 53,
      "subsample": 0.5874890490193667,
      "colsample_bytree": 0.6119764426533583,
      "reg_alpha": 1.4726218419847158e-06,
      "reg_lambda": 0.04666843946225578,
      "objective": "binary",
      "random_state": 42,
      "n_jobs": -1,
      "verbosity": -1
    },
    {
      "n_estimators": 3598,
      "learning_rate": 0.030999310076941115,
      "num_leaves": 281,
      "max_depth": 7,
      "min_child_samples": 48,
      "subsample": 0.8372772945559374,
      "colsample_bytree": 0.5789505654163505,
      "reg_alpha": 9.29378122113273e-05,
      "reg_lambda": 0.7691176192478203,
      "objective": "binary",
      "random_state": 42,
      "n_jobs": -1,
      "verbosity": -1
    },
    {
      "n_estimators": 670,
      "learning_rate": 0.08027300779875995,
      "num_leaves": 346,
      "max_depth": 3,
      "min_child_samples": 53,
      "subsample": 0.5210816319894795,
      "colsample_bytree": 0.8424577957612214,
      "reg_alpha": 0.024214538234943118,
      "reg_lambda": 0.07994481063637554,
      "objective": "binary",
      "random_state": 42,
      "n_jobs": -1,
      "verbosity": -1
    },
    {
      "n_estimators": 952,
      "learning_rate": 0.16432579910131365,
      "num_leaves": 255,
      "max_depth": 10,
      "min_child_samples": 56,
      "subsample": 0.8328169160196656,
      "colsample_bytree": 0.9350282238175569,
      "reg_alpha": 1.1344356990991742e-05,
      "reg_lambda": 0.04977978671315807,
      "objective": "binary",
      "random_state": 42,
      "n_jobs": -1,
      "verbosity": -1
    },
    {
      "n_estimators": 3941,
      "learning_rate": 0.02248719608245773,
      "num_leaves": 321,
      "max_depth": 7,
      "min_child_samples": 53,
      "subsample": 0.6936841101504468,
      "colsample_bytree": 0.9948488791610418,
      "reg_alpha": 1.2316938567838251e-05,
      "reg_lambda": 1.1010568729589567,
      "objective": "binary",
      "random_state": 42,
      "n_jobs": -1,
      "verbosity": -1
    }
  ],
  "fold_metrics": [
    {
      "auc": 0.9159663865546218,
      "pr_auc": 0.9059683372183369,
      "accuracy": 0.8709677419354839,
      "precision": 0.8125,
      "recall": 0.9285714285714286,
      "f1": 0.8666666666666667
    },
    {
      "auc": 0.9705882352941175,
      "pr_auc": 0.9675780568637711,
      "accuracy": 0.9354838709677419,
      "precision": 0.9285714285714286,
      "recall": 0.9285714285714286,
      "f1": 0.9285714285714286
    },
    {
      "auc": 0.8991596638655461,
      "pr_auc": 0.8803064208139395,
      "accuracy": 0.8064516129032258,
      "precision": 0.75,
      "recall": 0.8571428571428571,
      "f1": 0.8
    },
    {
      "auc": 0.9049773755656109,
      "pr_auc": 0.8903801049311884,
      "accuracy": 0.8333333333333334,
      "precision": 0.8333333333333334,
      "recall": 0.7692307692307693,
      "f1": 0.8
    },
    {
      "auc": 0.9285714285714286,
      "pr_auc": 0.9393621084797554,
      "accuracy": 0.8,
      "precision": 0.75,
      "recall": 0.8571428571428571,
      "f1": 0.8
    },
    {
      "auc": 0.8839285714285714,
      "pr_auc": 0.8930255746432216,
      "accuracy": 0.8333333333333334,
      "precision": 0.9090909090909091,
      "recall": 0.7142857142857143,
      "f1": 0.8
    },
    {
      "auc": 0.9553571428571428,
      "pr_auc": 0.9617647058823529,
      "accuracy": 0.9,
      "precision": 1.0,
      "recall": 0.7857142857142857,
      "f1": 0.88
    },
    {
      "auc": 0.90625,
      "pr_auc": 0.9141965177679463,
      "accuracy": 0.8,
      "precision": 0.75,
      "recall": 0.8571428571428571,
      "f1": 0.8
    },
    {
      "auc": 0.9598214285714286,
      "pr_auc": 0.9666666666666666,
      "accuracy": 0.9,
      "precision": 0.9230769230769231,
      "recall": 0.8571428571428571,
      "f1": 0.8888888888888888
    },
    {
      "auc": 0.84375,
      "pr_auc": 0.8374306189780538,
      "accuracy": 0.7666666666666667,
      "precision": 0.7692307692307693,
      "recall": 0.7142857142857143,
      "f1": 0.7407407407407407
    }
  ],
  "scenario": 3,
  "n_samples": 303,
  "minority_pct": 45.87
}