{
  "model": "lightgbm",
  "dataset": "switzerland",
  "feature_set": "raw",
  "tuning": "competition",
  "imbalance": "smote",
  "n_folds": 15,
  "oof_auc": 0.7967391304347826,
  "oof_pr_auc": 0.9790888930266277,
  "mean_fold_auc": 0.7739130434782608,
  "std_fold_auc": 0.21337596061203276,
  "metrics": {
    "auc": 0.7967391304347826,
    "pr_auc": 0.9790888930266277,
    "accuracy": 0.8943089430894309,
    "precision": 0.9553571428571429,
    "recall": 0.9304347826086956,
    "f1": 0.9427312775330396,
    "threshold": 0.694173588158043
  },
  "runtime_s": 18.47,
  "best_params": {
    "n_estimators": 10000,
    "learning_rate": 0.02,
    "num_leaves": 15,
    "max_depth": -1,
    "min_child_samples": 55,
    "subsample": 0.8061521649345637,
    "colsample_bytree": 0.8404556263256399,
    "reg_alpha": 0.0,
    "reg_lambda": 2.082111807343839,
    "objective": "binary",
    "random_state": 42,
    "n_jobs": -1,
    "verbosity": -1
  },
  "per_fold_params": [
    {
      "n_estimators": 10000,
      "learning_rate": 0.02,
      "num_leaves": 15,
      "max_depth": -1,
      "min_child_samples": 55,
      "subsample": 0.8061521649345637,
      "colsample_bytree": 0.8404556263256399,
      "reg_alpha": 0.0,
      "reg_lambda": 2.082111807343839,
      "objective": "binary",
      "random_state": 42,
      "n_jobs": -1,
      "verbosity": -1
    },
    {
      "n_estimators": 10000,
      "learning_rate": 0.02,
      "num_leaves": 15,
      "max_depth": -1,
      "min_child_samples": 55,
      "subsample": 0.8061521649345637,
      "colsample_bytree": 0.8404556263256399,
      "reg_alpha": 0.0,
      "reg_lambda": 2.082111807343839,
      "objective": "binary",
      "random_state": 42,
      "n_jobs": -1,
      "verbosity": -1
    },
    {
      "n_estimators": 10000,
      "learning_rate": 0.02,
      "num_leaves": 15,
      "max_depth": -1,
      "min_child_samples": 55,
      "subsample": 0.8061521649345637,
      "colsample_bytree": 0.8404556263256399,
      "reg_alpha": 0.0,
      "reg_lambda": 2.082111807343839,
      "objective": "binary",
      "random_state": 42,
      "n_jobs": -1,
      "verbosity": -1
    },
    {
      "n_estimators": 10000,
      "learning_rate": 0.02,
      "num_leaves": 15,
      "max_depth": -1,
      "min_child_samples": 55,
      "subsample": 0.8061521649345637,
      "colsample_bytree": 0.8404556263256399,
      "reg_alpha": 0.0,
      "reg_lambda": 2.082111807343839,
      "objective": "binary",
      "random_state": 42,
      "n_jobs": -1,
      "verbosity": -1
    },
    {
      "n_estimators": 10000,
      "learning_rate": 0.02,
      "num_leaves": 15,
      "max_depth": -1,
      "min_child_samples": 55,
      "subsample": 0.8061521649345637,
      "colsample_bytree": 0.8404556263256399,
      "reg_alpha": 0.0,
      "reg_lambda": 2.082111807343839,
      "objective": "binary",
      "random_state": 42,
      "n_jobs": -1,
      "verbosity": -1
    },
    {
      "n_estimators": 10000,
      "learning_rate": 0.02,
      "num_leaves": 15,
      "max_depth": -1,
      "min_child_samples": 55,
      "subsample": 0.8061521649345637,
      "colsample_bytree": 0.8404556263256399,
      "reg_alpha": 0.0,
      "reg_lambda": 2.082111807343839,
      "objective": "binary",
      "random_state": 42,
      "n_jobs": -1,
      "verbosity": -1
    },
    {
      "n_estimators": 10000,
      "learning_rate": 0.02,
      "num_leaves": 15,
      "max_depth": -1,
      "min_child_samples": 55,
      "subsample": 0.8061521649345637,
      "colsample_bytree": 0.8404556263256399,
      "reg_alpha": 0.0,
      "reg_lambda": 2.082111807343839,
      "objective": "binary",
      "random_state": 42,
      "n_jobs": -1,
      "verbosity": -1
    },
    {
      "n_estimators": 10000,
      "learning_rate": 0.02,
      "num_leaves": 15,
      "max_depth": -1,
      "min_child_samples": 55,
      "subsample": 0.8061521649345637,
      "colsample_bytree": 0.8404556263256399,
      "reg_alpha": 0.0,
      "reg_lambda": 2.082111807343839,
      "objective": "binary",
      "random_state": 42,
      "n_jobs": -1,
      "verbosity": -1
    },
    {
      "n_estimators": 10000,
      "learning_rate": 0.02,
      "num_leaves": 15,
      "max_depth": -1,
      "min_child_samples": 55,
      "subsample": 0.8061521649345637,
      "colsample_bytree": 0.8404556263256399,
      "reg_alpha": 0.0,
      "reg_lambda": 2.082111807343839,
      "objective": "binary",
      "random_state": 42,
      "n_jobs": -1,
      "verbosity": -1
    },
    {
      "n_estimators": 10000,
      "learning_rate": 0.02,
      "num_leaves": 15,
      "max_depth": -1,
      "min_child_samples": 55,
      "subsample": 0.8061521649345637,
      "colsample_bytree": 0.8404556263256399,
      "reg_alpha": 0.0,
      "reg_lambda": 2.082111807343839,
      "objective": "binary",
      "random_state": 42,
      "n_jobs": -1,
      "verbosity": -1
    },
    {
      "n_estimators": 10000,
      "learning_rate": 0.02,
      "num_leaves": 15,
      "max_depth": -1,
      "min_child_samples": 55,
      "subsample": 0.8061521649345637,
      "colsample_bytree": 0.8404556263256399,
      "reg_alpha": 0.0,
      "reg_lambda": 2.082111807343839,
      "objective": "binary",
      "random_state": 42,
      "n_jobs": -1,
      "verbosity": -1
    },
    {
      "n_estimators": 10000,
      "learning_rate": 0.02,
      "num_leaves": 15,
      "max_depth": -1,
      "min_child_samples": 55,
      "subsample": 0.8061521649345637,
      "colsample_bytree": 0.8404556263256399,
      "reg_alpha": 0.0,
      "reg_lambda": 2.082111807343839,
      "objective": "binary",
      "random_state": 42,
      "n_jobs": -1,
      "verbosity": -1
    },
    {
      "n_estimators": 10000,
      "learning_rate": 0.02,
      "num_leaves": 15,
      "max_depth": -1,
      "min_child_samples": 55,
      "subsample": 0.8061521649345637,
      "colsample_bytree": 0.8404556263256399,
      "reg_alpha": 0.0,
      "reg_lambda": 2.082111807343839,
      "objective": "binary",
      "random_state": 42,
      "n_jobs": -1,
      "verbosity": -1
    },
    {
      "n_estimators": 10000,
      "learning_rate": 0.02,
      "num_leaves": 15,
      "max_depth": -1,
      "min_child_samples": 55,
      "subsample": 0.8061521649345637,
      "colsample_bytree": 0.8404556263256399,
      "reg_alpha": 0.0,
      "reg_lambda": 2.082111807343839,
      "objective": "binary",
      "random_state": 42,
      "n_jobs": -1,
      "verbosity": -1
    },
    {
      "n_estimators": 10000,
      "learning_rate": 0.02,
      "num_leaves": 15,
      "max_depth": -1,
      "min_child_samples": 55,
      "subsample": 0.8061521649345637,
      "colsample_bytree": 0.8404556263256399,
      "reg_alpha": 0.0,
      "reg_lambda": 2.082111807343839,
      "objective": "binary",
      "random_state": 42,
      "n_jobs": -1,
      "verbosity": -1
    }
  ],
  "fold_metrics": [
    {
      "auc": 0.9782608695652174,
      "pr_auc": 0.9981884057971016,
      "accuracy": 0.96,
      "precision": 1.0,
      "recall": 0.9565217391304348,
      "f1": 0.9777777777777777
    },
    {
      "auc": 0.6739130434782609,
      "pr_auc": 0.9588265250528152,
      "accuracy": 0.92,
      "precision": 0.9565217391304348,
      "recall": 0.9565217391304348,
      "f1": 0.9565217391304348
    },
    {
      "auc": 0.9021739130434783,
      "pr_auc": 0.9887025262072521,
      "accuracy": 0.88,
      "precision": 0.9545454545454546,
      "recall": 0.9130434782608695,
      "f1": 0.9333333333333333
    },
    {
      "auc": 0.5,
      "pr_auc": 0.9657331069021886,
      "accuracy": 0.7916666666666666,
      "precision": 0.95,
      "recall": 0.8260869565217391,
      "f1": 0.8837209302325582
    },
    {
      "auc": 0.9130434782608695,
      "pr_auc": 0.9962980466288595,
      "accuracy": 0.9166666666666666,
      "precision": 1.0,
      "recall": 0.9130434782608695,
      "f1": 0.9545454545454546
    },
    {
      "auc": 0.7391304347826086,