{
  "model": "lightgbm",
  "dataset": "cleveland",
  "feature_set": "raw",
  "tuning": "dataset",
  "imbalance": "smote",
  "n_folds": 10,
  "oof_auc": 0.9157308299701702,
  "oof_pr_auc": 0.9155771793366649,
  "mean_fold_auc": 0.9238344376212023,
  "std_fold_auc": 0.031228652702966184,
  "metrics": {
    "auc": 0.9157308299701702,
    "pr_auc": 0.9155771793366649,
    "accuracy": 0.8382838283828383,
    "precision": 0.835820895522388,
    "recall": 0.8057553956834532,
    "f1": 0.8205128205128205,
    "threshold": 0.37616363763124444
  },
  "runtime_s": 7934.54,
  "best_params": {
    "n_estimators": 2172,
    "learning_rate": 0.05086075943324952,
    "num_leaves": 156,
    "max_depth": 12,
    "min_child_samples": 46,
    "subsample": 0.8224852476977537,
    "colsample_bytree": 0.571018225739701,
    "reg_alpha": 2.0024388595754756e-06,
    "reg_lambda": 4.580176887792129e-07,
    "objective": "binary",
    "random_state": 42,
    "n_jobs": -1,
    "verbosity": -1
  },
  "per_fold_params": [
    {
      "n_estimators": 3337,
      "learning_rate": 0.0028828758338129536,
      "num_leaves": 437,
      "max_depth": 5,
      "min_child_samples": 33,
      "subsample": 0.5788369869122059,
      "colsample_bytree": 0.5797705201489722,
      "reg_alpha": 0.1915898886473665,
      "reg_lambda": 0.008339870605482025,
      "objective": "binary",
      "random_state": 42,
      "n_jobs": -1,
      "verbosity": -1
    },
    {
      "n_estimators": 1447,
      "learning_rate": 0.015915886121657164,
      "num_leaves": 503,
      "max_depth": 7,
      "min_child_samples": 59,
      "subsample": 0.5242940452731164,
      "colsample_bytree": 0.6604640301766842,
      "reg_alpha": 7.1880890307275065e-06,
      "reg_lambda": 0.0003484202286019781,
      "objective": "binary",
      "random_state": 42,
      "n_jobs": -1,
      "verbosity": -1
    },
    {
      "n_estimators": 3828,
      "learning_rate": 0.022546283459360075,
      "num_leaves": 341,
      "max_depth": -1,
      "min_child_samples": 42,
      "subsample": 0.7117790845008455,
      "colsample_bytree": 0.5237126773041404,
      "reg_alpha": 0.0013692701134025928,
      "reg_lambda": 3.872042447968086e-07,
      "objective": "binary",
      "random_state": 42,
      "n_jobs": -1,
      "verbosity": -1
    },
    {
      "n_estimators": 2486,
      "learning_rate": 0.046655080707707665,
      "num_leaves": 56,
      "max_depth": 2,
      "min_child_samples": 48,
      "subsample": 0.5715185897496009,
      "colsample_bytree": 0.5250677349177502,
      "reg_alpha": 1.082700591108784e-08,
      "reg_lambda": 1.0670713956939657e-07,
      "objective": "binary",
      "random_state": 42,
      "n_jobs": -1,
      "verbosity": -1
    },
    {
      "n_estimators": 3546,
      "learning_rate": 0.054350200824973834,
      "num_leaves": 30,
      "max_depth": 10,
      "min_child_samples": 44,
      "subsample": 0.9124142801140729,
      "colsample_bytree": 0.8249955692984766,
      "reg_alpha": 0.00027194656741827,
      "reg_lambda": 8.23512072924645e-08,
      "objective": "binary",
      "random_state": 42,
      "n_jobs": -1,
      "verbosity": -1
    },
    {
      "n_estimators": 3362,
      "learning_rate": 0.032160646601818,
      "num_leaves": 383,
      "max_depth": 12,
      "min_child_samples": 84,
      "subsample": 0.6174817154781678,
      "colsample_bytree": 0.5716115238916817,
      "reg_alpha": 1.7562798574784284e-07,
      "reg_lambda": 0.41568265100154556,
      "objective": "binary",
      "random_state": 42,
      "n_jobs": -1,
      "verbosity": -1
    },
    {
      "n_estimators": 2172,
      "learning_rate": 0.05086075943324952,
      "num_leaves": 156,
      "max_depth": 12,
      "min_child_samples": 46,
      "subsample": 0.8224852476977537,
      "colsample_bytree": 0.571018225739701,
      "reg_alpha": 2.0024388595754756e-06,
      "reg_lambda": 4.580176887792129e-07,
      "objective": "binary",
      "random_state": 42,
      "n_jobs": -1,
      "verbosity": -1
    },
    {
      "n_estimators": 3841,
      "learning_rate": 0.16027117068305916,
      "num_leaves": 168,
      "max_depth": 2,
      "min_child_samples": 47,
      "subsample": 0.5743027127264612,
      "colsample_bytree": 0.5232275450310007,
      "reg_alpha": 3.1392957523285274e-07,
      "reg_lambda": 1.6033619262817458e-05,
      "objective": "binary",
      "random_state": 42,
      "n_jobs": -1,
      "verbosity": -1
    },
    {
      "n_estimators": 3622,
      "learning_rate": 0.1314499093304563,
      "num_leaves": 447,
      "max_depth": 13,
      "min_child_samples": 54,
      "subsample": 0.516202771562481,
      "colsample_bytree": 0.6838621831784722,
      "reg_alpha": 6.351446330281469e-06,
      "reg_lambda": 7.4543287738195705,
      "objective": "binary",
      "random_state": 42,
      "n_jobs": -1,
      "verbosity": -1
    },
    {
      "n_estimators": 3660,
      "learning_rate": 0.12374207877025568,
      "num_leaves": 155,
      "max_depth": 8,
      "min_child_samples": 49,
      "subsample": 0.8036022439406367,
      "colsample_bytree": 0.796644642948037,
      "reg_alpha": 2.428056298213615e-07,
      "reg_lambda": 0.0002070506021707547,
      "objective": "binary",
      "random_state": 42,
      "n_jobs": -1,
      "verbosity": -1
    }
  ],
  "fold_metrics": [
    {
      "auc": 0.9369747899159664,
      "pr_auc": 0.9427738927738927,
      "accuracy": 0.8709677419354839,
      "precision": 0.8125,
      "recall": 0.9285714285714286,
      "f1": 0.8666666666666667
    },
    {
      "auc": 0.953781512605042,
      "pr_auc": 0.9614531431301616,
      "accuracy": 0.9354838709677419,
      "precision": 0.9285714285714286,
      "recall": 0.9285714285714286,
      "f1": 0.9285714285714286
    },
    {
      "auc": 0.9201680672268907,
      "pr_auc": 0.8925949885536351,
      "accuracy": 0.8387096774193549,
      "precision": 0.8,
      "recall": 0.8571428571428571,
      "f1": 0.8275862068965517
    },
    {
      "auc": 0.9140271493212669,
      "pr_auc": 0.8990586059173815,
      "accuracy": 0.8,
      "precision": 0.8181818181818182,
      "recall": 0.6923076923076923,
      "f1": 0.75
    },
    {
      "auc": 0.9241071428571428,
      "pr_auc": 0.9391456582633051,
      "accuracy": 0.8,
      "precision": 0.75,
      "recall": 0.8571428571428571,
      "f1": 0.8
    },
    {
      "auc": 0.875,
      "pr_auc": 0.8863509301317183,
      "accuracy": 0.8,
      "precision": 0.9,
      "recall": 0.6428571428571429,
      "f1": 0.75
    },
    {
      "auc": 0.9776785714285714,
      "pr_auc": 0.9812030075187967,
      "accuracy": 0.9,
      "precision": 1.0,
      "recall": 0.7857142857142857,
      "f1": 0.88
    },
    {
      "auc": 0.8973214285714286,
      "pr_auc": 0.91365182436611,
      "accuracy": 0.7666666666666667,
      "precision": 0.7058823529411765,
      "recall": 0.8571428571428571,
      "f1": 0.7741935483870968
    },
    {
      "auc": 0.9553571428571428,
      "pr_auc": 0.9611721611721611,
      "accuracy": 0.8666666666666667,
      "precision": 0.9166666666666666,
      "recall": 0.7857142857142857,
      "f1": 0.8461538461538461
    },
    {
      "auc": 0.8839285714285714,
      "pr_auc": 0.8889466813379856,
      "accuracy": 0.8,
      "precision": 0.8333333333333334,
      "recall": 0.7142857142857143,
      "f1": 0.7692307692307693
    }
  ],
  "scenario": 3,
  "n_samples": 303,
  "minority_pct": 45.87
}