{
  "model": "xgboost",
  "dataset": "hungarian",
  "feature_set": "raw",
  "tuning": "dataset",
  "imbalance": "native",
  "n_folds": 10,
  "oof_auc": 0.8734443998394218,
  "oof_pr_auc": 0.8237573229140212,
  "mean_fold_auc": 0.9076023391812866,
  "std_fold_auc": 0.06829205050861299,
  "metrics": {
    "auc": 0.8734443998394218,
    "pr_auc": 0.8237573229140212,
    "accuracy": 0.8299319727891157,
    "precision": 0.75,
    "recall": 0.7924528301886793,
    "f1": 0.7706422018348624,
    "threshold": 0.4900294244289398
  },
  "runtime_s": 3006.47,
  "best_params": {
    "objective": "binary:logistic",
    "eval_metric": "auc",
    "learning_rate": 0.02200650036734025,
    "max_depth": 3,
    "subsample": 0.5161168057335828,
    "colsample_bytree": 0.7581185991533113,
    "n_estimators": 1111,
    "n_jobs": -1,
    "random_state": 42,
    "verbosity": 0,
    "min_child_weight": 0.13025914961832616,
    "gamma": 0.8021305427610408,
    "reg_alpha": 0.0002063987227014764,
    "reg_lambda": 0.0019430647156767073,
    "early_stopping_rounds": 203
  },
  "per_fold_params": [
    {
      "objective": "binary:logistic",
      "eval_metric": "auc",
      "learning_rate": 0.0663999506088649,
      "max_depth": 4,
      "subsample": 0.990330160428653,
      "colsample_bytree": 0.5750292292075548,
      "n_estimators": 3812,
      "n_jobs": -1,
      "random_state": 42,
      "verbosity": 0,
      "min_child_weight": 0.17958466070288034,
      "gamma": 0.0007275256286551779,
      "reg_alpha": 0.00023728226208793432,
      "reg_lambda": 60.19494465389132,
      "early_stopping_rounds": 257
    },
    {
      "objective": "binary:logistic",
      "eval_metric": "auc",
      "learning_rate": 0.019591446770043704,
      "max_depth": 7,
      "subsample": 0.7272747207730005,
      "colsample_bytree": 0.5008795917047676,
      "n_estimators": 2647,
      "n_jobs": -1,
      "random_state": 42,
      "verbosity": 0,
      "min_child_weight": 0.02183688871672034,
      "gamma": 5.705579014377842e-05,
      "reg_alpha": 0.0005619997655155731,
      "reg_lambda": 1.3670688666532026e-07,
      "early_stopping_rounds": 142
    },
    {
      "objective": "binary:logistic",
      "eval_metric": "auc",
      "learning_rate": 0.005239559727297026,
      "max_depth": 2,
      "subsample": 0.8815657762107553,
      "colsample_bytree": 0.7250090928366313,
      "n_estimators": 3433,
      "n_jobs": -1,
      "random_state": 42,
      "verbosity": 0,
      "min_child_weight": 0.038187662374451856,
      "gamma": 0.00047750147588276,
      "reg_alpha": 0.1155587484569253,
      "reg_lambda": 0.0006801584204933762,
      "early_stopping_rounds": 216
    },
    {
      "objective": "binary:logistic",
      "eval_metric": "auc",
      "learning_rate": 0.0980027291580586,
      "max_depth": 5,
      "subsample": 0.7281898015563065,
      "colsample_bytree": 0.7659835802843405,
      "n_estimators": 2004,
      "n_jobs": -1,
      "random_state": 42,
      "verbosity": 0,
      "min_child_weight": 0.08232119752635682,
      "gamma": 0.009152931046865057,
      "reg_alpha": 0.13234974472409078,
      "reg_lambda": 22.111035413085034,
      "early_stopping_rounds": 300
    },
    {
      "objective": "binary:logistic",
      "eval_metric": "auc",
      "learning_rate": 0.0075259103833330955,
      "max_depth": 6,
      "subsample": 0.5746065872341383,
      "colsample_bytree": 0.7245748223436844,
      "n_estimators": 2950,
      "n_jobs": -1,
      "random_state": 42,
      "verbosity": 0,
      "min_child_weight": 0.040627724650663256,
      "gamma": 3.581408102329741e-06,
      "reg_alpha": 8.320866207050267e-08,
      "reg_lambda": 4.674508455342869e-08,
      "early_stopping_rounds": 252
    },
    {
      "objective": "binary:logistic",
      "eval_metric": "auc",
      "learning_rate": 0.02176416445010683,
      "max_depth": 3,
      "subsample": 0.6285673505616565,
      "colsample_bytree": 0.5618250140951622,
      "n_estimators": 1318,
      "n_jobs": -1,
      "random_state": 42,
      "verbosity": 0,
      "min_child_weight": 0.0205309503788173,
      "gamma": 1.3974330886526913e-06,
      "reg_alpha": 0.007216355365994374,
      "reg_lambda": 21.884157822790336,
      "early_stopping_rounds": 204
    },
    {
      "objective": "binary:logistic",
      "eval_metric": "auc",
      "learning_rate": 0.04136702287661504,
      "max_depth": 4,
      "subsample": 0.5985254809943975,
      "colsample_bytree": 0.6280451518049899,
      "n_estimators": 3707,
      "n_jobs": -1,
      "random_state": 42,
      "verbosity": 0,
      "min_child_weight": 0.0642410175979043,
      "gamma": 0.7676099158377151,
      "reg_alpha": 2.145729503098902e-06,
      "reg_lambda": 0.00026770072264941,
      "early_stopping_rounds": 77
    },
    {
      "objective": "binary:logistic",
      "eval_metric": "auc",
      "learning_rate": 0.08444654286308763,
      "max_depth": 9,
      "subsample": 0.7216100592443397,
      "colsample_bytree": 0.6932056178450446,
      "n_estimators": 3629,
      "n_jobs": -1,
      "random_state": 42,
      "verbosity": 0,
      "min_child_weight": 0.03943959070628326,
      "gamma": 0.00019784734694034176,
      "reg_alpha": 12.469525755227162,
      "reg_lambda": 21.701584991252826,
      "early_stopping_rounds": 123
    },
    {
      "objective": "binary:logistic",
      "eval_metric": "auc",
      "learning_rate": 0.021888138643379466,
      "max_depth": 3,
      "subsample": 0.682783955746712,
      "colsample_bytree": 0.5150424801468065,
      "n_estimators": 3461,
      "n_jobs": -1,
      "random_state": 42,
      "verbosity": 0,
      "min_child_weight": 0.012547696063971665,
      "gamma": 3.046400056358628e-07,
      "reg_alpha": 0.03371139571577147,
      "reg_lambda": 0.4362632527815776,
      "early_stopping_rounds": 253
    },
    {
      "objective": "binary:logistic",
      "eval_metric": "auc",
      "learning_rate": 0.02200650036734025,
      "max_depth": 3,
      "subsample": 0.5161168057335828,
      "colsample_bytree": 0.7581185991533113,
      "n_estimators": 1111,
      "n_jobs": -1,
      "random_state": 42,
      "verbosity": 0,
      "min_child_weight": 0.13025914961832616,
      "gamma": 0.8021305427610408,
      "reg_alpha": 0.0002063987227014764,
      "reg_lambda": 0.0019430647156767073,
      "early_stopping_rounds": 203
    }
  ],
  "fold_metrics": [
    {
      "auc": 0.8947368421052633,
      "pr_auc": 0.8920634920634922,
      "accuracy": 0.8,
      "precision": 0.6923076923076923,
      "recall": 0.8181818181818182,
      "f1": 0.75
    },
    {
      "auc": 0.8516746411483254,
      "pr_auc": 0.8691919191919193,
      "accuracy": 0.8333333333333334,
      "precision": 0.875,
      "recall": 0.6363636363636364,
      "f1": 0.7368421052631579
    },
    {
      "auc": 0.8803827751196173,
      "pr_auc": 0.8234449760765551,
      "accuracy": 0.7333333333333333,
      "precision": 0.6,
      "recall": 0.8181818181818182,
      "f1": 0.6923076923076923
    },
    {
      "auc": 0.9521531100478469,
      "pr_auc": 0.9567099567099568,
      "accuracy": 0.8666666666666667,
      "precision": 1.0,
      "recall": 0.6363636363636364,
      "f1": 0.7777777777777778
    },
    {
      "auc": 0.7789473684210526,
      "pr_auc": 0.6327372575824588,
      "accuracy": 0.7241379310344828,
      "precision": 0.5714285714285714,
      "recall": 0.8,
      "f1": 0.6666666666666666
    },
    {
      "auc": 0.9789473684210527,
      "pr_auc": 0.9622222222222222,
      "accuracy": 0.896551724137931,
      "precision": 0.8181818181818182,
      "recall": 0.9,
      "f1": 0.8571428571428571
    },
    {
      "auc": 0.968421052631579,
      "pr_auc": 0.9301154401154401,
      "accuracy": 0.896551724137931,
      "precision": 0.8888888888888888,
      "recall": 0.8,
      "f1": 0.8421052631578947
    },
    {
      "auc": 0.8263157894736842,
      "pr_auc": 0.7305507716920759,
      "accuracy": 0.7241379310344828,
      "precision": 0.5714285714285714,