{
  "model": "xgboost",
  "dataset": "va_longbeach",
  "feature_set": "raw",
  "tuning": "dataset",
  "imbalance": "native",
  "n_folds": 15,
  "oof_auc": 0.696933807079879,
  "oof_pr_auc": 0.8602983898567802,
  "mean_fold_auc": 0.7235012190874259,
  "std_fold_auc": 0.0858047548229278,
  "metrics": {
    "auc": 0.696933807079879,
    "pr_auc": 0.8602983898567802,
    "accuracy": 0.725,
    "precision": 0.8309859154929577,
    "recall": 0.7919463087248322,
    "f1": 0.8109965635738832,
    "threshold": 0.5057161847750345
  },
  "runtime_s": 2201.83,
  "best_params": {
    "objective": "binary:logistic",
    "eval_metric": "auc",
    "learning_rate": 0.0037002017123007693,
    "max_depth": 3,
    "subsample": 0.6685883489152649,
    "colsample_bytree": 0.5620721096689887,
    "n_estimators": 307,
    "n_jobs": -1,
    "random_state": 42,
    "verbosity": 0,
    "min_child_weight": 0.11994798655931885,
    "gamma": 2.1553966160981012e-07,
    "reg_alpha": 0.002711277272038477,
    "reg_lambda": 0.0002714601318993596,
    "early_stopping_rounds": 103
  },
  "per_fold_params": [
    {
      "objective": "binary:logistic",
      "eval_metric": "auc",
      "learning_rate": 0.032313795874247396,
      "max_depth": 9,
      "subsample": 0.5336199998989922,
      "colsample_bytree": 0.7244587683516933,
      "n_estimators": 3860,
      "n_jobs": -1,
      "random_state": 42,
      "verbosity": 0,
      "min_child_weight": 0.017078218909469894,
      "gamma": 1.196681285428486e-06,
      "reg_alpha": 2.8033822110935342,
      "reg_lambda": 34.82000192443714,
      "early_stopping_rounds": 282
    },
    {
      "objective": "binary:logistic",
      "eval_metric": "auc",
      "learning_rate": 0.07007038083412197,
      "max_depth": 4,
      "subsample": 0.9333243204496001,
      "colsample_bytree": 0.6105144979421857,
      "n_estimators": 1761,
      "n_jobs": -1,
      "random_state": 42,
      "verbosity": 0,
      "min_child_weight": 0.016233631164372254,
      "gamma": 4.4147389929308923e-05,
      "reg_alpha": 1.448654134301562e-05,
      "reg_lambda": 5.8428804442850626e-08,
      "early_stopping_rounds": 261
    },
    {
      "objective": "binary:logistic",
      "eval_metric": "auc",
      "learning_rate": 0.001991078088602974,
      "max_depth": 6,
      "subsample": 0.9194747067997976,
      "colsample_bytree": 0.6167033782759315,
      "n_estimators": 2452,
      "n_jobs": -1,
      "random_state": 42,
      "verbosity": 0,
      "min_child_weight": 0.6121125118973628,
      "gamma": 0.00014773465986885647,
      "reg_alpha": 0.05269131811407134,
      "reg_lambda": 23.331205981967404,
      "early_stopping_rounds": 66
    },
    {
      "objective": "binary:logistic",
      "eval_metric": "auc",
      "learning_rate": 0.001777701650763484,
      "max_depth": 9,
      "subsample": 0.7886207293015228,
      "colsample_bytree": 0.6335924254678688,
      "n_estimators": 1305,
      "n_jobs": -1,
      "random_state": 42,
      "verbosity": 0,
      "min_child_weight": 0.04167822069300357,
      "gamma": 0.0500162752726018,
      "reg_alpha": 1.4663191849554226e-07,
      "reg_lambda": 0.0692938938298598,
      "early_stopping_rounds": 223
    },
    {
      "objective": "binary:logistic",
      "eval_metric": "auc",
      "learning_rate": 0.018964762280646454,
      "max_depth": 12,
      "subsample": 0.9661499152807956,
      "colsample_bytree": 0.5216739318870091,
      "n_estimators": 3962,
      "n_jobs": -1,
      "random_state": 42,
      "verbosity": 0,
      "min_child_weight": 0.11570498590172189,
      "gamma": 2.8830701866462376e-05,
      "reg_alpha": 0.05743014872454092,
      "reg_lambda": 85.86825438481661,
      "early_stopping_rounds": 52
    },
    {
      "objective": "binary:logistic",
      "eval_metric": "auc",
      "learning_rate": 0.0015862727381293924,
      "max_depth": 10,
      "subsample": 0.562361239680637,
      "colsample_bytree": 0.8036788758308683,
      "n_estimators": 3662,
      "n_jobs": -1,
      "random_state": 42,
      "verbosity": 0,
      "min_child_weight": 0.13734704305663245,
      "gamma": 0.4365409043912085,
      "reg_alpha": 2.835139935203382,
      "reg_lambda": 0.001616195475906135,
      "early_stopping_rounds": 83
    },
    {
      "objective": "binary:logistic",
      "eval_metric": "auc",
      "learning_rate": 0.014809648967282641,
      "max_depth": 7,
      "subsample": 0.6137719092450674,
      "colsample_bytree": 0.5063946552802141,
      "n_estimators": 3847,
      "n_jobs": -1,
      "random_state": 42,
      "verbosity": 0,
      "min_child_weight": 0.4867815441404242,
      "gamma": 0.09051614940725906,
      "reg_alpha": 1.8172243247687214e-08,
      "reg_lambda": 0.012863275750256364,
      "early_stopping_rounds": 220
    },
    {
      "objective": "binary:logistic",
      "eval_metric": "auc",
      "learning_rate": 0.0037002017123007693,
      "max_depth": 3,
      "subsample": 0.6685883489152649,
      "colsample_bytree": 0.5620721096689887,
      "n_estimators": 307,
      "n_jobs": -1,
      "random_state": 42,
      "verbosity": 0,
      "min_child_weight": 0.11994798655931885,
      "gamma": 2.1553966160981012e-07,
      "reg_alpha": 0.002711277272038477,
      "reg_lambda": 0.0002714601318993596,
      "early_stopping_rounds": 103
    },
    {
      "objective": "binary:logistic",
      "eval_metric": "auc",
      "learning_rate": 0.0033483131219212217,
      "max_depth": 4,
      "subsample": 0.688657548845562,
      "colsample_bytree": 0.9982871150773247,
      "n_estimators": 2130,
      "n_jobs": -1,
      "random_state": 42,
      "verbosity": 0,
      "min_child_weight": 0.2924236192024487,
      "gamma": 4.718183233855983e-05,
      "reg_alpha": 0.5235280413032614,
      "reg_lambda": 0.40305738238919214,
      "early_stopping_rounds": 127
    },
    {
      "objective": "binary:logistic",
      "eval_metric": "auc",
      "learning_rate": 0.10780595703714581,
      "max_depth": 5,
      "subsample": 0.5141039815671472,
      "colsample_bytree": 0.804014612673667,
      "n_estimators": 305,
      "n_jobs": -1,
      "random_state": 42,
      "verbosity": 0,
      "min_child_weight": 0.5017029168543821,
      "gamma": 1.7871247745938238e-06,
      "reg_alpha": 8.717579936747833e-05,
      "reg_lambda": 0.1166954632461954,
      "early_stopping_rounds": 162
    },
    {
      "objective": "binary:logistic",
      "eval_metric": "auc",
      "learning_rate": 0.05889655154817774,
      "max_depth": 7,
      "subsample": 0.5313316122128336,
      "colsample_bytree": 0.6944284987612133,
      "n_estimators": 2280,
      "n_jobs": -1,
      "random_state": 42,
      "verbosity": 0,
      "min_child_weight": 0.04335715620736183,
      "gamma": 0.00024288695680019112,
      "reg_alpha": 5.202944989431428e-07,
      "reg_lambda": 6.160287123044133e-05,
      "early_stopping_rounds": 245
    },
    {
      "objective": "binary:logistic",
      "eval_metric": "auc",
      "learning_rate": 0.005746242624454791,
      "max_depth": 6,
      "subsample": 0.9986906769079171,
      "colsample_bytree": 0.7712897853053086,
      "n_estimators": 1413,
      "n_jobs": -1,
      "random_state": 42,
      "verbosity": 0,
      "min_child_weight": 0.3278925484937498,
      "gamma": 1.0872980801619087e-08,
      "reg_alpha": 1.9111862911406448e-07,
      "reg_lambda": 1.0033161657545483e-07,
      "early_stopping_rounds": 270
    },
    {
      "objective": "binary:logistic",
      "eval_metric": "auc",
      "learning_rate": 0.012649511035624245,
      "max_depth": 9,
      "subsample": 0.7353503846427616,
      "colsample_bytree": 0.6691607179526075,
      "n_estimators": 935,
      "n_jobs": -1,
      "random_state": 42,
      "verbosity": 0,
      "min_child_weight": 0.08638608326151306,
      "gamma": 1.9658309181859286e-07,
      "reg_alpha": 0.007836575620351595,
      "reg_lambda": 5.70480291048653e-07,