{
  "model": "xgboost",
  "dataset": "cleveland",
  "feature_set": "raw",
  "tuning": "dataset",
  "imbalance": "native",
  "n_folds": 10,
  "oof_auc": 0.8798473416388841,
  "oof_pr_auc": 0.8651974155956541,
  "mean_fold_auc": 0.9236910148674854,
  "std_fold_auc": 0.03650554402241548,
  "metrics": {
    "auc": 0.8798473416388841,
    "pr_auc": 0.8651974155956541,
    "accuracy": 0.8283828382838284,
    "precision": 0.8320610687022901,
    "recall": 0.7841726618705036,
    "f1": 0.8074074074074075,
    "threshold": 0.49494272470474243
  },
  "runtime_s": 3882.38,
  "best_params": {
    "objective": "binary:logistic",
    "eval_metric": "auc",
    "learning_rate": 0.06807182390404336,
    "max_depth": 5,
    "subsample": 0.5192857973926597,
    "colsample_bytree": 0.5139189849266612,
    "n_estimators": 3514,
    "n_jobs": -1,
    "random_state": 42,
    "verbosity": 0,
    "min_child_weight": 5.505991990372853,
    "gamma": 0.020436932819447477,
    "reg_alpha": 1.039894447611581e-06,
    "reg_lambda": 2.6264584209781603e-05,
    "early_stopping_rounds": 213
  },
  "per_fold_params": [
    {
      "objective": "binary:logistic",
      "eval_metric": "auc",
      "learning_rate": 0.0027570955246830845,
      "max_depth": 4,
      "subsample": 0.651351872401297,
      "colsample_bytree": 0.5014561225291672,
      "n_estimators": 3174,
      "n_jobs": -1,
      "random_state": 42,
      "verbosity": 0,
      "min_child_weight": 0.29019944204083453,
      "gamma": 0.00019476474754549937,
      "reg_alpha": 0.04467919576259703,
      "reg_lambda": 3.87207931431497e-07,
      "early_stopping_rounds": 185
    },
    {
      "objective": "binary:logistic",
      "eval_metric": "auc",
      "learning_rate": 0.06807182390404336,
      "max_depth": 5,
      "subsample": 0.5192857973926597,
      "colsample_bytree": 0.5139189849266612,
      "n_estimators": 3514,
      "n_jobs": -1,
      "random_state": 42,
      "verbosity": 0,
      "min_child_weight": 5.505991990372853,
      "gamma": 0.020436932819447477,
      "reg_alpha": 1.039894447611581e-06,
      "reg_lambda": 2.6264584209781603e-05,
      "early_stopping_rounds": 213
    },
    {
      "objective": "binary:logistic",
      "eval_metric": "auc",
      "learning_rate": 0.056081975404584095,
      "max_depth": 9,
      "subsample": 0.7652080654545459,
      "colsample_bytree": 0.5266447491040839,
      "n_estimators": 2790,
      "n_jobs": -1,
      "random_state": 42,
      "verbosity": 0,
      "min_child_weight": 1.305064980729497,
      "gamma": 5.760853412172115e-05,
      "reg_alpha": 0.012255776377665433,
      "reg_lambda": 0.005732446104289882,
      "early_stopping_rounds": 214
    },
    {
      "objective": "binary:logistic",
      "eval_metric": "auc",
      "learning_rate": 0.034568408110573996,
      "max_depth": 2,
      "subsample": 0.7083920444895754,
      "colsample_bytree": 0.5007842885768434,
      "n_estimators": 3847,
      "n_jobs": -1,
      "random_state": 42,
      "verbosity": 0,
      "min_child_weight": 0.024566089557548784,
      "gamma": 0.00782474051231506,
      "reg_alpha": 6.0982457068902515e-05,
      "reg_lambda": 19.200896850730327,
      "early_stopping_rounds": 208
    },
    {
      "objective": "binary:logistic",
      "eval_metric": "auc",
      "learning_rate": 0.01039666434488636,
      "max_depth": 3,
      "subsample": 0.5642118436069842,
      "colsample_bytree": 0.8487577740653629,
      "n_estimators": 810,
      "n_jobs": -1,
      "random_state": 42,
      "verbosity": 0,
      "min_child_weight": 4.828386256407807,
      "gamma": 5.68389635028786e-06,
      "reg_alpha": 1.9314552487965327e-07,
      "reg_lambda": 7.363996286174518e-08,
      "early_stopping_rounds": 117
    },
    {
      "objective": "binary:logistic",
      "eval_metric": "auc",
      "learning_rate": 0.0041804989121427775,
      "max_depth": 3,
      "subsample": 0.5137633798912051,
      "colsample_bytree": 0.5450702476301899,
      "n_estimators": 2329,
      "n_jobs": -1,
      "random_state": 42,
      "verbosity": 0,
      "min_child_weight": 0.8832755533767725,
      "gamma": 4.043388964890864e-08,
      "reg_alpha": 0.00263207971297483,
      "reg_lambda": 0.003099408894810233,
      "early_stopping_rounds": 199
    },
    {
      "objective": "binary:logistic",
      "eval_metric": "auc",
      "learning_rate": 0.028196770827275727,
      "max_depth": 6,
      "subsample": 0.5495519386004131,
      "colsample_bytree": 0.6495966168091224,
      "n_estimators": 956,
      "n_jobs": -1,
      "random_state": 42,
      "verbosity": 0,
      "min_child_weight": 2.725165875770328,
      "gamma": 0.006206654804756482,
      "reg_alpha": 0.03197094342164575,
      "reg_lambda": 4.9123814795702e-07,
      "early_stopping_rounds": 251
    },
    {
      "objective": "binary:logistic",
      "eval_metric": "auc",
      "learning_rate": 0.005509730280515898,
      "max_depth": 3,
      "subsample": 0.5355030884552774,
      "colsample_bytree": 0.5141745423669029,
      "n_estimators": 1770,
      "n_jobs": -1,
      "random_state": 42,
      "verbosity": 0,
      "min_child_weight": 0.050180650096173764,
      "gamma": 3.754321231194097e-07,
      "reg_alpha": 3.1245591652781235e-05,
      "reg_lambda": 3.892629209761217e-06,
      "early_stopping_rounds": 135
    },
    {
      "objective": "binary:logistic",
      "eval_metric": "auc",
      "learning_rate": 0.007542999104446345,
      "max_depth": 12,
      "subsample": 0.824936532570747,
      "colsample_bytree": 0.503690535434416,
      "n_estimators": 3361,
      "n_jobs": -1,
      "random_state": 42,
      "verbosity": 0,
      "min_child_weight": 4.7043239997417965,
      "gamma": 4.826545013760416e-08,
      "reg_alpha": 3.6522548434097403e-06,
      "reg_lambda": 4.392632781932966e-06,
      "early_stopping_rounds": 293
    },
    {
      "objective": "binary:logistic",
      "eval_metric": "auc",
      "learning_rate": 0.09945275419712765,
      "max_depth": 12,
      "subsample": 0.5130767985609014,
      "colsample_bytree": 0.5855200683581936,
      "n_estimators": 2247,
      "n_jobs": -1,
      "random_state": 42,
      "verbosity": 0,
      "min_child_weight": 3.809518168103674,
      "gamma": 0.08793092946533791,
      "reg_alpha": 5.503543460411738e-08,
      "reg_lambda": 3.143286382465568e-06,
      "early_stopping_rounds": 188
    }
  ],
  "fold_metrics": [
    {
      "auc": 0.9453781512605042,
      "pr_auc": 0.9479368670545139,
      "accuracy": 0.8064516129032258,
      "precision": 0.75,
      "recall": 0.8571428571428571,
      "f1": 0.8
    },
    {
      "auc": 0.9957983193277311,
      "pr_auc": 0.995238095238095,
      "accuracy": 0.967741935483871,
      "precision": 1.0,
      "recall": 0.9285714285714286,
      "f1": 0.9629629629629629
    },
    {
      "auc": 0.8907563025210083,
      "pr_auc": 0.8208016558359328,
      "accuracy": 0.7419354838709677,
      "precision": 0.6875,
      "recall": 0.7857142857142857,
      "f1": 0.7333333333333333
    },
    {
      "auc": 0.9049773755656109,
      "pr_auc": 0.8841918764995688,
      "accuracy": 0.8333333333333334,
      "precision": 0.8333333333333334,
      "recall": 0.7692307692307693,
      "f1": 0.8
    },
    {
      "auc": 0.9151785714285714,
      "pr_auc": 0.9333959899749371,
      "accuracy": 0.8,
      "precision": 0.75,
      "recall": 0.8571428571428571,
      "f1": 0.8
    },
    {
      "auc": 0.8705357142857143,
      "pr_auc": 0.8410237986741746,
      "accuracy": 0.8333333333333334,
      "precision": 0.9090909090909091,
      "recall": 0.7142857142857143,
      "f1": 0.8
    },
    {
      "auc": 0.9508928571428572,
      "pr_auc": 0.9562702003878474,
      "accuracy": 0.8666666666666667,
      "precision": 1.0,
      "recall": 0.7142857142857143,
      "f1": 0.8333333333333334
    },
    {
      "auc": 0.8839285714285714,
      "pr_auc": 0.8938207367967428,
      "accuracy": 0.7666666666666667,