{
  "model": "xgboost",
  "dataset": "switzerland",
  "feature_set": "raw",
  "tuning": "dataset",
  "imbalance": "native",
  "n_folds": 15,
  "oof_auc": 0.6505434782608696,
  "oof_pr_auc": 0.9635773670173959,
  "mean_fold_auc": 0.726086956521739,
  "std_fold_auc": 0.2174709998845829,
  "metrics": {
    "auc": 0.6505434782608696,
    "pr_auc": 0.9635773670173959,
    "accuracy": 0.8617886178861789,
    "precision": 0.9537037037037037,
    "recall": 0.8956521739130435,
    "f1": 0.9237668161434978,
    "threshold": 0.5060702363650004
  },
  "runtime_s": 907.52,
  "best_params": {
    "objective": "binary:logistic",
    "eval_metric": "auc",
    "learning_rate": 0.07171280930325853,
    "max_depth": 9,
    "subsample": 0.5459761732241443,
    "colsample_bytree": 0.7299931044372592,
    "n_estimators": 2299,
    "n_jobs": -1,
    "random_state": 42,
    "verbosity": 0,
    "min_child_weight": 0.41118176460878264,
    "gamma": 2.164994485525408e-05,
    "reg_alpha": 5.675145744107368e-06,
    "reg_lambda": 1.1904805622764998e-06,
    "early_stopping_rounds": 290
  },
  "per_fold_params": [
    {
      "objective": "binary:logistic",
      "eval_metric": "auc",
      "learning_rate": 0.07171280930325853,
      "max_depth": 9,
      "subsample": 0.5459761732241443,
      "colsample_bytree": 0.7299931044372592,
      "n_estimators": 2299,
      "n_jobs": -1,
      "random_state": 42,
      "verbosity": 0,
      "min_child_weight": 0.41118176460878264,
      "gamma": 2.164994485525408e-05,
      "reg_alpha": 5.675145744107368e-06,
      "reg_lambda": 1.1904805622764998e-06,
      "early_stopping_rounds": 290
    },
    {
      "objective": "binary:logistic",
      "eval_metric": "auc",
      "learning_rate": 0.0010296854170465204,
      "max_depth": 2,
      "subsample": 0.5120392895721486,
      "colsample_bytree": 0.9912531591404377,
      "n_estimators": 320,
      "n_jobs": -1,
      "random_state": 42,
      "verbosity": 0,
      "min_child_weight": 0.07714354415350848,
      "gamma": 0.0011508905118343667,
      "reg_alpha": 2.7188077926446835e-08,
      "reg_lambda": 0.12268356074689404,
      "early_stopping_rounds": 246
    },
    {
      "objective": "binary:logistic",
      "eval_metric": "auc",
      "learning_rate": 0.020194256936576022,
      "max_depth": 8,
      "subsample": 0.6736350250549467,
      "colsample_bytree": 0.7669002624468444,
      "n_estimators": 523,
      "n_jobs": -1,
      "random_state": 42,
      "verbosity": 0,
      "min_child_weight": 0.34025128061997517,
      "gamma": 1.0961379645177159e-08,
      "reg_alpha": 0.0006023717338542453,
      "reg_lambda": 0.01012519627451124,
      "early_stopping_rounds": 210
    },
    {
      "objective": "binary:logistic",
      "eval_metric": "auc",
      "learning_rate": 0.0012094800135606547,
      "max_depth": 7,
      "subsample": 0.8987041681160105,
      "colsample_bytree": 0.5774487314902976,
      "n_estimators": 2490,
      "n_jobs": -1,
      "random_state": 42,
      "verbosity": 0,
      "min_child_weight": 0.010127339251679026,
      "gamma": 0.0017785533300487398,
      "reg_alpha": 0.000511231057649902,
      "reg_lambda": 2.6607746098807863,
      "early_stopping_rounds": 261
    },
    {
      "objective": "binary:logistic",
      "eval_metric": "auc",
      "learning_rate": 0.002730588854604374,
      "max_depth": 6,
      "subsample": 0.6771572834319848,
      "colsample_bytree": 0.6750522974054642,
      "n_estimators": 2333,
      "n_jobs": -1,
      "random_state": 42,
      "verbosity": 0,
      "min_child_weight": 0.029709869414976494,
      "gamma": 0.0007641777994605532,
      "reg_alpha": 0.0007756743344509614,
      "reg_lambda": 0.001884388897973907,
      "early_stopping_rounds": 54
    },
    {
      "objective": "binary:logistic",
      "eval_metric": "auc",
      "learning_rate": 0.020339529417424944,
      "max_depth": 8,
      "subsample": 0.6018683599583318,
      "colsample_bytree": 0.6209622680344498,
      "n_estimators": 1951,
      "n_jobs": -1,
      "random_state": 42,
      "verbosity": 0,
      "min_child_weight": 0.10985383040187918,
      "gamma": 1.0604291499976798e-08,
      "reg_alpha": 1.1376671849366261e-08,
      "reg_lambda": 4.0129989950832573e-07,
      "early_stopping_rounds": 299
    },
    {
      "objective": "binary:logistic",
      "eval_metric": "auc",
      "learning_rate": 0.0856691193880453,
      "max_depth": 9,
      "subsample": 0.8716253758925397,
      "colsample_bytree": 0.9939060717621628,
      "n_estimators": 3891,
      "n_jobs": -1,
      "random_state": 42,
      "verbosity": 0,
      "min_child_weight": 0.012683064116219675,
      "gamma": 0.0037588960600229105,
      "reg_alpha": 3.3843608385120753e-07,
      "reg_lambda": 0.00024522436371067485,
      "early_stopping_rounds": 51
    },
    {
      "objective": "binary:logistic",
      "eval_metric": "auc",
      "learning_rate": 0.001897252465071531,
      "max_depth": 6,
      "subsample": 0.7889347560136794,
      "colsample_bytree": 0.5534494789384008,
      "n_estimators": 3542,
      "n_jobs": -1,
      "random_state": 42,
      "verbosity": 0,
      "min_child_weight": 0.023146976939619233,
      "gamma": 2.475649516787377e-07,
      "reg_alpha": 0.006494260277245946,
      "reg_lambda": 92.9795247179901,
      "early_stopping_rounds": 254
    },
    {
      "objective": "binary:logistic",
      "eval_metric": "auc",
      "learning_rate": 0.11821964951981928,
      "max_depth": 5,
      "subsample": 0.8549106543881327,
      "colsample_bytree": 0.8196183457209081,
      "n_estimators": 2392,
      "n_jobs": -1,
      "random_state": 42,
      "verbosity": 0,
      "min_child_weight": 0.010344142656957234,
      "gamma": 1.6438235336124154e-08,
      "reg_alpha": 0.0033267748630492625,
      "reg_lambda": 2.906512613231086,
      "early_stopping_rounds": 88
    },
    {
      "objective": "binary:logistic",
      "eval_metric": "auc",
      "learning_rate": 0.14378580820922557,
      "max_depth": 6,
      "subsample": 0.8593720773581657,
      "colsample_bytree": 0.5930876239253039,
      "n_estimators": 340,
      "n_jobs": -1,
      "random_state": 42,
      "verbosity": 0,
      "min_child_weight": 0.5927077302420506,
      "gamma": 1.3983399083558377e-05,
      "reg_alpha": 3.8997178913080975e-07,
      "reg_lambda": 5.216167259890223e-06,
      "early_stopping_rounds": 298
    },
    {
      "objective": "binary:logistic",
      "eval_metric": "auc",
      "learning_rate": 0.05750805472710589,
      "max_depth": 10,
      "subsample": 0.8844026531618714,
      "colsample_bytree": 0.7116008752060159,
      "n_estimators": 2655,
      "n_jobs": -1,
      "random_state": 42,
      "verbosity": 0,
      "min_child_weight": 0.3507570671190899,
      "gamma": 2.162380636580901,
      "reg_alpha": 0.06595760062915546,
      "reg_lambda": 4.8367753136169124e-05,
      "early_stopping_rounds": 265
    },
    {
      "objective": "binary:logistic",
      "eval_metric": "auc",
      "learning_rate": 0.0027734886044013494,
      "max_depth": 10,
      "subsample": 0.7351899936713304,
      "colsample_bytree": 0.5636975718344456,
      "n_estimators": 3977,
      "n_jobs": -1,
      "random_state": 42,
      "verbosity": 0,
      "min_child_weight": 0.029398037119029448,
      "gamma": 0.09204744274781798,
      "reg_alpha": 0.8706442826228227,
      "reg_lambda": 5.5637812261815516e-05,
      "early_stopping_rounds": 258
    },
    {
      "objective": "binary:logistic",
      "eval_metric": "auc",
      "learning_rate": 0.060401659544121106,
      "max_depth": 6,
      "subsample": 0.8357626539133511,
      "colsample_bytree": 0.588502294908344,
      "n_estimators": 3117,
      "n_jobs": -1,
      "random_state": 42,
      "verbosity": 0,
      "min_child_weight": 0.38263053179300854,
      "gamma": 0.002788521272814676,
      "reg_alpha": 9.641294244676029e-05,
      "reg_lambda": 1.8466826365345417,