{
  "model": "xgboost",
  "dataset": "hungarian",
  "feature_set": "raw",
  "tuning": "dataset",
  "imbalance": "smote",
  "n_folds": 10,
  "oof_auc": 0.856006623845845,
  "oof_pr_auc": 0.7724287143214169,
  "mean_fold_auc": 0.9104997341839447,
  "std_fold_auc": 0.04535987230708376,
  "metrics": {
    "auc": 0.856006623845845,
    "pr_auc": 0.7724287143214169,
    "accuracy": 0.8401360544217688,
    "precision": 0.797979797979798,
    "recall": 0.7452830188679245,
    "f1": 0.7707317073170732,
    "threshold": 0.499493807554245
  },
  "runtime_s": 2191.18,
  "best_params": {
    "objective": "binary:logistic",
    "eval_metric": "auc",
    "learning_rate": 0.001477579606853051,
    "max_depth": 12,
    "subsample": 0.7845072128593207,
    "colsample_bytree": 0.7653945566475113,
    "n_estimators": 2595,
    "n_jobs": -1,
    "random_state": 42,
    "verbosity": 0,
    "min_child_weight": 0.06031323601927534,
    "gamma": 2.2888650052427804,
    "reg_alpha": 0.00010362895511014404,
    "reg_lambda": 7.25103319085533e-05,
    "early_stopping_rounds": 281
  },
  "per_fold_params": [
    {
      "objective": "binary:logistic",
      "eval_metric": "auc",
      "learning_rate": 0.05596985130604955,
      "max_depth": 9,
      "subsample": 0.7645516500499583,
      "colsample_bytree": 0.5632183177883183,
      "n_estimators": 913,
      "n_jobs": -1,
      "random_state": 42,
      "verbosity": 0,
      "min_child_weight": 0.051526330952417425,
      "gamma": 0.002559091491404964,
      "reg_alpha": 0.0003043267868656752,
      "reg_lambda": 21.46950335487872,
      "early_stopping_rounds": 199
    },
    {
      "objective": "binary:logistic",
      "eval_metric": "auc",
      "learning_rate": 0.1307488157909639,
      "max_depth": 4,
      "subsample": 0.9688848257935209,
      "colsample_bytree": 0.7443061506473054,
      "n_estimators": 2743,
      "n_jobs": -1,
      "random_state": 42,
      "verbosity": 0,
      "min_child_weight": 0.1222655919999516,
      "gamma": 2.6145465400265744e-06,
      "reg_alpha": 1.7335734162024368e-08,
      "reg_lambda": 0.0007065486124164142,
      "early_stopping_rounds": 247
    },
    {
      "objective": "binary:logistic",
      "eval_metric": "auc",
      "learning_rate": 0.0032981242219840205,
      "max_depth": 2,
      "subsample": 0.7229908175151428,
      "colsample_bytree": 0.6677080858603376,
      "n_estimators": 3224,
      "n_jobs": -1,
      "random_state": 42,
      "verbosity": 0,
      "min_child_weight": 0.6524040991080484,
      "gamma": 0.00020840475756190625,
      "reg_alpha": 3.4812139537847243e-07,
      "reg_lambda": 0.0104124352172875,
      "early_stopping_rounds": 93
    },
    {
      "objective": "binary:logistic",
      "eval_metric": "auc",
      "learning_rate": 0.0044757792488489935,
      "max_depth": 7,
      "subsample": 0.6976323676610826,
      "colsample_bytree": 0.5011751961531077,
      "n_estimators": 3895,
      "n_jobs": -1,
      "random_state": 42,
      "verbosity": 0,
      "min_child_weight": 0.01984852507495637,
      "gamma": 0.5943006091015497,
      "reg_alpha": 5.226127911616194e-05,
      "reg_lambda": 0.405845424394155,
      "early_stopping_rounds": 177
    },
    {
      "objective": "binary:logistic",
      "eval_metric": "auc",
      "learning_rate": 0.07905674860987164,
      "max_depth": 10,
      "subsample": 0.6563821015096456,
      "colsample_bytree": 0.737215877531056,
      "n_estimators": 2882,
      "n_jobs": -1,
      "random_state": 42,
      "verbosity": 0,
      "min_child_weight": 0.12342789325790544,
      "gamma": 2.1824155772253312e-06,
      "reg_alpha": 1.3092707051919335e-05,
      "reg_lambda": 1.5515571272204035e-07,
      "early_stopping_rounds": 290
    },
    {
      "objective": "binary:logistic",
      "eval_metric": "auc",
      "learning_rate": 0.037063161164044525,
      "max_depth": 4,
      "subsample": 0.6802326289931695,
      "colsample_bytree": 0.7336825079355427,
      "n_estimators": 1438,
      "n_jobs": -1,
      "random_state": 42,
      "verbosity": 0,
      "min_child_weight": 0.42260834730196317,
      "gamma": 1.0472639656036676e-07,
      "reg_alpha": 0.0045366532588419824,
      "reg_lambda": 5.060564547527961e-06,
      "early_stopping_rounds": 135
    },
    {
      "objective": "binary:logistic",
      "eval_metric": "auc",
      "learning_rate": 0.19596813881896125,
      "max_depth": 12,
      "subsample": 0.9139998433187744,
      "colsample_bytree": 0.7559568953633005,
      "n_estimators": 3931,
      "n_jobs": -1,
      "random_state": 42,
      "verbosity": 0,
      "min_child_weight": 0.05276507825353636,
      "gamma": 0.0009979137827735777,
      "reg_alpha": 4.4632995230236825e-07,
      "reg_lambda": 25.23923107392283,
      "early_stopping_rounds": 272
    },
    {
      "objective": "binary:logistic",
      "eval_metric": "auc",
      "learning_rate": 0.010764095026253228,
      "max_depth": 2,
      "subsample": 0.9952576128983759,
      "colsample_bytree": 0.9997400870275679,
      "n_estimators": 3871,
      "n_jobs": -1,
      "random_state": 42,
      "verbosity": 0,
      "min_child_weight": 0.24524692692647462,
      "gamma": 0.010198787959436444,
      "reg_alpha": 0.0004904181359867711,
      "reg_lambda": 0.0044503782845727894,
      "early_stopping_rounds": 281
    },
    {
      "objective": "binary:logistic",
      "eval_metric": "auc",
      "learning_rate": 0.002138634262544439,
      "max_depth": 3,
      "subsample": 0.5000954677952135,
      "colsample_bytree": 0.5989151450458159,
      "n_estimators": 3725,
      "n_jobs": -1,
      "random_state": 42,
      "verbosity": 0,
      "min_child_weight": 0.05754574033390982,
      "gamma": 3.597525673423937e-06,
      "reg_alpha": 5.6983302121428725e-05,
      "reg_lambda": 1.284077601857961e-05,
      "early_stopping_rounds": 203
    },
    {
      "objective": "binary:logistic",
      "eval_metric": "auc",
      "learning_rate": 0.001477579606853051,
      "max_depth": 12,
      "subsample": 0.7845072128593207,
      "colsample_bytree": 0.7653945566475113,
      "n_estimators": 2595,
      "n_jobs": -1,
      "random_state": 42,
      "verbosity": 0,
      "min_child_weight": 0.06031323601927534,
      "gamma": 2.2888650052427804,
      "reg_alpha": 0.00010362895511014404,
      "reg_lambda": 7.25103319085533e-05,
      "early_stopping_rounds": 281
    }
  ],
  "fold_metrics": [
    {
      "auc": 0.8995215311004785,
      "pr_auc": 0.8593135325755648,
      "accuracy": 0.8333333333333334,
      "precision": 0.8,
      "recall": 0.7272727272727273,
      "f1": 0.7619047619047619
    },
    {
      "auc": 0.9138755980861244,
      "pr_auc": 0.9022727272727273,
      "accuracy": 0.9,
      "precision": 1.0,
      "recall": 0.7272727272727273,
      "f1": 0.8421052631578947
    },
    {
      "auc": 0.8779904306220095,
      "pr_auc": 0.8365702479338843,
      "accuracy": 0.7666666666666667,
      "precision": 0.7,
      "recall": 0.6363636363636364,
      "f1": 0.6666666666666666
    },
    {
      "auc": 0.9473684210526316,
      "pr_auc": 0.9417355371900826,
      "accuracy": 0.8666666666666667,
      "precision": 1.0,
      "recall": 0.6363636363636364,
      "f1": 0.7777777777777778
    },
    {
      "auc": 0.8263157894736842,
      "pr_auc": 0.6522527472527473,
      "accuracy": 0.7586206896551724,
      "precision": 0.6153846153846154,
      "recall": 0.8,
      "f1": 0.6956521739130435
    },
    {
      "auc": 0.9421052631578948,
      "pr_auc": 0.9262626262626262,
      "accuracy": 0.8620689655172413,
      "precision": 0.875,
      "recall": 0.7,
      "f1": 0.7777777777777778
    },
    {
      "auc": 0.9,
      "pr_auc": 0.7569444444444444,
      "accuracy": 0.7931034482758621,
      "precision": 0.7,
      "recall": 0.7,
      "f1": 0.7
    },
    {
      "auc": 0.8710526315789474,
      "pr_auc": 0.7734920634920635,
      "accuracy": 0.7931034482758621,
      "precision": 0.6666666666666666,
      "recall": 0.8,