{
  "model": "xgboost",
  "dataset": "switzerland",
  "feature_set": "raw",
  "tuning": "dataset",
  "imbalance": "smote",
  "n_folds": 15,
  "oof_auc": 0.7902173913043478,
  "oof_pr_auc": 0.9684757150679153,
  "mean_fold_auc": 0.8608695652173913,
  "std_fold_auc": 0.14946870833056097,
  "metrics": {
    "auc": 0.7902173913043478,
    "pr_auc": 0.9684757150679153,
    "accuracy": 0.8943089430894309,
    "precision": 0.9722222222222222,
    "recall": 0.9130434782608695,
    "f1": 0.9417040358744395,
    "threshold": 0.5079717437426249
  },
  "runtime_s": 1108.38,
  "best_params": {
    "objective": "binary:logistic",
    "eval_metric": "auc",
    "learning_rate": 0.036181063691425125,
    "max_depth": 3,
    "subsample": 0.655298218557407,
    "colsample_bytree": 0.641112147428737,
    "n_estimators": 2550,
    "n_jobs": -1,
    "random_state": 42,
    "verbosity": 0,
    "min_child_weight": 0.020682847269559455,
    "gamma": 2.0244052471457032,
    "reg_alpha": 8.122678409148511e-07,
    "reg_lambda": 0.10746334167828131,
    "early_stopping_rounds": 164
  },
  "per_fold_params": [
    {
      "objective": "binary:logistic",
      "eval_metric": "auc",
      "learning_rate": 0.036181063691425125,
      "max_depth": 3,
      "subsample": 0.655298218557407,
      "colsample_bytree": 0.641112147428737,
      "n_estimators": 2550,
      "n_jobs": -1,
      "random_state": 42,
      "verbosity": 0,
      "min_child_weight": 0.020682847269559455,
      "gamma": 2.0244052471457032,
      "reg_alpha": 8.122678409148511e-07,
      "reg_lambda": 0.10746334167828131,
      "early_stopping_rounds": 164
    },
    {
      "objective": "binary:logistic",
      "eval_metric": "auc",
      "learning_rate": 0.0088698478786378,
      "max_depth": 11,
      "subsample": 0.8143928979410806,
      "colsample_bytree": 0.637779388324476,
      "n_estimators": 3827,
      "n_jobs": -1,
      "random_state": 42,
      "verbosity": 0,
      "min_child_weight": 3.0645280042872214,
      "gamma": 1.1768616955199718,
      "reg_alpha": 1.171962494373761e-06,
      "reg_lambda": 0.00011067573906071945,
      "early_stopping_rounds": 299
    },
    {
      "objective": "binary:logistic",
      "eval_metric": "auc",
      "learning_rate": 0.004642673808146311,
      "max_depth": 8,
      "subsample": 0.8851252359766476,
      "colsample_bytree": 0.5076417538258079,
      "n_estimators": 1781,
      "n_jobs": -1,
      "random_state": 42,
      "verbosity": 0,
      "min_child_weight": 8.634758973609898,
      "gamma": 8.313343881275735,
      "reg_alpha": 3.6070622427454027e-06,
      "reg_lambda": 1.4761748628553595,
      "early_stopping_rounds": 140
    },
    {
      "objective": "binary:logistic",
      "eval_metric": "auc",
      "learning_rate": 0.031326016415662634,
      "max_depth": 12,
      "subsample": 0.8091472417836791,
      "colsample_bytree": 0.6413336032655836,
      "n_estimators": 3468,
      "n_jobs": -1,
      "random_state": 42,
      "verbosity": 0,
      "min_child_weight": 0.5493046935291307,
      "gamma": 6.081767904485954,
      "reg_alpha": 0.05378733060106988,
      "reg_lambda": 0.00025427805906287767,
      "early_stopping_rounds": 122
    },
    {
      "objective": "binary:logistic",
      "eval_metric": "auc",
      "learning_rate": 0.003162509345546277,
      "max_depth": 3,
      "subsample": 0.9038607044460806,
      "colsample_bytree": 0.6479199335209656,
      "n_estimators": 2346,
      "n_jobs": -1,
      "random_state": 42,
      "verbosity": 0,
      "min_child_weight": 0.19250542378307392,
      "gamma": 9.124405749635571e-07,
      "reg_alpha": 0.003843786151619579,
      "reg_lambda": 0.00029549987298063565,
      "early_stopping_rounds": 193
    },
    {
      "objective": "binary:logistic",
      "eval_metric": "auc",
      "learning_rate": 0.019320509862486512,
      "max_depth": 9,
      "subsample": 0.9930839969038314,
      "colsample_bytree": 0.730973399979317,
      "n_estimators": 2501,
      "n_jobs": -1,
      "random_state": 42,
      "verbosity": 0,
      "min_child_weight": 5.316006154839088,
      "gamma": 1.7779442128729736e-05,
      "reg_alpha": 3.179213103236135e-05,
      "reg_lambda": 0.21443741580889925,
      "early_stopping_rounds": 153
    },
    {
      "objective": "binary:logistic",
      "eval_metric": "auc",
      "learning_rate": 0.0017489126855824598,
      "max_depth": 3,
      "subsample": 0.7002435422037291,
      "colsample_bytree": 0.6945272278372325,
      "n_estimators": 2190,
      "n_jobs": -1,
      "random_state": 42,
      "verbosity": 0,
      "min_child_weight": 0.012570451253619134,
      "gamma": 2.732235175090212e-05,
      "reg_alpha": 2.0015030936809535e-05,
      "reg_lambda": 7.242145478760729e-08,
      "early_stopping_rounds": 166
    },
    {
      "objective": "binary:logistic",
      "eval_metric": "auc",
      "learning_rate": 0.0034120818084158334,
      "max_depth": 2,
      "subsample": 0.8848491010337648,
      "colsample_bytree": 0.5225024611755968,
      "n_estimators": 3406,
      "n_jobs": -1,
      "random_state": 42,
      "verbosity": 0,
      "min_child_weight": 8.686959446338363,
      "gamma": 0.08290694156563881,
      "reg_alpha": 1.9939178801323077e-08,
      "reg_lambda": 3.858150839217918e-08,
      "early_stopping_rounds": 123
    },
    {
      "objective": "binary:logistic",
      "eval_metric": "auc",
      "learning_rate": 0.0031801307287883007,
      "max_depth": 10,
      "subsample": 0.664833043292474,
      "colsample_bytree": 0.9526493555391699,
      "n_estimators": 2627,
      "n_jobs": -1,
      "random_state": 42,
      "verbosity": 0,
      "min_child_weight": 2.498809933751615,
      "gamma": 5.077609747030302e-05,
      "reg_alpha": 0.00011417908058116414,
      "reg_lambda": 1.0593847370235738,
      "early_stopping_rounds": 179
    },
    {
      "objective": "binary:logistic",
      "eval_metric": "auc",
      "learning_rate": 0.015297978081153425,
      "max_depth": 7,
      "subsample": 0.7100403237783877,
      "colsample_bytree": 0.5793342839132265,
      "n_estimators": 559,
      "n_jobs": -1,
      "random_state": 42,
      "verbosity": 0,
      "min_child_weight": 7.849753594390351,
      "gamma": 1.5479024829137449,
      "reg_alpha": 1.4533065899833876e-07,
      "reg_lambda": 1.2637695135619655e-05,
      "early_stopping_rounds": 277
    },
    {
      "objective": "binary:logistic",
      "eval_metric": "auc",
      "learning_rate": 0.010519359503039998,
      "max_depth": 10,
      "subsample": 0.811435581468351,
      "colsample_bytree": 0.6827514095467113,
      "n_estimators": 3598,
      "n_jobs": -1,
      "random_state": 42,
      "verbosity": 0,
      "min_child_weight": 7.6070720011029795,
      "gamma": 0.14375415118976426,
      "reg_alpha": 0.9016629603418822,
      "reg_lambda": 5.6584576913833794e-08,
      "early_stopping_rounds": 91
    },
    {
      "objective": "binary:logistic",
      "eval_metric": "auc",
      "learning_rate": 0.0021143500298547303,
      "max_depth": 10,
      "subsample": 0.6601912422000396,
      "colsample_bytree": 0.5017506505342483,
      "n_estimators": 3832,
      "n_jobs": -1,
      "random_state": 42,
      "verbosity": 0,
      "min_child_weight": 0.02617195007978638,
      "gamma": 0.03400164015227912,
      "reg_alpha": 0.8331760546427494,
      "reg_lambda": 7.428627433769116e-06,
      "early_stopping_rounds": 272
    },
    {
      "objective": "binary:logistic",
      "eval_metric": "auc",
      "learning_rate": 0.002348945775731247,
      "max_depth": 4,
      "subsample": 0.9734876134467616,
      "colsample_bytree": 0.8108707593179316,
      "n_estimators": 1156,
      "n_jobs": -1,
      "random_state": 42,
      "verbosity": 0,
      "min_child_weight": 0.03930807244514818,
      "gamma": 0.03622969496798419,
      "reg_alpha": 5.766499721576146,
      "reg_lambda": 26.106401469997174,