{
  "model": "xgboost",
  "dataset": "cleveland",
  "feature_set": "raw",
  "tuning": "dataset",
  "imbalance": "smote",
  "n_folds": 10,
  "oof_auc": 0.8875460607124057,
  "oof_pr_auc": 0.8821717813974027,
  "mean_fold_auc": 0.9319822640594699,
  "std_fold_auc": 0.04045867196584116,
  "metrics": {
    "auc": 0.8875460607124057,
    "pr_auc": 0.8821717813974027,
    "accuracy": 0.8382838283828383,
    "precision": 0.8515625,
    "recall": 0.7841726618705036,
    "f1": 0.8164794007490637,
    "threshold": 0.4959636330604553
  },
  "runtime_s": 5326.41,
  "best_params": {
    "objective": "binary:logistic",
    "eval_metric": "auc",
    "learning_rate": 0.12415534455922517,
    "max_depth": 6,
    "subsample": 0.6000074901738315,
    "colsample_bytree": 0.5029080239795797,
    "n_estimators": 1094,
    "n_jobs": -1,
    "random_state": 42,
    "verbosity": 0,
    "min_child_weight": 5.893095418713359,
    "gamma": 2.2186198376856232e-08,
    "reg_alpha": 1.2800168384973575e-05,
    "reg_lambda": 0.0857841926535026,
    "early_stopping_rounds": 284
  },
  "per_fold_params": [
    {
      "objective": "binary:logistic",
      "eval_metric": "auc",
      "learning_rate": 0.03732515978362805,
      "max_depth": 11,
      "subsample": 0.521444780404104,
      "colsample_bytree": 0.6136467802107405,
      "n_estimators": 629,
      "n_jobs": -1,
      "random_state": 42,
      "verbosity": 0,
      "min_child_weight": 3.5818286032140154,
      "gamma": 0.11978488979089982,
      "reg_alpha": 3.8579194570829056e-08,
      "reg_lambda": 0.003314500631785526,
      "early_stopping_rounds": 210
    },
    {
      "objective": "binary:logistic",
      "eval_metric": "auc",
      "learning_rate": 0.15040012416801302,
      "max_depth": 2,
      "subsample": 0.5558172249138317,
      "colsample_bytree": 0.7878285189592096,
      "n_estimators": 1131,
      "n_jobs": -1,
      "random_state": 42,
      "verbosity": 0,
      "min_child_weight": 3.1449285608168456,
      "gamma": 0.0039006902506588206,
      "reg_alpha": 2.6131261905207245e-06,
      "reg_lambda": 0.00973131481045464,
      "early_stopping_rounds": 175
    },
    {
      "objective": "binary:logistic",
      "eval_metric": "auc",
      "learning_rate": 0.07427986311890387,
      "max_depth": 2,
      "subsample": 0.7007604689754267,
      "colsample_bytree": 0.5354561613136032,
      "n_estimators": 3757,
      "n_jobs": -1,
      "random_state": 42,
      "verbosity": 0,
      "min_child_weight": 0.20316411790065161,
      "gamma": 8.833742102155597e-06,
      "reg_alpha": 1.4581115773085046e-08,
      "reg_lambda": 0.0006103373227150657,
      "early_stopping_rounds": 206
    },
    {
      "objective": "binary:logistic",
      "eval_metric": "auc",
      "learning_rate": 0.002483648235047992,
      "max_depth": 2,
      "subsample": 0.6123473690015167,
      "colsample_bytree": 0.5286315621431041,
      "n_estimators": 2714,
      "n_jobs": -1,
      "random_state": 42,
      "verbosity": 0,
      "min_child_weight": 0.24431931526699938,
      "gamma": 0.0034180913544738915,
      "reg_alpha": 4.37637456382102e-08,
      "reg_lambda": 0.0005790416818843867,
      "early_stopping_rounds": 125
    },
    {
      "objective": "binary:logistic",
      "eval_metric": "auc",
      "learning_rate": 0.12415534455922517,
      "max_depth": 6,
      "subsample": 0.6000074901738315,
      "colsample_bytree": 0.5029080239795797,
      "n_estimators": 1094,
      "n_jobs": -1,
      "random_state": 42,
      "verbosity": 0,
      "min_child_weight": 5.893095418713359,
      "gamma": 2.2186198376856232e-08,
      "reg_alpha": 1.2800168384973575e-05,
      "reg_lambda": 0.0857841926535026,
      "early_stopping_rounds": 284
    },
    {
      "objective": "binary:logistic",
      "eval_metric": "auc",
      "learning_rate": 0.0065621895157721355,
      "max_depth": 11,
      "subsample": 0.5786846431059594,
      "colsample_bytree": 0.5193482044283523,
      "n_estimators": 2672,
      "n_jobs": -1,
      "random_state": 42,
      "verbosity": 0,
      "min_child_weight": 1.4527984549260327,
      "gamma": 0.05419781742643823,
      "reg_alpha": 1.988978649002536e-06,
      "reg_lambda": 1.813993997874011e-08,
      "early_stopping_rounds": 68
    },
    {
      "objective": "binary:logistic",
      "eval_metric": "auc",
      "learning_rate": 0.043891019460811045,
      "max_depth": 2,
      "subsample": 0.5343662885675571,
      "colsample_bytree": 0.8237773493205365,
      "n_estimators": 997,
      "n_jobs": -1,
      "random_state": 42,
      "verbosity": 0,
      "min_child_weight": 2.0632549742705195,
      "gamma": 1.205716511645839,
      "reg_alpha": 5.0629121900038004e-08,
      "reg_lambda": 9.655406817803536e-05,
      "early_stopping_rounds": 152
    },
    {
      "objective": "binary:logistic",
      "eval_metric": "auc",
      "learning_rate": 0.08264188286263972,
      "max_depth": 2,
      "subsample": 0.754235861092167,
      "colsample_bytree": 0.5006246314072145,
      "n_estimators": 3107,
      "n_jobs": -1,
      "random_state": 42,
      "verbosity": 0,
      "min_child_weight": 5.284086974244803,
      "gamma": 1.759448792771533,
      "reg_alpha": 0.01997745703659882,
      "reg_lambda": 2.326294221717597e-05,
      "early_stopping_rounds": 102
    },
    {
      "objective": "binary:logistic",
      "eval_metric": "auc",
      "learning_rate": 0.0029204384184290857,
      "max_depth": 4,
      "subsample": 0.6643729216183676,
      "colsample_bytree": 0.5250131836590411,
      "n_estimators": 3472,
      "n_jobs": -1,
      "random_state": 42,
      "verbosity": 0,
      "min_child_weight": 3.0492787609610366,
      "gamma": 0.0014970105592885612,
      "reg_alpha": 0.005301282248738654,
      "reg_lambda": 2.1555602234418886e-08,
      "early_stopping_rounds": 269
    },
    {
      "objective": "binary:logistic",
      "eval_metric": "auc",
      "learning_rate": 0.10632362045199964,
      "max_depth": 12,
      "subsample": 0.9211625030242714,
      "colsample_bytree": 0.6380662169139217,
      "n_estimators": 2401,
      "n_jobs": -1,
      "random_state": 42,
      "verbosity": 0,
      "min_child_weight": 3.1754530017905727,
      "gamma": 4.1762893920261676e-08,
      "reg_alpha": 9.436906051766084e-07,
      "reg_lambda": 0.013808441772983604,
      "early_stopping_rounds": 96
    }
  ],
  "fold_metrics": [
    {
      "auc": 0.9411764705882352,
      "pr_auc": 0.9513507326007324,
      "accuracy": 0.8387096774193549,
      "precision": 0.7647058823529411,
      "recall": 0.9285714285714286,
      "f1": 0.8387096774193549
    },
    {
      "auc": 0.9789915966386554,
      "pr_auc": 0.9767984116723611,
      "accuracy": 0.9354838709677419,
      "precision": 0.9285714285714286,
      "recall": 0.9285714285714286,
      "f1": 0.9285714285714286
    },
    {
      "auc": 0.907563025210084,
      "pr_auc": 0.8617926716141002,
      "accuracy": 0.8387096774193549,
      "precision": 0.8,
      "recall": 0.8571428571428571,
      "f1": 0.8275862068965517
    },
    {
      "auc": 0.9095022624434389,
      "pr_auc": 0.8916705089782012,
      "accuracy": 0.8,
      "precision": 0.8181818181818182,
      "recall": 0.6923076923076923,
      "f1": 0.75
    },
    {
      "auc": 0.9888392857142857,
      "pr_auc": 0.9873949579831933,
      "accuracy": 0.9666666666666667,
      "precision": 1.0,
      "recall": 0.9285714285714286,
      "f1": 0.9629629629629629
    },
    {
      "auc": 0.8705357142857143,
      "pr_auc": 0.8779273131163887,
      "accuracy": 0.8,
      "precision": 0.9,
      "recall": 0.6428571428571429,
      "f1": 0.75
    },
    {
      "auc": 0.9642857142857143,
      "pr_auc": 0.960354526425955,
      "accuracy": 0.8333333333333334,
      "precision": 0.9090909090909091,
      "recall": 0.7142857142857143,
      "f1": 0.8
    },
    {
      "auc": 0.8839285714285714,
      "pr_auc": 0.8967076782866255,
      "accuracy": 0.7333333333333333,