{
  "model": "xgboost",
  "dataset": "va_longbeach",
  "feature_set": "raw",
  "tuning": "dataset",
  "imbalance": "smote",
  "n_folds": 15,
  "oof_auc": 0.6761415975786287,
  "oof_pr_auc": 0.8362814896828434,
  "mean_fold_auc": 0.7354284221525601,
  "std_fold_auc": 0.08561174381266484,
  "metrics": {
    "auc": 0.6761415975786287,
    "pr_auc": 0.8362814896828434,
    "accuracy": 0.73,
    "precision": 0.8145695364238411,
    "recall": 0.825503355704698,
    "f1": 0.82,
    "threshold": 0.5200472275416056
  },
  "runtime_s": 2155.33,
  "best_params": {
    "objective": "binary:logistic",
    "eval_metric": "auc",
    "learning_rate": 0.005652636089305191,
    "max_depth": 5,
    "subsample": 0.884796397142294,
    "colsample_bytree": 0.6541287042105821,
    "n_estimators": 705,
    "n_jobs": -1,
    "random_state": 42,
    "verbosity": 0,
    "min_child_weight": 0.4029082377186814,
    "gamma": 2.3160415336017307e-05,
    "reg_alpha": 3.735683601996841e-06,
    "reg_lambda": 7.666080405205062e-05,
    "early_stopping_rounds": 270
  },
  "per_fold_params": [
    {
      "objective": "binary:logistic",
      "eval_metric": "auc",
      "learning_rate": 0.005125533763042056,
      "max_depth": 9,
      "subsample": 0.6986395357505963,
      "colsample_bytree": 0.5347100416480166,
      "n_estimators": 2952,
      "n_jobs": -1,
      "random_state": 42,
      "verbosity": 0,
      "min_child_weight": 0.052229715476728854,
      "gamma": 0.01173848569802041,
      "reg_alpha": 0.0026034915805553276,
      "reg_lambda": 19.048220766932506,
      "early_stopping_rounds": 281
    },
    {
      "objective": "binary:logistic",
      "eval_metric": "auc",
      "learning_rate": 0.09699427595136884,
      "max_depth": 2,
      "subsample": 0.6153285603633263,
      "colsample_bytree": 0.6769501753917733,
      "n_estimators": 3994,
      "n_jobs": -1,
      "random_state": 42,
      "verbosity": 0,
      "min_child_weight": 0.2773477652871633,
      "gamma": 1.463145193137712e-05,
      "reg_alpha": 0.002770129118684436,
      "reg_lambda": 5.600481419487951e-07,
      "early_stopping_rounds": 197
    },
    {
      "objective": "binary:logistic",
      "eval_metric": "auc",
      "learning_rate": 0.019195347630584836,
      "max_depth": 3,
      "subsample": 0.9397988609070385,
      "colsample_bytree": 0.6763931771788053,
      "n_estimators": 3216,
      "n_jobs": -1,
      "random_state": 42,
      "verbosity": 0,
      "min_child_weight": 2.1058140767043807,
      "gamma": 1.1778987902251596,
      "reg_alpha": 7.442516872080703e-06,
      "reg_lambda": 15.682398549891776,
      "early_stopping_rounds": 115
    },
    {
      "objective": "binary:logistic",
      "eval_metric": "auc",
      "learning_rate": 0.0014181055355057747,
      "max_depth": 3,
      "subsample": 0.5480740324129076,
      "colsample_bytree": 0.5388320506681543,
      "n_estimators": 1452,
      "n_jobs": -1,
      "random_state": 42,
      "verbosity": 0,
      "min_child_weight": 0.030413165012351667,
      "gamma": 1.6595284616450858,
      "reg_alpha": 0.0032621957601909318,
      "reg_lambda": 0.00023798596177999255,
      "early_stopping_rounds": 169
    },
    {
      "objective": "binary:logistic",
      "eval_metric": "auc",
      "learning_rate": 0.01657171095477453,
      "max_depth": 3,
      "subsample": 0.7768128615391756,
      "colsample_bytree": 0.571032684512321,
      "n_estimators": 2005,
      "n_jobs": -1,
      "random_state": 42,
      "verbosity": 0,
      "min_child_weight": 3.551399783682268,
      "gamma": 0.002865275504017748,
      "reg_alpha": 0.0005965813328861616,
      "reg_lambda": 37.50115176587241,
      "early_stopping_rounds": 162
    },
    {
      "objective": "binary:logistic",
      "eval_metric": "auc",
      "learning_rate": 0.014276567142088368,
      "max_depth": 2,
      "subsample": 0.8017445014041517,
      "colsample_bytree": 0.6408067075179179,
      "n_estimators": 724,
      "n_jobs": -1,
      "random_state": 42,
      "verbosity": 0,
      "min_child_weight": 0.041267378318097646,
      "gamma": 1.7368926181250742e-07,
      "reg_alpha": 0.0006773809070199383,
      "reg_lambda": 0.0012484164334645826,
      "early_stopping_rounds": 99
    },
    {
      "objective": "binary:logistic",
      "eval_metric": "auc",
      "learning_rate": 0.006393707245134129,
      "max_depth": 7,
      "subsample": 0.6391826279130743,
      "colsample_bytree": 0.6398939504862422,
      "n_estimators": 3054,
      "n_jobs": -1,
      "random_state": 42,
      "verbosity": 0,
      "min_child_weight": 1.327264700200018,
      "gamma": 7.202113824340073,
      "reg_alpha": 0.0002929439661426599,
      "reg_lambda": 4.641596523073895e-08,
      "early_stopping_rounds": 140
    },
    {
      "objective": "binary:logistic",
      "eval_metric": "auc",
      "learning_rate": 0.005652636089305191,
      "max_depth": 5,
      "subsample": 0.884796397142294,
      "colsample_bytree": 0.6541287042105821,
      "n_estimators": 705,
      "n_jobs": -1,
      "random_state": 42,
      "verbosity": 0,
      "min_child_weight": 0.4029082377186814,
      "gamma": 2.3160415336017307e-05,
      "reg_alpha": 3.735683601996841e-06,
      "reg_lambda": 7.666080405205062e-05,
      "early_stopping_rounds": 270
    },
    {
      "objective": "binary:logistic",
      "eval_metric": "auc",
      "learning_rate": 0.004450529877760284,
      "max_depth": 8,
      "subsample": 0.6830100046380343,
      "colsample_bytree": 0.8243808828894024,
      "n_estimators": 1852,
      "n_jobs": -1,
      "random_state": 42,
      "verbosity": 0,
      "min_child_weight": 0.017060466493893138,
      "gamma": 0.9890490533223463,
      "reg_alpha": 0.008917790704532401,
      "reg_lambda": 1.4716474410240692,
      "early_stopping_rounds": 141
    },
    {
      "objective": "binary:logistic",
      "eval_metric": "auc",
      "learning_rate": 0.0030670912798257013,
      "max_depth": 6,
      "subsample": 0.5770254207139334,
      "colsample_bytree": 0.5057198799241943,
      "n_estimators": 2899,
      "n_jobs": -1,
      "random_state": 42,
      "verbosity": 0,
      "min_child_weight": 0.43449607225588344,
      "gamma": 3.154082868378152e-07,
      "reg_alpha": 0.001393703174795463,
      "reg_lambda": 0.01525625621322157,
      "early_stopping_rounds": 164
    },
    {
      "objective": "binary:logistic",
      "eval_metric": "auc",
      "learning_rate": 0.016147027757477773,
      "max_depth": 7,
      "subsample": 0.9422431440180662,
      "colsample_bytree": 0.672389986360927,
      "n_estimators": 1576,
      "n_jobs": -1,
      "random_state": 42,
      "verbosity": 0,
      "min_child_weight": 0.02939503506820811,
      "gamma": 6.511293645754693e-06,
      "reg_alpha": 1.0602571560241064e-05,
      "reg_lambda": 0.4964865142081457,
      "early_stopping_rounds": 101
    },
    {
      "objective": "binary:logistic",
      "eval_metric": "auc",
      "learning_rate": 0.034439722509732554,
      "max_depth": 10,
      "subsample": 0.5398912138639517,
      "colsample_bytree": 0.9526011749100898,
      "n_estimators": 569,
      "n_jobs": -1,
      "random_state": 42,
      "verbosity": 0,
      "min_child_weight": 0.028691800214080236,
      "gamma": 4.023418205382004,
      "reg_alpha": 0.7126113618783352,
      "reg_lambda": 2.8575166047370664e-05,
      "early_stopping_rounds": 72
    },
    {
      "objective": "binary:logistic",
      "eval_metric": "auc",
      "learning_rate": 0.08965671068468052,
      "max_depth": 8,
      "subsample": 0.6571496088347544,
      "colsample_bytree": 0.6491487202377534,
      "n_estimators": 2738,
      "n_jobs": -1,
      "random_state": 42,
      "verbosity": 0,
      "min_child_weight": 1.6872549249718445,
      "gamma": 0.4842897786538988,
      "reg_alpha": 1.2956900818588812e-07,
      "reg_lambda": 2.484068372381959e-07,
      "early_stopping_rounds": 202
    },
    {
      "objective": "binary:logistic",