{
  "model": "lightgbm",
  "dataset": "hungarian",
  "tuning": "competition",
  "imbalance": "native",
  "n_folds": 10,
  "oof_auc": 0.8741720192693698,
  "oof_pr_auc": 0.8273560632296815,
  "mean_fold_auc": 0.8703535353535352,
  "std_fold_auc": 0.04735977161985699,
  "metrics": {
    "auc": 0.8741720192693698,
    "pr_auc": 0.8273560632296815,
    "accuracy": 0.8061224489795918,
    "precision": 0.7058823529411765,
    "recall": 0.7924528301886793,
    "f1": 0.7466666666666667,
    "threshold": 0.46662388215362505
  },
  "runtime_s": 4.11,
  "best_params": {
    "n_estimators": 10000,
    "learning_rate": 0.02,
    "num_leaves": 15,
    "max_depth": -1,
    "min_child_samples": 55,
    "subsample": 0.8061521649345637,
    "colsample_bytree": 0.8404556263256399,
    "reg_alpha": 0.0,
    "reg_lambda": 2.082111807343839,
    "objective": "binary",
    "n_jobs": -1,
    "verbosity": -1,
    "is_unbalance": true
  },
  "per_fold_params": [
    {
      "n_estimators": 10000,
      "learning_rate": 0.02,
      "num_leaves": 15,
      "max_depth": -1,
      "min_child_samples": 55,
      "subsample": 0.8061521649345637,
      "colsample_bytree": 0.8404556263256399,
      "reg_alpha": 0.0,
      "reg_lambda": 2.082111807343839,
      "objective": "binary",
      "n_jobs": -1,
      "verbosity": -1,
      "is_unbalance": true
    },
    {
      "n_estimators": 10000,
      "learning_rate": 0.02,
      "num_leaves": 15,
      "max_depth": -1,
      "min_child_samples": 55,
      "subsample": 0.8061521649345637,
      "colsample_bytree": 0.8404556263256399,
      "reg_alpha": 0.0,
      "reg_lambda": 2.082111807343839,
      "objective": "binary",
      "n_jobs": -1,
      "verbosity": -1,
      "is_unbalance": true
    },
    {
      "n_estimators": 10000,
      "learning_rate": 0.02,
      "num_leaves": 15,
      "max_depth": -1,
      "min_child_samples": 55,
      "subsample": 0.8061521649345637,
      "colsample_bytree": 0.8404556263256399,
      "reg_alpha": 0.0,
      "reg_lambda": 2.082111807343839,
      "objective": "binary",
      "n_jobs": -1,
      "verbosity": -1,
      "is_unbalance": true
    },
    {
      "n_estimators": 10000,
      "learning_rate": 0.02,
      "num_leaves": 15,
      "max_depth": -1,
      "min_child_samples": 55,
      "subsample": 0.8061521649345637,
      "colsample_bytree": 0.8404556263256399,
      "reg_alpha": 0.0,
      "reg_lambda": 2.082111807343839,
      "objective": "binary",
      "n_jobs": -1,
      "verbosity": -1,
      "is_unbalance": true
    },
    {
      "n_estimators": 10000,
      "learning_rate": 0.02,
      "num_leaves": 15,
      "max_depth": -1,
      "min_child_samples": 55,
      "subsample": 0.8061521649345637,
      "colsample_bytree": 0.8404556263256399,
      "reg_alpha": 0.0,
      "reg_lambda": 2.082111807343839,
      "objective": "binary",
      "n_jobs": -1,
      "verbosity": -1,
      "is_unbalance": true
    },
    {
      "n_estimators": 10000,
      "learning_rate": 0.02,
      "num_leaves": 15,
      "max_depth": -1,
      "min_child_samples": 55,
      "subsample": 0.8061521649345637,
      "colsample_bytree": 0.8404556263256399,
      "reg_alpha": 0.0,
      "reg_lambda": 2.082111807343839,
      "objective": "binary",
      "n_jobs": -1,
      "verbosity": -1,
      "is_unbalance": true
    },
    {
      "n_estimators": 10000,
      "learning_rate": 0.02,
      "num_leaves": 15,
      "max_depth": -1,
      "min_child_samples": 55,
      "subsample": 0.8061521649345637,
      "colsample_bytree": 0.8404556263256399,
      "reg_alpha": 0.0,
      "reg_lambda": 2.082111807343839,
      "objective": "binary",
      "n_jobs": -1,
      "verbosity": -1,
      "is_unbalance": true
    },
    {
      "n_estimators": 10000,
      "learning_rate": 0.02,
      "num_leaves": 15,
      "max_depth": -1,
      "min_child_samples": 55,
      "subsample": 0.8061521649345637,
      "colsample_bytree": 0.8404556263256399,
      "reg_alpha": 0.0,
      "reg_lambda": 2.082111807343839,
      "objective": "binary",
      "n_jobs": -1,
      "verbosity": -1,
      "is_unbalance": true
    },
    {
      "n_estimators": 10000,
      "learning_rate": 0.02,
      "num_leaves": 15,
      "max_depth": -1,
      "min_child_samples": 55,
      "subsample": 0.8061521649345637,
      "colsample_bytree": 0.8404556263256399,
      "reg_alpha": 0.0,
      "reg_lambda": 2.082111807343839,
      "objective": "binary",
      "n_jobs": -1,
      "verbosity": -1,
      "is_unbalance": true
    },
    {
      "n_estimators": 10000,
      "learning_rate": 0.02,
      "num_leaves": 15,
      "max_depth": -1,
      "min_child_samples": 55,
      "subsample": 0.8061521649345637,
      "colsample_bytree": 0.8404556263256399,
      "reg_alpha": 0.0,
      "reg_lambda": 2.082111807343839,
      "objective": "binary",
      "n_jobs": -1,
      "verbosity": -1,
      "is_unbalance": true
    }
  ],
  "fold_metrics": [
    {
      "auc": 0.8397129186602871,
      "pr_auc": 0.7261821511821512,
      "accuracy": 0.8333333333333334,
      "precision": 0.8,
      "recall": 0.7272727272727273,
      "f1": 0.7619047619047619,
      "threshold": 0.5462794561716081
    },
    {
      "auc": 0.8516746411483254,
      "pr_auc": 0.8646399055489966,
      "accuracy": 0.8,
      "precision": 0.7777777777777778,
      "recall": 0.6363636363636364,
      "f1": 0.7,
      "threshold": 0.4236488325118836
    },
    {
      "auc": 0.8349282296650717,
      "pr_auc": 0.8438340625506402,
      "accuracy": 0.7666666666666667,
      "precision": 0.6666666666666666,
      "recall": 0.7272727272727273,
      "f1": 0.6956521739130435,
      "threshold": 0.8253290206636423
    },
    {
      "auc": 0.9138755980861244,
      "pr_auc": 0.9105866355866357,
      "accuracy": 0.8333333333333334,
      "precision": 0.875,
      "recall": 0.6363636363636364,
      "f1": 0.7368421052631579,
      "threshold": 0.47431279163352746
    },
    {
      "auc": 0.7973684210526315,
      "pr_auc": 0.6389046982429335,
      "accuracy": 0.6896551724137931,
      "precision": 0.5333333333333333,
      "recall": 0.8,
      "f1": 0.64,
      "threshold": 0.46662388215362505
    },
    {
      "auc": 0.9526315789473684,
      "pr_auc": 0.9246503496503496,
      "accuracy": 0.8620689655172413,
      "precision": 0.7142857142857143,
      "recall": 1.0,
      "f1": 0.8333333333333334,
      "threshold": 0.5584789259195699
    },
    {
      "auc": 0.8368421052631578,
      "pr_auc": 0.7930976430976431,
      "accuracy": 0.8275862068965517,
      "precision": 0.7272727272727273,
      "recall": 0.8,
      "f1": 0.7619047619047619,
      "threshold": 0.5387384348625275
    },
    {
      "auc": 0.868421052631579,
      "pr_auc": 0.746306792622582,
      "accuracy": 0.7931034482758621,
      "precision": 0.6428571428571429,
      "recall": 0.9,
      "f1": 0.75,
      "threshold": 0.6063392217385511
    },
    {
      "auc": 0.8686868686868686,
      "pr_auc": 0.8551448551448552,
      "accuracy": 0.7931034482758621,
      "precision": 0.6923076923076923,
      "recall": 0.8181818181818182,
      "f1": 0.75,
      "threshold": 0.46966127969352256
    },
    {
      "auc": 0.9393939393939393,
      "pr_auc": 0.9462809917355373,
      "accuracy": 0.8620689655172413,
      "precision": 0.7692307692307693,
      "recall": 0.9090909090909091,
      "f1": 0.8333333333333334,
      "threshold": 0.6367071504209236
    }
  ],
  "scenario": 4,
  "feature_set": "raw+competition_stats",
  "n_samples": 294,
  "prevalence": 36.1
}