{
  "model": "lightgbm",
  "dataset": "switzerland",
  "tuning": "dataset",
  "imbalance": "native",
  "n_folds": 15,
  "oof_auc": 0.7532608695652174,
  "oof_pr_auc": 0.9746329941041694,
  "mean_fold_auc": 0.6782608695652176,
  "std_fold_auc": 0.24353001520341996,
  "metrics": {
    "auc": 0.7532608695652174,
    "pr_auc": 0.9746329941041694,
    "accuracy": 0.9349593495934959,
    "precision": 0.9421487603305785,
    "recall": 0.991304347826087,
    "f1": 0.9661016949152542,
    "threshold": 0.7751537248594489
  },
  "runtime_s": 301.05,
  "best_params": {
    "n_estimators": 677,
    "learning_rate": 0.1837132348909792,
    "num_leaves": 168,
    "max_depth": 3,
    "min_child_samples": 5,
    "subsample": 0.8383499896268275,
    "colsample_bytree": 0.7679931960329003,
    "reg_alpha": 0.005880892675637688,
    "reg_lambda": 1.1394789430446609e-08,
    "objective": "binary",
    "n_jobs": -1,
    "verbosity": -1,
    "is_unbalance": true
  },
  "per_fold_params": [
    {
      "n_estimators": 677,
      "learning_rate": 0.1837132348909792,
      "num_leaves": 168,
      "max_depth": 3,
      "min_child_samples": 5,
      "subsample": 0.8383499896268275,
      "colsample_bytree": 0.7679931960329003,
      "reg_alpha": 0.005880892675637688,
      "reg_lambda": 1.1394789430446609e-08,
      "objective": "binary",
      "n_jobs": -1,
      "verbosity": -1,
      "is_unbalance": true
    },
    {
      "n_estimators": 3015,
      "learning_rate": 0.00810572450902105,
      "num_leaves": 414,
      "max_depth": 3,
      "min_child_samples": 10,
      "subsample": 0.9333243204496001,
      "colsample_bytree": 0.6105144979421857,
      "reg_alpha": 0.0001121745873184608,
      "reg_lambda": 1.448654134301562e-05,
      "objective": "binary",
      "n_jobs": -1,
      "verbosity": -1,
      "is_unbalance": true
    },
    {
      "n_estimators": 1190,
      "learning_rate": 0.19918170586115494,
      "num_leaves": 222,
      "max_depth": 14,
      "min_child_samples": 17,
      "subsample": 0.6986911985974108,
      "colsample_bytree": 0.8321271659265699,
      "reg_alpha": 1.3867690330972042e-08,
      "reg_lambda": 0.00014743309675457875,
      "objective": "binary",
      "n_jobs": -1,
      "verbosity": -1,
      "is_unbalance": true
    },
    {
      "n_estimators": 2829,
      "learning_rate": 0.007490336740579466,
      "num_leaves": 69,
      "max_depth": 3,
      "min_child_samples": 8,
      "subsample": 0.5542772634519366,
      "colsample_bytree": 0.7834440028295053,
      "reg_alpha": 0.001974810999826746,
      "reg_lambda": 0.006051792079616795,
      "objective": "binary",
      "n_jobs": -1,
      "verbosity": -1,
      "is_unbalance": true
    },
    {
      "n_estimators": 334,
      "learning_rate": 0.004205980338000289,
      "num_leaves": 434,
      "max_depth": 12,
      "min_child_samples": 5,
      "subsample": 0.8512179748596388,
      "colsample_bytree": 0.5070325131145725,
      "reg_alpha": 0.7641580422257687,
      "reg_lambda": 0.020478169187541945,
      "objective": "binary",
      "n_jobs": -1,
      "verbosity": -1,
      "is_unbalance": true
    },
    {
      "n_estimators": 500,
      "learning_rate": 0.009249869458187242,
      "num_leaves": 440,
      "max_depth": 7,
      "min_child_samples": 6,
      "subsample": 0.6464339766543916,
      "colsample_bytree": 0.8960761732828232,
      "reg_alpha": 4.095714478765833e-06,
      "reg_lambda": 0.019867636840784172,
      "objective": "binary",
      "n_jobs": -1,
      "verbosity": -1,
      "is_unbalance": true
    },
    {
      "n_estimators": 3168,
      "learning_rate": 0.004045856033907299,
      "num_leaves": 17,
      "max_depth": 15,
      "min_child_samples": 7,
      "subsample": 0.8571397308902202,
      "colsample_bytree": 0.6829629302150625,
      "reg_alpha": 0.025070886734092707,
      "reg_lambda": 0.5448629159143069,
      "objective": "binary",
      "n_jobs": -1,
      "verbosity": -1,
      "is_unbalance": true
    },
    {
      "n_estimators": 3612,
      "learning_rate": 0.017766854421585303,
      "num_leaves": 425,
      "max_depth": 9,
      "min_child_samples": 5,
      "subsample": 0.8139106912526812,
      "colsample_bytree": 0.8843074634434814,
      "reg_alpha": 1.580148870767751e-05,
      "reg_lambda": 1.8818784406868447e-08,
      "objective": "binary",
      "n_jobs": -1,
      "verbosity": -1,
      "is_unbalance": true
    },
    {
      "n_estimators": 844,
      "learning_rate": 0.0011153169053087033,
      "num_leaves": 18,
      "max_depth": 3,
      "min_child_samples": 5,
      "subsample": 0.5851376080108066,
      "colsample_bytree": 0.6085303631897173,
      "reg_alpha": 0.015330747462003105,
      "reg_lambda": 0.012080960420789006,
      "objective": "binary",
      "n_jobs": -1,
      "verbosity": -1,
      "is_unbalance": true
    },
    {
      "n_estimators": 2531,
      "learning_rate": 0.0012531152645440706,
      "num_leaves": 326,
      "max_depth": 2,
      "min_child_samples": 30,
      "subsample": 0.9487232456517296,
      "colsample_bytree": 0.5526540083789628,
      "reg_alpha": 6.048497671756092e-08,
      "reg_lambda": 2.7827985072038522e-08,
      "objective": "binary",
      "n_jobs": -1,
      "verbosity": -1,
      "is_unbalance": true
    },
    {
      "n_estimators": 3740,
      "learning_rate": 0.11236402423720103,
      "num_leaves": 175,
      "max_depth": 11,
      "min_child_samples": 10,
      "subsample": 0.6008919317167203,
      "colsample_bytree": 0.8615308833272417,
      "reg_alpha": 0.33120679393059516,
      "reg_lambda": 8.991067837245887e-06,
      "objective": "binary",
      "n_jobs": -1,
      "verbosity": -1,
      "is_unbalance": true
    },
    {
      "n_estimators": 3770,
      "learning_rate": 0.19602330258100487,
      "num_leaves": 201,
      "max_depth": 3,
      "min_child_samples": 5,
      "subsample": 0.9524503088862193,
      "colsample_bytree": 0.8440219107746081,
      "reg_alpha": 0.00012705671276852192,
      "reg_lambda": 2.2978839965826195e-05,
      "objective": "binary",
      "n_jobs": -1,
      "verbosity": -1,
      "is_unbalance": true
    },
    {
      "n_estimators": 1371,
      "learning_rate": 0.002037488596071561,
      "num_leaves": 219,
      "max_depth": 9,
      "min_child_samples": 14,
      "subsample": 0.7758963595990431,
      "colsample_bytree": 0.8683408869108532,
      "reg_alpha": 0.07328050099067752,
      "reg_lambda": 9.286340439675729e-05,
      "objective": "binary",
      "n_jobs": -1,
      "verbosity": -1,
      "is_unbalance": true
    },
    {
      "n_estimators": 733,
      "learning_rate": 0.07877055559839792,
      "num_leaves": 219,
      "max_depth": 7,
      "min_child_samples": 13,
      "subsample": 0.8457165985804614,
      "colsample_bytree": 0.7399406028896167,
      "reg_alpha": 0.03031842329394949,
      "reg_lambda": 0.9527661862233204,
      "objective": "binary",
      "n_jobs": -1,
      "verbosity": -1,
      "is_unbalance": true
    },
    {
      "n_estimators": 1485,
      "learning_rate": 0.017434973994554615,
      "num_leaves": 19,
      "max_depth": 9,
      "min_child_samples": 12,
      "subsample": 0.8265138509152179,
      "colsample_bytree": 0.6754819002963126,
      "reg_alpha": 0.0017413985528645728,
      "reg_lambda": 0.0003262002465640961,
      "objective": "binary",
      "n_jobs": -1,
      "verbosity": -1,
      "is_unbalance": true
    }
  ],
  "fold_metrics": [
    {
      "auc": 0.9565217391304348,
      "pr_auc": 0.9965217391304347,
      "accuracy": 0.96,
      "precision": 1.0,
      "recall": 0.9565217391304348,
      "f1": 0.9777777777777777,
      "threshold": 0.5960181214720371
    },
    {
      "auc": 0.6739130434782609,
      "pr_auc": 0.9569870697047975,
      "accuracy": 0.92,
      "precision": 0.92,
      "recall": 1.0,
      "f1": 0.9583333333333334,
      "threshold": 0.8008890477681829
    },
    {
      "auc": 0.45652173913043476,
      "pr_auc": 0.9080556217446021,