{
  "model": "lightgbm",
  "dataset": "switzerland",
  "tuning": "dataset",
  "imbalance": "smote",
  "n_folds": 15,
  "oof_auc": 0.8097826086956521,
  "oof_pr_auc": 0.9833650631424071,
  "mean_fold_auc": 0.8304347826086957,
  "std_fold_auc": 0.14287311999952787,
  "metrics": {
    "auc": 0.8097826086956521,
    "pr_auc": 0.9833650631424071,
    "accuracy": 0.9105691056910569,
    "precision": 0.9642857142857143,
    "recall": 0.9391304347826087,
    "f1": 0.9515418502202643,
    "threshold": 0.613797288558067
  },
  "runtime_s": 1028.61,
  "best_params": {
    "n_estimators": 1207,
    "learning_rate": 0.1859100879272056,
    "num_leaves": 215,
    "max_depth": 6,
    "min_child_samples": 5,
    "subsample": 0.9478668969549888,
    "colsample_bytree": 0.770272615311094,
    "reg_alpha": 8.874964216050644e-05,
    "reg_lambda": 0.34894078648597243,
    "objective": "binary",
    "n_jobs": -1,
    "verbosity": -1
  },
  "per_fold_params": [
    {
      "n_estimators": 1207,
      "learning_rate": 0.1859100879272056,
      "num_leaves": 215,
      "max_depth": 6,
      "min_child_samples": 5,
      "subsample": 0.9478668969549888,
      "colsample_bytree": 0.770272615311094,
      "reg_alpha": 8.874964216050644e-05,
      "reg_lambda": 0.34894078648597243,
      "objective": "binary",
      "n_jobs": -1,
      "verbosity": -1
    },
    {
      "n_estimators": 2174,
      "learning_rate": 0.19920329743539122,
      "num_leaves": 464,
      "max_depth": 6,
      "min_child_samples": 5,
      "subsample": 0.6302091643682812,
      "colsample_bytree": 0.7520344782620446,
      "reg_alpha": 2.9711445391816027e-08,
      "reg_lambda": 0.0010639406074385003,
      "objective": "binary",
      "n_jobs": -1,
      "verbosity": -1
    },
    {
      "n_estimators": 1409,
      "learning_rate": 0.022467817393091057,
      "num_leaves": 67,
      "max_depth": 11,
      "min_child_samples": 61,
      "subsample": 0.5879296274801799,
      "colsample_bytree": 0.778830781015454,
      "reg_alpha": 1.242409956615878e-07,
      "reg_lambda": 4.501054444315291e-06,
      "objective": "binary",
      "n_jobs": -1,
      "verbosity": -1
    },
    {
      "n_estimators": 1618,
      "learning_rate": 0.06757019852013016,
      "num_leaves": 63,
      "max_depth": 15,
      "min_child_samples": 20,
      "subsample": 0.7853172225529191,
      "colsample_bytree": 0.562056125017837,
      "reg_alpha": 8.603821929187921,
      "reg_lambda": 3.905690533833666e-05,
      "objective": "binary",
      "n_jobs": -1,
      "verbosity": -1
    },
    {
      "n_estimators": 389,
      "learning_rate": 0.0011336224865539704,
      "num_leaves": 373,
      "max_depth": 3,
      "min_child_samples": 6,
      "subsample": 0.5294478152856524,
      "colsample_bytree": 0.7329849588870855,
      "reg_alpha": 0.07626141266449837,
      "reg_lambda": 0.03899637414314432,
      "objective": "binary",
      "n_jobs": -1,
      "verbosity": -1
    },
    {
      "n_estimators": 848,
      "learning_rate": 0.007034498199588326,
      "num_leaves": 324,
      "max_depth": 6,
      "min_child_samples": 61,
      "subsample": 0.5690261273655879,
      "colsample_bytree": 0.7395675302852461,
      "reg_alpha": 7.307588285495893e-08,
      "reg_lambda": 1.0086774525130025e-06,
      "objective": "binary",
      "n_jobs": -1,
      "verbosity": -1
    },
    {
      "n_estimators": 1297,
      "learning_rate": 0.06283024119537205,
      "num_leaves": 138,
      "max_depth": 12,
      "min_child_samples": 16,
      "subsample": 0.932205978421178,
      "colsample_bytree": 0.6508271437249038,
      "reg_alpha": 13.655922606928423,
      "reg_lambda": 7.827051457109367e-08,
      "objective": "binary",
      "n_jobs": -1,
      "verbosity": -1
    },
    {
      "n_estimators": 3612,
      "learning_rate": 0.017766854421585303,
      "num_leaves": 425,
      "max_depth": 9,
      "min_child_samples": 5,
      "subsample": 0.8139106912526812,
      "colsample_bytree": 0.8843074634434814,
      "reg_alpha": 1.580148870767751e-05,
      "reg_lambda": 1.8818784406868447e-08,
      "objective": "binary",
      "n_jobs": -1,
      "verbosity": -1
    },
    {
      "n_estimators": 430,
      "learning_rate": 0.19355585983453993,
      "num_leaves": 73,
      "max_depth": 4,
      "min_child_samples": 13,
      "subsample": 0.7250717615575919,
      "colsample_bytree": 0.7699783491670454,
      "reg_alpha": 0.0026965346289951867,
      "reg_lambda": 1.7011272910651393e-06,
      "objective": "binary",
      "n_jobs": -1,
      "verbosity": -1
    },
    {
      "n_estimators": 1948,
      "learning_rate": 0.0013762398713495494,
      "num_leaves": 391,
      "max_depth": 12,
      "min_child_samples": 59,
      "subsample": 0.8570606977059525,
      "colsample_bytree": 0.7911780402750938,
      "reg_alpha": 0.02462584468148134,
      "reg_lambda": 0.895338553139962,
      "objective": "binary",
      "n_jobs": -1,
      "verbosity": -1
    },
    {
      "n_estimators": 949,
      "learning_rate": 0.1960303292653478,
      "num_leaves": 431,
      "max_depth": 3,
      "min_child_samples": 8,
      "subsample": 0.8479330250512257,
      "colsample_bytree": 0.9037513218906977,
      "reg_alpha": 3.2590989247928175e-07,
      "reg_lambda": 1.2938447552279012e-05,
      "objective": "binary",
      "n_jobs": -1,
      "verbosity": -1
    },
    {
      "n_estimators": 2130,
      "learning_rate": 0.02558563597259314,
      "num_leaves": 205,
      "max_depth": 5,
      "min_child_samples": 27,
      "subsample": 0.6226243008414122,
      "colsample_bytree": 0.5963973253785808,
      "reg_alpha": 5.873471462000531e-06,
      "reg_lambda": 7.418733170496552e-08,
      "objective": "binary",
      "n_jobs": -1,
      "verbosity": -1
    },
    {
      "n_estimators": 926,
      "learning_rate": 0.0010503411366255988,
      "num_leaves": 388,
      "max_depth": 13,
      "min_child_samples": 9,
      "subsample": 0.5370278556042833,
      "colsample_bytree": 0.9044632902727228,
      "reg_alpha": 0.4106477436884548,
      "reg_lambda": 0.5498250014040431,
      "objective": "binary",
      "n_jobs": -1,
      "verbosity": -1
    },
    {
      "n_estimators": 1027,
      "learning_rate": 0.012023345941047972,
      "num_leaves": 200,
      "max_depth": 1,
      "min_child_samples": 43,
      "subsample": 0.8466954897600503,
      "colsample_bytree": 0.8231643673758772,
      "reg_alpha": 15.762230823068611,
      "reg_lambda": 32.64707159655022,
      "objective": "binary",
      "n_jobs": -1,
      "verbosity": -1
    },
    {
      "n_estimators": 2459,
      "learning_rate": 0.0025557660338395576,
      "num_leaves": 224,
      "max_depth": 9,
      "min_child_samples": 56,
      "subsample": 0.802833796440967,
      "colsample_bytree": 0.7157491782425157,
      "reg_alpha": 3.616083486663136e-05,
      "reg_lambda": 0.006988179823894312,
      "objective": "binary",
      "n_jobs": -1,
      "verbosity": -1
    }
  ],
  "fold_metrics": [
    {
      "auc": 0.9782608695652174,
      "pr_auc": 0.9981884057971013,
      "accuracy": 0.92,
      "precision": 0.9565217391304348,
      "recall": 0.9565217391304348,
      "f1": 0.9565217391304348,
      "threshold": 0.8306109173507148
    },
    {
      "auc": 0.8260869565217391,
      "pr_auc": 0.9802585776549445,
      "accuracy": 0.92,
      "precision": 0.9565217391304348,
      "recall": 0.9565217391304348,
      "f1": 0.9565217391304348,
      "threshold": 0.887737482128957
    },
    {
      "auc": 0.7282608695652173,
      "pr_auc": 0.9706950944166586,
      "accuracy": 0.84,
      "precision": 0.9130434782608695,
      "recall": 0.9130434782608695,
      "f1": 0.9130434782608695,
      "threshold": 0.8914899191882976
    },
    {
      "auc": 0.5217391304347826,
      "pr_auc": 0.9636345367342284,
      "accuracy": 0.8333333333333334,
      "precision": 0.9523809523809523,
      "recall": 0.8695652173913043,
      "f1": 0.9090909090909091,