{
  "model": "lightgbm",
  "dataset": "va_longbeach",
  "tuning": "dataset",
  "imbalance": "smote",
  "n_folds": 15,
  "oof_auc": 0.6786419265692855,
  "oof_pr_auc": 0.8691606157081602,
  "mean_fold_auc": 0.6495921281783351,
  "std_fold_auc": 0.08966093659725866,
  "metrics": {
    "auc": 0.6786419265692855,
    "pr_auc": 0.8691606157081602,
    "accuracy": 0.705,
    "precision": 0.7960526315789473,
    "recall": 0.8120805369127517,
    "f1": 0.8039867109634552,
    "threshold": 0.6726103972393517
  },
  "runtime_s": 3355.76,
  "best_params": {
    "n_estimators": 2280,
    "learning_rate": 0.09135005393866114,
    "num_leaves": 224,
    "max_depth": 2,
    "min_child_samples": 7,
    "subsample": 0.8263360537896282,
    "colsample_bytree": 0.7144919947673548,
    "reg_alpha": 1.2101305871259372e-08,
    "reg_lambda": 4.0405942481747855e-05,
    "objective": "binary",
    "n_jobs": -1,
    "verbosity": -1
  },
  "per_fold_params": [
    {
      "n_estimators": 2280,
      "learning_rate": 0.09135005393866114,
      "num_leaves": 224,
      "max_depth": 2,
      "min_child_samples": 7,
      "subsample": 0.8263360537896282,
      "colsample_bytree": 0.7144919947673548,
      "reg_alpha": 1.2101305871259372e-08,
      "reg_lambda": 4.0405942481747855e-05,
      "objective": "binary",
      "n_jobs": -1,
      "verbosity": -1
    },
    {
      "n_estimators": 881,
      "learning_rate": 0.01973741248145131,
      "num_leaves": 481,
      "max_depth": 9,
      "min_child_samples": 28,
      "subsample": 0.8910775053767772,
      "colsample_bytree": 0.8460417476677795,
      "reg_alpha": 0.08321626896397413,
      "reg_lambda": 9.279915699282379,
      "objective": "binary",
      "n_jobs": -1,
      "verbosity": -1
    },
    {
      "n_estimators": 1664,
      "learning_rate": 0.06959334629204801,
      "num_leaves": 165,
      "max_depth": 16,
      "min_child_samples": 31,
      "subsample": 0.803569323812167,
      "colsample_bytree": 0.5934068799815955,
      "reg_alpha": 0.0035235000223739635,
      "reg_lambda": 1.267874608723694e-08,
      "objective": "binary",
      "n_jobs": -1,
      "verbosity": -1
    },
    {
      "n_estimators": 1638,
      "learning_rate": 0.011648690403058269,
      "num_leaves": 251,
      "max_depth": 7,
      "min_child_samples": 53,
      "subsample": 0.5134431581025377,
      "colsample_bytree": 0.5509296390734986,
      "reg_alpha": 5.275324016326737e-07,
      "reg_lambda": 1.6585998422240232e-07,
      "objective": "binary",
      "n_jobs": -1,
      "verbosity": -1
    },
    {
      "n_estimators": 2097,
      "learning_rate": 0.012121544420651467,
      "num_leaves": 26,
      "max_depth": 2,
      "min_child_samples": 10,
      "subsample": 0.874138620475773,
      "colsample_bytree": 0.833104650057515,
      "reg_alpha": 6.698022280654249e-07,
      "reg_lambda": 7.210474587742045e-05,
      "objective": "binary",
      "n_jobs": -1,
      "verbosity": -1
    },
    {
      "n_estimators": 1577,
      "learning_rate": 0.001260935396933907,
      "num_leaves": 503,
      "max_depth": 11,
      "min_child_samples": 30,
      "subsample": 0.5705984461848154,
      "colsample_bytree": 0.5158899799850518,
      "reg_alpha": 6.793261217743212e-06,
      "reg_lambda": 8.094539526890542e-07,
      "objective": "binary",
      "n_jobs": -1,
      "verbosity": -1
    },
    {
      "n_estimators": 2047,
      "learning_rate": 0.0847675405563697,
      "num_leaves": 446,
      "max_depth": 3,
      "min_child_samples": 42,
      "subsample": 0.7865395639523448,
      "colsample_bytree": 0.8220665535352747,
      "reg_alpha": 1.1454946767101866e-07,
      "reg_lambda": 0.21674022433630313,
      "objective": "binary",
      "n_jobs": -1,
      "verbosity": -1
    },
    {
      "n_estimators": 675,
      "learning_rate": 0.00484208116791138,
      "num_leaves": 220,
      "max_depth": 5,
      "min_child_samples": 24,
      "subsample": 0.8307850441068683,
      "colsample_bytree": 0.7236825588644598,
      "reg_alpha": 6.909829932092478,
      "reg_lambda": 2.4704937792824816e-05,
      "objective": "binary",
      "n_jobs": -1,
      "verbosity": -1
    },
    {
      "n_estimators": 1982,
      "learning_rate": 0.08365936165624545,
      "num_leaves": 350,
      "max_depth": 2,
      "min_child_samples": 23,
      "subsample": 0.5765584547492787,
      "colsample_bytree": 0.9932535729757207,
      "reg_alpha": 0.007322249763275699,
      "reg_lambda": 0.04285568497354481,
      "objective": "binary",
      "n_jobs": -1,
      "verbosity": -1
    },
    {
      "n_estimators": 1171,
      "learning_rate": 0.08536438356856285,
      "num_leaves": 364,
      "max_depth": 16,
      "min_child_samples": 5,
      "subsample": 0.7850540312541763,
      "colsample_bytree": 0.6920443377095555,
      "reg_alpha": 1.224197814172135e-08,
      "reg_lambda": 5.078716682132526e-06,
      "objective": "binary",
      "n_jobs": -1,
      "verbosity": -1
    },
    {
      "n_estimators": 1759,
      "learning_rate": 0.1995672817533041,
      "num_leaves": 311,
      "max_depth": 7,
      "min_child_samples": 36,
      "subsample": 0.8523661636017931,
      "colsample_bytree": 0.6018906013758148,
      "reg_alpha": 0.014472202627166125,
      "reg_lambda": 2.5618101245521703e-05,
      "objective": "binary",
      "n_jobs": -1,
      "verbosity": -1
    },
    {
      "n_estimators": 1745,
      "learning_rate": 0.05843600382669172,
      "num_leaves": 302,
      "max_depth": 2,
      "min_child_samples": 9,
      "subsample": 0.9731770103105164,
      "colsample_bytree": 0.5966363583826767,
      "reg_alpha": 1.1419986915634498e-06,
      "reg_lambda": 0.0012877933825799187,
      "objective": "binary",
      "n_jobs": -1,
      "verbosity": -1
    },
    {
      "n_estimators": 2870,
      "learning_rate": 0.1543118978709012,
      "num_leaves": 259,
      "max_depth": 12,
      "min_child_samples": 23,
      "subsample": 0.5606682449218633,
      "colsample_bytree": 0.6652483759507171,
      "reg_alpha": 0.034197500784821394,
      "reg_lambda": 0.2019007599652447,
      "objective": "binary",
      "n_jobs": -1,
      "verbosity": -1
    },
    {
      "n_estimators": 2030,
      "learning_rate": 0.13202861967546298,
      "num_leaves": 224,
      "max_depth": 5,
      "min_child_samples": 62,
      "subsample": 0.6244550607423346,
      "colsample_bytree": 0.9216000132972876,
      "reg_alpha": 1.2358469337049331,
      "reg_lambda": 0.0022038913974522347,
      "objective": "binary",
      "n_jobs": -1,
      "verbosity": -1
    },
    {
      "n_estimators": 406,
      "learning_rate": 0.04966548620264799,
      "num_leaves": 200,
      "max_depth": 11,
      "min_child_samples": 80,
      "subsample": 0.6562175489186378,
      "colsample_bytree": 0.5456469572099709,
      "reg_alpha": 0.0003827499990968522,
      "reg_lambda": 0.0005076131082539065,
      "objective": "binary",
      "n_jobs": -1,
      "verbosity": -1
    }
  ],
  "fold_metrics": [
    {
      "auc": 0.71,
      "pr_auc": 0.8878508024188331,
      "accuracy": 0.8,
      "precision": 0.84375,
      "recall": 0.9,
      "f1": 0.8709677419354839,
      "threshold": 0.508191587677345
    },
    {
      "auc": 0.68,
      "pr_auc": 0.8899634437152496,
      "accuracy": 0.675,
      "precision": 0.7741935483870968,
      "recall": 0.8,
      "f1": 0.7868852459016393,
      "threshold": 0.7087490730818852
    },
    {
      "auc": 0.6833333333333333,
      "pr_auc": 0.8414654618619593,
      "accuracy": 0.7,
      "precision": 0.8,
      "recall": 0.8,
      "f1": 0.8,
      "threshold": 0.6194358534674463
    },
    {
      "auc": 0.8,
      "pr_auc": 0.9060588808242673,
      "accuracy": 0.7,
      "precision": 0.875,
      "recall": 0.7,
      "f1": 0.7777777777777778,
      "threshold": 0.3744619437903423
    },
    {
      "auc": 0.6520376175548589,
      "pr_auc": 0.7943998512680523,
      "accuracy": 0.7,
      "precision": 0.7741935483870968,