{
  "model": "lightgbm",
  "dataset": "va_longbeach",
  "tuning": "dataset",
  "imbalance": "native",
  "n_folds": 15,
  "oof_auc": 0.6860113172785893,
  "oof_pr_auc": 0.8688281309364569,
  "mean_fold_auc": 0.6233685127133403,
  "std_fold_auc": 0.12096120863362346,
  "metrics": {
    "auc": 0.6860113172785893,
    "pr_auc": 0.8688281309364569,
    "accuracy": 0.755,
    "precision": 0.7551020408163265,
    "recall": 0.9932885906040269,
    "f1": 0.8579710144927536,
    "threshold": 0.729166736625872
  },
  "runtime_s": 1816.87,
  "best_params": {
    "n_estimators": 1686,
    "learning_rate": 0.15403596595019242,
    "num_leaves": 379,
    "max_depth": 9,
    "min_child_samples": 19,
    "subsample": 0.5779972601681014,
    "colsample_bytree": 0.5290418060840998,
    "reg_alpha": 4.589458612326476,
    "reg_lambda": 0.010260065124896783,
    "objective": "binary",
    "n_jobs": -1,
    "verbosity": -1,
    "is_unbalance": true
  },
  "per_fold_params": [
    {
      "n_estimators": 1686,
      "learning_rate": 0.15403596595019242,
      "num_leaves": 379,
      "max_depth": 9,
      "min_child_samples": 19,
      "subsample": 0.5779972601681014,
      "colsample_bytree": 0.5290418060840998,
      "reg_alpha": 4.589458612326476,
      "reg_lambda": 0.010260065124896783,
      "objective": "binary",
      "n_jobs": -1,
      "verbosity": -1,
      "is_unbalance": true
    },
    {
      "n_estimators": 921,
      "learning_rate": 0.010277398058812502,
      "num_leaves": 115,
      "max_depth": 4,
      "min_child_samples": 23,
      "subsample": 0.8093782993569743,
      "colsample_bytree": 0.8350317493315595,
      "reg_alpha": 1.7354083605744112e-08,
      "reg_lambda": 3.008984682092206e-08,
      "objective": "binary",
      "n_jobs": -1,
      "verbosity": -1,
      "is_unbalance": true
    },
    {
      "n_estimators": 1919,
      "learning_rate": 0.19594986006043358,
      "num_leaves": 416,
      "max_depth": 10,
      "min_child_samples": 28,
      "subsample": 0.885287866083989,
      "colsample_bytree": 0.5128762968844637,
      "reg_alpha": 3.763090588756328e-07,
      "reg_lambda": 2.831666312601771e-08,
      "objective": "binary",
      "n_jobs": -1,
      "verbosity": -1,
      "is_unbalance": true
    },
    {
      "n_estimators": 742,
      "learning_rate": 0.06612059386346933,
      "num_leaves": 203,
      "max_depth": 13,
      "min_child_samples": 31,
      "subsample": 0.9090071868443862,
      "colsample_bytree": 0.7475414021538578,
      "reg_alpha": 0.00012056508631401591,
      "reg_lambda": 9.540147456461168e-06,
      "objective": "binary",
      "n_jobs": -1,
      "verbosity": -1,
      "is_unbalance": true
    },
    {
      "n_estimators": 3627,
      "learning_rate": 0.008285906168386677,
      "num_leaves": 418,
      "max_depth": 16,
      "min_child_samples": 9,
      "subsample": 0.9029005491290155,
      "colsample_bytree": 0.9998637880241121,
      "reg_alpha": 1.4459219882403757e-08,
      "reg_lambda": 3.6506881498782446,
      "objective": "binary",
      "n_jobs": -1,
      "verbosity": -1,
      "is_unbalance": true
    },
    {
      "n_estimators": 2933,
      "learning_rate": 0.001661192333677322,
      "num_leaves": 323,
      "max_depth": 13,
      "min_child_samples": 21,
      "subsample": 0.8569236647775367,
      "colsample_bytree": 0.6881397115207795,
      "reg_alpha": 1.1557382163741246e-06,
      "reg_lambda": 0.00027505780984085436,
      "objective": "binary",
      "n_jobs": -1,
      "verbosity": -1,
      "is_unbalance": true
    },
    {
      "n_estimators": 1027,
      "learning_rate": 0.00827895485754187,
      "num_leaves": 416,
      "max_depth": 7,
      "min_child_samples": 28,
      "subsample": 0.8444395553710953,
      "colsample_bytree": 0.8324670476669865,
      "reg_alpha": 1.5847580934949566e-05,
      "reg_lambda": 0.0020285412410872778,
      "objective": "binary",
      "n_jobs": -1,
      "verbosity": -1,
      "is_unbalance": true
    },
    {
      "n_estimators": 3052,
      "learning_rate": 0.017412014098554404,
      "num_leaves": 477,
      "max_depth": -1,
      "min_child_samples": 11,
      "subsample": 0.5026399588735643,
      "colsample_bytree": 0.5371899021185416,
      "reg_alpha": 0.07847473952480148,
      "reg_lambda": 1.915134088511208,
      "objective": "binary",
      "n_jobs": -1,
      "verbosity": -1,
      "is_unbalance": true
    },
    {
      "n_estimators": 3717,
      "learning_rate": 0.011600260451726753,
      "num_leaves": 140,
      "max_depth": 8,
      "min_child_samples": 18,
      "subsample": 0.7990934211120476,
      "colsample_bytree": 0.82485498294128,
      "reg_alpha": 0.00026839245986640196,
      "reg_lambda": 1.3762165736163781e-05,
      "objective": "binary",
      "n_jobs": -1,
      "verbosity": -1,
      "is_unbalance": true
    },
    {
      "n_estimators": 580,
      "learning_rate": 0.0037623358004048044,
      "num_leaves": 393,
      "max_depth": 8,
      "min_child_samples": 9,
      "subsample": 0.7546084039204564,
      "colsample_bytree": 0.598700439634403,
      "reg_alpha": 0.0012164452206060695,
      "reg_lambda": 3.3817420747421077e-06,
      "objective": "binary",
      "n_jobs": -1,
      "verbosity": -1,
      "is_unbalance": true
    },
    {
      "n_estimators": 2990,
      "learning_rate": 0.0017338163981899138,
      "num_leaves": 60,
      "max_depth": 10,
      "min_child_samples": 15,
      "subsample": 0.744096574662103,
      "colsample_bytree": 0.6560753407346638,
      "reg_alpha": 0.008447849868016577,
      "reg_lambda": 5.7486443705684643e-08,
      "objective": "binary",
      "n_jobs": -1,
      "verbosity": -1,
      "is_unbalance": true
    },
    {
      "n_estimators": 941,
      "learning_rate": 0.10589285991089983,
      "num_leaves": 89,
      "max_depth": 2,
      "min_child_samples": 22,
      "subsample": 0.9006232353310353,
      "colsample_bytree": 0.5889151779006425,
      "reg_alpha": 0.062494195135372466,
      "reg_lambda": 1.483840235707248,
      "objective": "binary",
      "n_jobs": -1,
      "verbosity": -1,
      "is_unbalance": true
    },
    {
      "n_estimators": 645,
      "learning_rate": 0.13298102668814996,
      "num_leaves": 454,
      "max_depth": 16,
      "min_child_samples": 29,
      "subsample": 0.9006173172141637,
      "colsample_bytree": 0.5093915993742038,
      "reg_alpha": 1.6682797530628513e-07,
      "reg_lambda": 3.929167995685745e-06,
      "objective": "binary",
      "n_jobs": -1,
      "verbosity": -1,
      "is_unbalance": true
    },
    {
      "n_estimators": 3304,
      "learning_rate": 0.1414900238213854,
      "num_leaves": 351,
      "max_depth": 15,
      "min_child_samples": 19,
      "subsample": 0.5058834210488189,
      "colsample_bytree": 0.9620837024857648,
      "reg_alpha": 0.0009856715253995184,
      "reg_lambda": 0.0024457260582221095,
      "objective": "binary",
      "n_jobs": -1,
      "verbosity": -1,
      "is_unbalance": true
    },
    {
      "n_estimators": 3957,
      "learning_rate": 0.010959077348263471,
      "num_leaves": 392,
      "max_depth": 15,
      "min_child_samples": 37,
      "subsample": 0.9586275833175478,
      "colsample_bytree": 0.5456601199035224,
      "reg_alpha": 0.00014666460850602258,
      "reg_lambda": 2.0064163794819394e-07,
      "objective": "binary",
      "n_jobs": -1,
      "verbosity": -1,
      "is_unbalance": true
    }
  ],
  "fold_metrics": [
    {
      "auc": 0.71,
      "pr_auc": 0.8483974358974359,
      "accuracy": 0.75,
      "precision": 0.75,
      "recall": 1.0,
      "f1": 0.8571428571428571,
      "threshold": 0.7437499999999999
    },
    {
      "auc": 0.6699999999999999,
      "pr_auc": 0.8705190825793825,
      "accuracy": 0.75,
      "precision": 0.75,
      "recall": 1.0,
      "f1": 0.8571428571428571,
      "threshold": 0.7421272862896424
    },
    {
      "auc": 0.6883333333333335,
      "pr_auc": 0.8346581196581198,
      "accuracy": 0.75,