{
  "model": "lightgbm",
  "dataset": "va_longbeach",
  "tuning": "competition",
  "imbalance": "native",
  "n_folds": 15,
  "oof_auc": 0.6020529016975917,
  "oof_pr_auc": 0.7809226894457622,
  "mean_fold_auc": 0.5649028213166144,
  "std_fold_auc": 0.11867664894095517,
  "metrics": {
    "auc": 0.6020529016975917,
    "pr_auc": 0.7809226894457622,
    "accuracy": 0.745,
    "precision": 0.745,
    "recall": 1.0,
    "f1": 0.8538681948424068,
    "threshold": 0.7180645019452879
  },
  "runtime_s": 2.17,
  "best_params": {
    "n_estimators": 10000,
    "learning_rate": 0.02,
    "num_leaves": 15,
    "max_depth": -1,
    "min_child_samples": 55,
    "subsample": 0.8061521649345637,
    "colsample_bytree": 0.8404556263256399,
    "reg_alpha": 0.0,
    "reg_lambda": 2.082111807343839,
    "objective": "binary",
    "n_jobs": -1,
    "verbosity": -1,
    "is_unbalance": true
  },
  "per_fold_params": [
    {
      "n_estimators": 10000,
      "learning_rate": 0.02,
      "num_leaves": 15,
      "max_depth": -1,
      "min_child_samples": 55,
      "subsample": 0.8061521649345637,
      "colsample_bytree": 0.8404556263256399,
      "reg_alpha": 0.0,
      "reg_lambda": 2.082111807343839,
      "objective": "binary",
      "n_jobs": -1,
      "verbosity": -1,
      "is_unbalance": true
    },
    {
      "n_estimators": 10000,
      "learning_rate": 0.02,
      "num_leaves": 15,
      "max_depth": -1,
      "min_child_samples": 55,
      "subsample": 0.8061521649345637,
      "colsample_bytree": 0.8404556263256399,
      "reg_alpha": 0.0,
      "reg_lambda": 2.082111807343839,
      "objective": "binary",
      "n_jobs": -1,
      "verbosity": -1,
      "is_unbalance": true
    },
    {
      "n_estimators": 10000,
      "learning_rate": 0.02,
      "num_leaves": 15,
      "max_depth": -1,
      "min_child_samples": 55,
      "subsample": 0.8061521649345637,
      "colsample_bytree": 0.8404556263256399,
      "reg_alpha": 0.0,
      "reg_lambda": 2.082111807343839,
      "objective": "binary",
      "n_jobs": -1,
      "verbosity": -1,
      "is_unbalance": true
    },
    {
      "n_estimators": 10000,
      "learning_rate": 0.02,
      "num_leaves": 15,
      "max_depth": -1,
      "min_child_samples": 55,
      "subsample": 0.8061521649345637,
      "colsample_bytree": 0.8404556263256399,
      "reg_alpha": 0.0,
      "reg_lambda": 2.082111807343839,
      "objective": "binary",
      "n_jobs": -1,
      "verbosity": -1,
      "is_unbalance": true
    },
    {
      "n_estimators": 10000,
      "learning_rate": 0.02,
      "num_leaves": 15,
      "max_depth": -1,
      "min_child_samples": 55,
      "subsample": 0.8061521649345637,
      "colsample_bytree": 0.8404556263256399,
      "reg_alpha": 0.0,
      "reg_lambda": 2.082111807343839,
      "objective": "binary",
      "n_jobs": -1,
      "verbosity": -1,
      "is_unbalance": true
    },
    {
      "n_estimators": 10000,
      "learning_rate": 0.02,
      "num_leaves": 15,
      "max_depth": -1,
      "min_child_samples": 55,
      "subsample": 0.8061521649345637,
      "colsample_bytree": 0.8404556263256399,
      "reg_alpha": 0.0,
      "reg_lambda": 2.082111807343839,
      "objective": "binary",
      "n_jobs": -1,
      "verbosity": -1,
      "is_unbalance": true
    },
    {
      "n_estimators": 10000,
      "learning_rate": 0.02,
      "num_leaves": 15,
      "max_depth": -1,
      "min_child_samples": 55,
      "subsample": 0.8061521649345637,
      "colsample_bytree": 0.8404556263256399,
      "reg_alpha": 0.0,
      "reg_lambda": 2.082111807343839,
      "objective": "binary",
      "n_jobs": -1,
      "verbosity": -1,
      "is_unbalance": true
    },
    {
      "n_estimators": 10000,
      "learning_rate": 0.02,
      "num_leaves": 15,
      "max_depth": -1,
      "min_child_samples": 55,
      "subsample": 0.8061521649345637,
      "colsample_bytree": 0.8404556263256399,
      "reg_alpha": 0.0,
      "reg_lambda": 2.082111807343839,
      "objective": "binary",
      "n_jobs": -1,
      "verbosity": -1,
      "is_unbalance": true
    },
    {
      "n_estimators": 10000,
      "learning_rate": 0.02,
      "num_leaves": 15,
      "max_depth": -1,
      "min_child_samples": 55,
      "subsample": 0.8061521649345637,
      "colsample_bytree": 0.8404556263256399,
      "reg_alpha": 0.0,
      "reg_lambda": 2.082111807343839,
      "objective": "binary",
      "n_jobs": -1,
      "verbosity": -1,
      "is_unbalance": true
    },
    {
      "n_estimators": 10000,
      "learning_rate": 0.02,
      "num_leaves": 15,
      "max_depth": -1,
      "min_child_samples": 55,
      "subsample": 0.8061521649345637,
      "colsample_bytree": 0.8404556263256399,
      "reg_alpha": 0.0,
      "reg_lambda": 2.082111807343839,
      "objective": "binary",
      "n_jobs": -1,
      "verbosity": -1,
      "is_unbalance": true
    },
    {
      "n_estimators": 10000,
      "learning_rate": 0.02,
      "num_leaves": 15,
      "max_depth": -1,
      "min_child_samples": 55,
      "subsample": 0.8061521649345637,
      "colsample_bytree": 0.8404556263256399,
      "reg_alpha": 0.0,
      "reg_lambda": 2.082111807343839,
      "objective": "binary",
      "n_jobs": -1,
      "verbosity": -1,
      "is_unbalance": true
    },
    {
      "n_estimators": 10000,
      "learning_rate": 0.02,
      "num_leaves": 15,
      "max_depth": -1,
      "min_child_samples": 55,
      "subsample": 0.8061521649345637,
      "colsample_bytree": 0.8404556263256399,
      "reg_alpha": 0.0,
      "reg_lambda": 2.082111807343839,
      "objective": "binary",
      "n_jobs": -1,
      "verbosity": -1,
      "is_unbalance": true
    },
    {
      "n_estimators": 10000,
      "learning_rate": 0.02,
      "num_leaves": 15,
      "max_depth": -1,
      "min_child_samples": 55,
      "subsample": 0.8061521649345637,
      "colsample_bytree": 0.8404556263256399,
      "reg_alpha": 0.0,
      "reg_lambda": 2.082111807343839,
      "objective": "binary",
      "n_jobs": -1,
      "verbosity": -1,
      "is_unbalance": true
    },
    {
      "n_estimators": 10000,
      "learning_rate": 0.02,
      "num_leaves": 15,
      "max_depth": -1,
      "min_child_samples": 55,
      "subsample": 0.8061521649345637,
      "colsample_bytree": 0.8404556263256399,
      "reg_alpha": 0.0,
      "reg_lambda": 2.082111807343839,
      "objective": "binary",
      "n_jobs": -1,
      "verbosity": -1,
      "is_unbalance": true
    },
    {
      "n_estimators": 10000,
      "learning_rate": 0.02,
      "num_leaves": 15,
      "max_depth": -1,
      "min_child_samples": 55,
      "subsample": 0.8061521649345637,
      "colsample_bytree": 0.8404556263256399,
      "reg_alpha": 0.0,
      "reg_lambda": 2.082111807343839,
      "objective": "binary",
      "n_jobs": -1,
      "verbosity": -1,
      "is_unbalance": true
    }
  ],
  "fold_metrics": [
    {
      "auc": 0.6666666666666667,
      "pr_auc": 0.8194444444444445,
      "accuracy": 0.75,
      "precision": 0.75,
      "recall": 1.0,
      "f1": 0.8571428571428571,
      "threshold": 0.7082052894995685
    },
    {
      "auc": 0.6333333333333333,
      "pr_auc": 0.8047619047619047,
      "accuracy": 0.75,
      "precision": 0.75,
      "recall": 1.0,
      "f1": 0.8571428571428571,
      "threshold": 0.718640085672678
    },
    {
      "auc": 0.5333333333333333,
      "pr_auc": 0.7628205128205128,
      "accuracy": 0.75,
      "precision": 0.75,
      "recall": 1.0,
      "f1": 0.8571428571428571,
      "threshold": 0.7399588506876529
    },
    {
      "auc": 0.5166666666666666,
      "pr_auc": 0.7563333333333333,
      "accuracy": 0.75,
      "precision": 0.75,
      "recall": 1.0,
      "f1": 0.8571428571428571,
      "threshold": 0.740657785748398
    },
    {
      "auc": 0.45141065830721006,
      "pr_auc": 0.7067150635208711,
      "accuracy": 0.725,
      "precision": 0.725,
      "recall": 1.0,
      "f1": 0.8405797101449275,