{
  "model": "lightgbm",
  "dataset": "hungarian",
  "tuning": "dataset",
  "imbalance": "native",
  "n_folds": 10,
  "oof_auc": 0.8619279405861098,
  "oof_pr_auc": 0.817557129727529,
  "mean_fold_auc": 0.8620281765018607,
  "std_fold_auc": 0.04722634731570145,
  "metrics": {
    "auc": 0.8619279405861098,
    "pr_auc": 0.817557129727529,
    "accuracy": 0.7891156462585034,
    "precision": 0.6833333333333333,
    "recall": 0.7735849056603774,
    "f1": 0.7256637168141593,
    "threshold": 0.4731591435864924
  },
  "runtime_s": 1877.36,
  "best_params": {
    "n_estimators": 3131,
    "learning_rate": 0.1416494445340228,
    "num_leaves": 419,
    "max_depth": 11,
    "min_child_samples": 44,
    "subsample": 0.5431881039909732,
    "colsample_bytree": 0.8110254627642087,
    "reg_alpha": 1.4820905138736178,
    "reg_lambda": 8.345071411300667e-07,
    "objective": "binary",
    "n_jobs": -1,
    "verbosity": -1,
    "is_unbalance": true
  },
  "per_fold_params": [
    {
      "n_estimators": 3131,
      "learning_rate": 0.1416494445340228,
      "num_leaves": 419,
      "max_depth": 11,
      "min_child_samples": 44,
      "subsample": 0.5431881039909732,
      "colsample_bytree": 0.8110254627642087,
      "reg_alpha": 1.4820905138736178,
      "reg_lambda": 8.345071411300667e-07,
      "objective": "binary",
      "n_jobs": -1,
      "verbosity": -1,
      "is_unbalance": true
    },
    {
      "n_estimators": 345,
      "learning_rate": 0.1346017633628388,
      "num_leaves": 114,
      "max_depth": 6,
      "min_child_samples": 5,
      "subsample": 0.7288528463417472,
      "colsample_bytree": 0.9046752076760439,
      "reg_alpha": 0.028146450756068052,
      "reg_lambda": 8.026278690215265e-08,
      "objective": "binary",
      "n_jobs": -1,
      "verbosity": -1,
      "is_unbalance": true
    },
    {
      "n_estimators": 2242,
      "learning_rate": 0.0014474047817269171,
      "num_leaves": 367,
      "max_depth": 13,
      "min_child_samples": 50,
      "subsample": 0.6848389896661157,
      "colsample_bytree": 0.5794331595728641,
      "reg_alpha": 2.063542140786305,
      "reg_lambda": 1.0179520617042144e-07,
      "objective": "binary",
      "n_jobs": -1,
      "verbosity": -1,
      "is_unbalance": true
    },
    {
      "n_estimators": 2663,
      "learning_rate": 0.1721834050307834,
      "num_leaves": 168,
      "max_depth": 15,
      "min_child_samples": 39,
      "subsample": 0.819053813561816,
      "colsample_bytree": 0.5348894187443989,
      "reg_alpha": 1.15995908140841e-06,
      "reg_lambda": 0.4285359315347599,
      "objective": "binary",
      "n_jobs": -1,
      "verbosity": -1,
      "is_unbalance": true
    },
    {
      "n_estimators": 2892,
      "learning_rate": 0.1932495122018963,
      "num_leaves": 281,
      "max_depth": 4,
      "min_child_samples": 51,
      "subsample": 0.9055242599779956,
      "colsample_bytree": 0.9051009785244186,
      "reg_alpha": 0.016087928469330035,
      "reg_lambda": 0.007741812899452761,
      "objective": "binary",
      "n_jobs": -1,
      "verbosity": -1,
      "is_unbalance": true
    },
    {
      "n_estimators": 488,
      "learning_rate": 0.14908505884249182,
      "num_leaves": 108,
      "max_depth": -1,
      "min_child_samples": 41,
      "subsample": 0.7058611145632308,
      "colsample_bytree": 0.8192394136108585,
      "reg_alpha": 3.787253600851745e-08,
      "reg_lambda": 4.373090302969736e-07,
      "objective": "binary",
      "n_jobs": -1,
      "verbosity": -1,
      "is_unbalance": true
    },
    {
      "n_estimators": 1002,
      "learning_rate": 0.0035448417881687217,
      "num_leaves": 339,
      "max_depth": 9,
      "min_child_samples": 40,
      "subsample": 0.9057979847838346,
      "colsample_bytree": 0.6687326688811345,
      "reg_alpha": 5.072001723393522,
      "reg_lambda": 0.81610573159704,
      "objective": "binary",
      "n_jobs": -1,
      "verbosity": -1,
      "is_unbalance": true
    },
    {
      "n_estimators": 635,
      "learning_rate": 0.0038782347222398187,
      "num_leaves": 322,
      "max_depth": 13,
      "min_child_samples": 5,
      "subsample": 0.8425527793238057,
      "colsample_bytree": 0.5685357873283259,
      "reg_alpha": 19.341455109809715,
      "reg_lambda": 0.01650532544237724,
      "objective": "binary",
      "n_jobs": -1,
      "verbosity": -1,
      "is_unbalance": true
    },
    {
      "n_estimators": 2879,
      "learning_rate": 0.02250630173395088,
      "num_leaves": 73,
      "max_depth": 2,
      "min_child_samples": 49,
      "subsample": 0.6590405017148023,
      "colsample_bytree": 0.6899202273785482,
      "reg_alpha": 0.04417674290511519,
      "reg_lambda": 5.825663097380494e-08,
      "objective": "binary",
      "n_jobs": -1,
      "verbosity": -1,
      "is_unbalance": true
    },
    {
      "n_estimators": 3277,
      "learning_rate": 0.03185647883999082,
      "num_leaves": 38,
      "max_depth": 16,
      "min_child_samples": 33,
      "subsample": 0.7982637840729774,
      "colsample_bytree": 0.7037049381375444,
      "reg_alpha": 1.0193367356851679e-08,
      "reg_lambda": 0.21037926230644044,
      "objective": "binary",
      "n_jobs": -1,
      "verbosity": -1,
      "is_unbalance": true
    }
  ],
  "fold_metrics": [
    {
      "auc": 0.8349282296650719,
      "pr_auc": 0.8264233241505969,
      "accuracy": 0.7,
      "precision": 0.5714285714285714,
      "recall": 0.7272727272727273,
      "f1": 0.64,
      "threshold": 0.7044119348951746
    },
    {
      "auc": 0.8421052631578948,
      "pr_auc": 0.8031727531727533,
      "accuracy": 0.7666666666666667,
      "precision": 0.8333333333333334,
      "recall": 0.45454545454545453,
      "f1": 0.5882352941176471,
      "threshold": 0.37670092707988406
    },
    {
      "auc": 0.8421052631578947,
      "pr_auc": 0.8420281243810657,
      "accuracy": 0.7666666666666667,
      "precision": 0.6666666666666666,
      "recall": 0.7272727272727273,
      "f1": 0.6956521739130435,
      "threshold": 0.8076396396122069
    },
    {
      "auc": 0.9019138755980861,
      "pr_auc": 0.8964869473960384,
      "accuracy": 0.8666666666666667,
      "precision": 0.8888888888888888,
      "recall": 0.7272727272727273,
      "f1": 0.8,
      "threshold": 0.4407294338555683
    },
    {
      "auc": 0.8052631578947369,
      "pr_auc": 0.6181079949462301,
      "accuracy": 0.7241379310344828,
      "precision": 0.5625,
      "recall": 0.9,
      "f1": 0.6923076923076923,
      "threshold": 0.48559349438947874
    },
    {
      "auc": 0.9315789473684211,
      "pr_auc": 0.8948260073260071,
      "accuracy": 0.8620689655172413,
      "precision": 0.7142857142857143,
      "recall": 1.0,
      "f1": 0.8333333333333334,
      "threshold": 0.5422805177516961
    },
    {
      "auc": 0.8394736842105264,
      "pr_auc": 0.8033333333333335,
      "accuracy": 0.7586206896551724,
      "precision": 0.6363636363636364,
      "recall": 0.7,
      "f1": 0.6666666666666666,
      "threshold": 0.3119339510284273
    },
    {
      "auc": 0.7921052631578948,
      "pr_auc": 0.626376698014629,
      "accuracy": 0.7586206896551724,
      "precision": 0.6,
      "recall": 0.9,
      "f1": 0.72,
      "threshold": 0.56574215934046
    },
    {
      "auc": 0.9116161616161615,
      "pr_auc": 0.8988556897647806,
      "accuracy": 0.8275862068965517,
      "precision": 0.8,
      "recall": 0.7272727272727273,
      "f1": 0.7619047619047619,
      "threshold": 0.4731591435864924
    },
    {
      "auc": 0.9191919191919191,
      "pr_auc": 0.9392879847425302,
      "accuracy": 0.8620689655172413,
      "precision": 0.7692307692307693,
      "recall": 0.9090909090909091,
      "f1": 0.8333333333333334,
      "threshold": 0.6532362711548637
    }
  ],
  "scenario": 4,
  "feature_set": "raw+competition_stats",
  "n_samples": 294,
  "prevalence": 36.1
}