{
  "model": "lightgbm",
  "dataset": "cleveland",
  "tuning": "dataset",
  "imbalance": "smote",
  "n_folds": 10,
  "oof_auc": 0.9109492893490087,
  "oof_pr_auc": 0.9060652276106493,
  "mean_fold_auc": 0.9148927359405301,
  "std_fold_auc": 0.033614535516771335,
  "metrics": {
    "auc": 0.9109492893490087,
    "pr_auc": 0.9060652276106493,
    "accuracy": 0.8283828382838284,
    "precision": 0.8222222222222222,
    "recall": 0.7985611510791367,
    "f1": 0.8102189781021898,
    "threshold": 0.3790796007827863
  },
  "runtime_s": 1698.38,
  "best_params": {
    "n_estimators": 898,
    "learning_rate": 0.19961879727661416,
    "num_leaves": 313,
    "max_depth": 1,
    "min_child_samples": 11,
    "subsample": 0.7336762725033372,
    "colsample_bytree": 0.8303314089986199,
    "reg_alpha": 6.461326307159677e-07,
    "reg_lambda": 8.885398131549392e-07,
    "objective": "binary",
    "n_jobs": -1,
    "verbosity": -1
  },
  "per_fold_params": [
    {
      "n_estimators": 898,
      "learning_rate": 0.19961879727661416,
      "num_leaves": 313,
      "max_depth": 1,
      "min_child_samples": 11,
      "subsample": 0.7336762725033372,
      "colsample_bytree": 0.8303314089986199,
      "reg_alpha": 6.461326307159677e-07,
      "reg_lambda": 8.885398131549392e-07,
      "objective": "binary",
      "n_jobs": -1,
      "verbosity": -1
    },
    {
      "n_estimators": 2153,
      "learning_rate": 0.036058292010693556,
      "num_leaves": 372,
      "max_depth": 8,
      "min_child_samples": 53,
      "subsample": 0.5766936871929065,
      "colsample_bytree": 0.6921154767965958,
      "reg_alpha": 0.1712644635810583,
      "reg_lambda": 0.05804749558473805,
      "objective": "binary",
      "n_jobs": -1,
      "verbosity": -1
    },
    {
      "n_estimators": 671,
      "learning_rate": 0.012875842170897274,
      "num_leaves": 299,
      "max_depth": 2,
      "min_child_samples": 40,
      "subsample": 0.6540092336719683,
      "colsample_bytree": 0.7372095658071662,
      "reg_alpha": 3.354407350199528e-06,
      "reg_lambda": 7.9069117571757825,
      "objective": "binary",
      "n_jobs": -1,
      "verbosity": -1
    },
    {
      "n_estimators": 3165,
      "learning_rate": 0.0790929238397259,
      "num_leaves": 117,
      "max_depth": 12,
      "min_child_samples": 63,
      "subsample": 0.8803746243215135,
      "colsample_bytree": 0.5679638805330502,
      "reg_alpha": 0.006413456689197149,
      "reg_lambda": 1.2722170256331414e-05,
      "objective": "binary",
      "n_jobs": -1,
      "verbosity": -1
    },
    {
      "n_estimators": 3445,
      "learning_rate": 0.14279823113326853,
      "num_leaves": 76,
      "max_depth": 3,
      "min_child_samples": 58,
      "subsample": 0.9356375777583495,
      "colsample_bytree": 0.9253221263109994,
      "reg_alpha": 0.005445613952948233,
      "reg_lambda": 9.673828366755111e-05,
      "objective": "binary",
      "n_jobs": -1,
      "verbosity": -1
    },
    {
      "n_estimators": 904,
      "learning_rate": 0.022204182596454267,
      "num_leaves": 294,
      "max_depth": 3,
      "min_child_samples": 75,
      "subsample": 0.8084058219837187,
      "colsample_bytree": 0.5284686598518549,
      "reg_alpha": 1.9626900456004488e-07,
      "reg_lambda": 0.21126182912527658,
      "objective": "binary",
      "n_jobs": -1,
      "verbosity": -1
    },
    {
      "n_estimators": 3456,
      "learning_rate": 0.16841283487778735,
      "num_leaves": 170,
      "max_depth": 6,
      "min_child_samples": 54,
      "subsample": 0.8622903140540271,
      "colsample_bytree": 0.8419132293967151,
      "reg_alpha": 0.0003869844095865208,
      "reg_lambda": 2.07421121023902e-08,
      "objective": "binary",
      "n_jobs": -1,
      "verbosity": -1
    },
    {
      "n_estimators": 2374,
      "learning_rate": 0.14545725949585714,
      "num_leaves": 147,
      "max_depth": 3,
      "min_child_samples": 54,
      "subsample": 0.5019237542367723,
      "colsample_bytree": 0.6866162298609623,
      "reg_alpha": 0.021425464053435157,
      "reg_lambda": 2.402044753394596e-05,
      "objective": "binary",
      "n_jobs": -1,
      "verbosity": -1
    },
    {
      "n_estimators": 1673,
      "learning_rate": 0.18577258034611577,
      "num_leaves": 431,
      "max_depth": 1,
      "min_child_samples": 57,
      "subsample": 0.5754944092370213,
      "colsample_bytree": 0.6816974708578981,
      "reg_alpha": 0.36131830955070376,
      "reg_lambda": 2.3875295124723785,
      "objective": "binary",
      "n_jobs": -1,
      "verbosity": -1
    },
    {
      "n_estimators": 2466,
      "learning_rate": 0.11360859737148331,
      "num_leaves": 19,
      "max_depth": 10,
      "min_child_samples": 47,
      "subsample": 0.6137658099619843,
      "colsample_bytree": 0.7731472031311658,
      "reg_alpha": 0.0004904037831246747,
      "reg_lambda": 3.899515004961575e-07,
      "objective": "binary",
      "n_jobs": -1,
      "verbosity": -1
    }
  ],
  "fold_metrics": [
    {
      "auc": 0.9306722689075629,
      "pr_auc": 0.9421932234432233,
      "accuracy": 0.8387096774193549,
      "precision": 0.8,
      "recall": 0.8571428571428571,
      "f1": 0.8275862068965517,
      "threshold": 0.5949341640392088
    },
    {
      "auc": 0.9705882352941176,
      "pr_auc": 0.9685075953458304,
      "accuracy": 0.8709677419354839,
      "precision": 0.8571428571428571,
      "recall": 0.8571428571428571,
      "f1": 0.8571428571428571,
      "threshold": 0.4577152540122698
    },
    {
      "auc": 0.9117647058823528,
      "pr_auc": 0.8899702323574503,
      "accuracy": 0.8387096774193549,
      "precision": 0.8,
      "recall": 0.8571428571428571,
      "f1": 0.8275862068965517,
      "threshold": 0.31414681754742013
    },
    {
      "auc": 0.9140271493212669,
      "pr_auc": 0.8757974931051853,
      "accuracy": 0.8333333333333334,
      "precision": 0.8333333333333334,
      "recall": 0.7692307692307693,
      "f1": 0.8,
      "threshold": 0.2977126132229649
    },
    {
      "auc": 0.9196428571428571,
      "pr_auc": 0.9385260770975055,
      "accuracy": 0.7666666666666667,
      "precision": 0.7058823529411765,
      "recall": 0.8571428571428571,
      "f1": 0.7741935483870968,
      "threshold": 0.7661945920335058
    },
    {
      "auc": 0.8571428571428572,
      "pr_auc": 0.8457079296365011,
      "accuracy": 0.8333333333333334,
      "precision": 0.9090909090909091,
      "recall": 0.7142857142857143,
      "f1": 0.8,
      "threshold": 0.545474428743563
    },
    {
      "auc": 0.9598214285714286,
      "pr_auc": 0.957845638255302,
      "accuracy": 0.8666666666666667,
      "precision": 1.0,
      "recall": 0.7142857142857143,
      "f1": 0.8333333333333334,
      "threshold": 0.3148454797380159
    },
    {
      "auc": 0.8883928571428572,
      "pr_auc": 0.8970285690033588,
      "accuracy": 0.8,
      "precision": 0.75,
      "recall": 0.8571428571428571,
      "f1": 0.8,
      "threshold": 0.4080265562263879
    },
    {
      "auc": 0.9241071428571428,
      "pr_auc": 0.9421932234432233,
      "accuracy": 0.8666666666666667,
      "precision": 0.9166666666666666,
      "recall": 0.7857142857142857,
      "f1": 0.8461538461538461,
      "threshold": 0.4352246270670559
    },
    {
      "auc": 0.8727678571428572,
      "pr_auc": 0.8589698000412285,
      "accuracy": 0.7666666666666667,
      "precision": 0.7692307692307693,
      "recall": 0.7142857142857143,
      "f1": 0.7407407407407407,
      "threshold": 0.2173227325899229
    }
  ],
  "scenario": 4,
  "feature_set": "raw+competition_stats",
  "n_samples": 303,
  "prevalence": 45.9
}