{
  "model": "lightgbm",
  "dataset": "hungarian",
  "tuning": "dataset",
  "imbalance": "smote",
  "n_folds": 10,
  "oof_auc": 0.8720142513046969,
  "oof_pr_auc": 0.8360366144733546,
  "mean_fold_auc": 0.8701196172248805,
  "std_fold_auc": 0.049214038241850534,
  "metrics": {
    "auc": 0.8720142513046969,
    "pr_auc": 0.8360366144733546,
    "accuracy": 0.7959183673469388,
    "precision": 0.7053571428571429,
    "recall": 0.7452830188679245,
    "f1": 0.7247706422018348,
    "threshold": 0.33944971676825814
  },
  "runtime_s": 2749.38,
  "best_params": {
    "n_estimators": 2002,
    "learning_rate": 0.02621520574576151,
    "num_leaves": 364,
    "max_depth": 5,
    "min_child_samples": 18,
    "subsample": 0.5128199713189588,
    "colsample_bytree": 0.5567279387398483,
    "reg_alpha": 3.9300278970121334,
    "reg_lambda": 0.011575495521461768,
    "objective": "binary",
    "n_jobs": -1,
    "verbosity": -1
  },
  "per_fold_params": [
    {
      "n_estimators": 2002,
      "learning_rate": 0.02621520574576151,
      "num_leaves": 364,
      "max_depth": 5,
      "min_child_samples": 18,
      "subsample": 0.5128199713189588,
      "colsample_bytree": 0.5567279387398483,
      "reg_alpha": 3.9300278970121334,
      "reg_lambda": 0.011575495521461768,
      "objective": "binary",
      "n_jobs": -1,
      "verbosity": -1
    },
    {
      "n_estimators": 2181,
      "learning_rate": 0.05906174125276195,
      "num_leaves": 115,
      "max_depth": 12,
      "min_child_samples": 7,
      "subsample": 0.5505634109138148,
      "colsample_bytree": 0.5217395121973303,
      "reg_alpha": 8.947696508414472e-05,
      "reg_lambda": 0.062892869453246,
      "objective": "binary",
      "n_jobs": -1,
      "verbosity": -1
    },
    {
      "n_estimators": 1079,
      "learning_rate": 0.0026744449746234694,
      "num_leaves": 360,
      "max_depth": 2,
      "min_child_samples": 63,
      "subsample": 0.8775856837819028,
      "colsample_bytree": 0.5571055470040913,
      "reg_alpha": 0.007902496090471828,
      "reg_lambda": 2.8850756119166204e-05,
      "objective": "binary",
      "n_jobs": -1,
      "verbosity": -1
    },
    {
      "n_estimators": 3022,
      "learning_rate": 0.11711116590240923,
      "num_leaves": 120,
      "max_depth": 2,
      "min_child_samples": 46,
      "subsample": 0.5536705199966088,
      "colsample_bytree": 0.5451133767736331,
      "reg_alpha": 1.1274734547919906e-08,
      "reg_lambda": 1.3031816511787393,
      "objective": "binary",
      "n_jobs": -1,
      "verbosity": -1
    },
    {
      "n_estimators": 3087,
      "learning_rate": 0.09544339697470054,
      "num_leaves": 345,
      "max_depth": -1,
      "min_child_samples": 52,
      "subsample": 0.8003122715519482,
      "colsample_bytree": 0.7274857078585102,
      "reg_alpha": 0.15825259388572044,
      "reg_lambda": 0.009050404612440768,
      "objective": "binary",
      "n_jobs": -1,
      "verbosity": -1
    },
    {
      "n_estimators": 2624,
      "learning_rate": 0.0023500996734329223,
      "num_leaves": 296,
      "max_depth": 13,
      "min_child_samples": 46,
      "subsample": 0.5667251336141668,
      "colsample_bytree": 0.5970398271611522,
      "reg_alpha": 0.16966710301640056,
      "reg_lambda": 1.3696949704531347e-07,
      "objective": "binary",
      "n_jobs": -1,
      "verbosity": -1
    },
    {
      "n_estimators": 3899,
      "learning_rate": 0.008825090017223295,
      "num_leaves": 413,
      "max_depth": 1,
      "min_child_samples": 49,
      "subsample": 0.9103057369598017,
      "colsample_bytree": 0.7519379722225585,
      "reg_alpha": 1.116700084645366e-06,
      "reg_lambda": 0.0023628506872706814,
      "objective": "binary",
      "n_jobs": -1,
      "verbosity": -1
    },
    {
      "n_estimators": 559,
      "learning_rate": 0.010396640017464034,
      "num_leaves": 435,
      "max_depth": 0,
      "min_child_samples": 62,
      "subsample": 0.6202675506360054,
      "colsample_bytree": 0.5330668327681569,
      "reg_alpha": 4.687978145714296,
      "reg_lambda": 0.000837136221996732,
      "objective": "binary",
      "n_jobs": -1,
      "verbosity": -1
    },
    {
      "n_estimators": 2875,
      "learning_rate": 0.17630598605514627,
      "num_leaves": 163,
      "max_depth": 10,
      "min_child_samples": 60,
      "subsample": 0.5851544609362825,
      "colsample_bytree": 0.8452727489447546,
      "reg_alpha": 0.005322512809055169,
      "reg_lambda": 2.0823090507841944e-05,
      "objective": "binary",
      "n_jobs": -1,
      "verbosity": -1
    },
    {
      "n_estimators": 796,
      "learning_rate": 0.19335829993693499,
      "num_leaves": 460,
      "max_depth": 4,
      "min_child_samples": 5,
      "subsample": 0.5430322045052792,
      "colsample_bytree": 0.6695068443870982,
      "reg_alpha": 0.002253109792563652,
      "reg_lambda": 71.82617169044397,
      "objective": "binary",
      "n_jobs": -1,
      "verbosity": -1
    }
  ],
  "fold_metrics": [
    {
      "auc": 0.8325358851674642,
      "pr_auc": 0.8316098043370772,
      "accuracy": 0.7666666666666667,
      "precision": 0.6666666666666666,
      "recall": 0.7272727272727273,
      "f1": 0.6956521739130435,
      "threshold": 0.5923648526034611
    },
    {
      "auc": 0.8564593301435407,
      "pr_auc": 0.8684588835059055,
      "accuracy": 0.8,
      "precision": 0.7777777777777778,
      "recall": 0.6363636363636364,
      "f1": 0.7,
      "threshold": 0.33944971676825814
    },
    {
      "auc": 0.8540669856459331,
      "pr_auc": 0.8409408773045137,
      "accuracy": 0.7333333333333333,
      "precision": 0.6153846153846154,
      "recall": 0.7272727272727273,
      "f1": 0.6666666666666666,
      "threshold": 0.1994099018705053
    },
    {
      "auc": 0.9066985645933013,
      "pr_auc": 0.9033966033966034,
      "accuracy": 0.8666666666666667,
      "precision": 1.0,
      "recall": 0.6363636363636364,
      "f1": 0.7777777777777778,
      "threshold": 0.4602845494276166
    },
    {
      "auc": 0.7736842105263159,
      "pr_auc": 0.628449597787833,
      "accuracy": 0.7241379310344828,
      "precision": 0.5625,
      "recall": 0.9,
      "f1": 0.6923076923076923,
      "threshold": 0.3852190758410779
    },
    {
      "auc": 0.9421052631578947,
      "pr_auc": 0.8978646353646352,
      "accuracy": 0.8620689655172413,
      "precision": 0.75,
      "recall": 0.9,
      "f1": 0.8181818181818182,
      "threshold": 0.49347940380235294
    },
    {
      "auc": 0.8421052631578947,
      "pr_auc": 0.8366666666666666,
      "accuracy": 0.7931034482758621,
      "precision": 0.7,
      "recall": 0.7,
      "f1": 0.7,
      "threshold": 0.32893436178327257
    },
    {
      "auc": 0.8526315789473684,
      "pr_auc": 0.7454269260151613,
      "accuracy": 0.7241379310344828,
      "precision": 0.5714285714285714,
      "recall": 0.8,
      "f1": 0.6666666666666666,
      "threshold": 0.2649824969308387
    },
    {
      "auc": 0.9065656565656566,
      "pr_auc": 0.9115829624920535,
      "accuracy": 0.896551724137931,
      "precision": 1.0,
      "recall": 0.7272727272727273,
      "f1": 0.8421052631578947,
      "threshold": 0.41512289807260416
    },
    {
      "auc": 0.9343434343434344,
      "pr_auc": 0.920940170940171,
      "accuracy": 0.7931034482758621,
      "precision": 0.7272727272727273,
      "recall": 0.7272727272727273,
      "f1": 0.7272727272727273,
      "threshold": 0.38806937305011646
    }
  ],
  "scenario": 4,
  "feature_set": "raw+competition_stats",
  "n_samples": 294,
  "prevalence": 36.1
}