{
  "model": "lightgbm",
  "dataset": "cleveland",
  "tuning": "competition",
  "imbalance": "native",
  "n_folds": 10,
  "oof_auc": 0.9123091770486049,
  "oof_pr_auc": 0.9084737317086865,
  "mean_fold_auc": 0.9188651422107306,
  "std_fold_auc": 0.03783522101431335,
  "metrics": {
    "auc": 0.9123091770486049,
    "pr_auc": 0.9084737317086865,
    "accuracy": 0.8250825082508251,
    "precision": 0.8115942028985508,
    "recall": 0.8057553956834532,
    "f1": 0.8086642599277978,
    "threshold": 0.384693347725944
  },
  "runtime_s": 5.76,
  "best_params": {
    "n_estimators": 10000,
    "learning_rate": 0.02,
    "num_leaves": 15,
    "max_depth": -1,
    "min_child_samples": 55,
    "subsample": 0.8061521649345637,
    "colsample_bytree": 0.8404556263256399,
    "reg_alpha": 0.0,
    "reg_lambda": 2.082111807343839,
    "objective": "binary",
    "n_jobs": -1,
    "verbosity": -1,
    "is_unbalance": true
  },
  "per_fold_params": [
    {
      "n_estimators": 10000,
      "learning_rate": 0.02,
      "num_leaves": 15,
      "max_depth": -1,
      "min_child_samples": 55,
      "subsample": 0.8061521649345637,
      "colsample_bytree": 0.8404556263256399,
      "reg_alpha": 0.0,
      "reg_lambda": 2.082111807343839,
      "objective": "binary",
      "n_jobs": -1,
      "verbosity": -1,
      "is_unbalance": true
    },
    {
      "n_estimators": 10000,
      "learning_rate": 0.02,
      "num_leaves": 15,
      "max_depth": -1,
      "min_child_samples": 55,
      "subsample": 0.8061521649345637,
      "colsample_bytree": 0.8404556263256399,
      "reg_alpha": 0.0,
      "reg_lambda": 2.082111807343839,
      "objective": "binary",
      "n_jobs": -1,
      "verbosity": -1,
      "is_unbalance": true
    },
    {
      "n_estimators": 10000,
      "learning_rate": 0.02,
      "num_leaves": 15,
      "max_depth": -1,
      "min_child_samples": 55,
      "subsample": 0.8061521649345637,
      "colsample_bytree": 0.8404556263256399,
      "reg_alpha": 0.0,
      "reg_lambda": 2.082111807343839,
      "objective": "binary",
      "n_jobs": -1,
      "verbosity": -1,
      "is_unbalance": true
    },
    {
      "n_estimators": 10000,
      "learning_rate": 0.02,
      "num_leaves": 15,
      "max_depth": -1,
      "min_child_samples": 55,
      "subsample": 0.8061521649345637,
      "colsample_bytree": 0.8404556263256399,
      "reg_alpha": 0.0,
      "reg_lambda": 2.082111807343839,
      "objective": "binary",
      "n_jobs": -1,
      "verbosity": -1,
      "is_unbalance": true
    },
    {
      "n_estimators": 10000,
      "learning_rate": 0.02,
      "num_leaves": 15,
      "max_depth": -1,
      "min_child_samples": 55,
      "subsample": 0.8061521649345637,
      "colsample_bytree": 0.8404556263256399,
      "reg_alpha": 0.0,
      "reg_lambda": 2.082111807343839,
      "objective": "binary",
      "n_jobs": -1,
      "verbosity": -1,
      "is_unbalance": true
    },
    {
      "n_estimators": 10000,
      "learning_rate": 0.02,
      "num_leaves": 15,
      "max_depth": -1,
      "min_child_samples": 55,
      "subsample": 0.8061521649345637,
      "colsample_bytree": 0.8404556263256399,
      "reg_alpha": 0.0,
      "reg_lambda": 2.082111807343839,
      "objective": "binary",
      "n_jobs": -1,
      "verbosity": -1,
      "is_unbalance": true
    },
    {
      "n_estimators": 10000,
      "learning_rate": 0.02,
      "num_leaves": 15,
      "max_depth": -1,
      "min_child_samples": 55,
      "subsample": 0.8061521649345637,
      "colsample_bytree": 0.8404556263256399,
      "reg_alpha": 0.0,
      "reg_lambda": 2.082111807343839,
      "objective": "binary",
      "n_jobs": -1,
      "verbosity": -1,
      "is_unbalance": true
    },
    {
      "n_estimators": 10000,
      "learning_rate": 0.02,
      "num_leaves": 15,
      "max_depth": -1,
      "min_child_samples": 55,
      "subsample": 0.8061521649345637,
      "colsample_bytree": 0.8404556263256399,
      "reg_alpha": 0.0,
      "reg_lambda": 2.082111807343839,
      "objective": "binary",
      "n_jobs": -1,
      "verbosity": -1,
      "is_unbalance": true
    },
    {
      "n_estimators": 10000,
      "learning_rate": 0.02,
      "num_leaves": 15,
      "max_depth": -1,
      "min_child_samples": 55,
      "subsample": 0.8061521649345637,
      "colsample_bytree": 0.8404556263256399,
      "reg_alpha": 0.0,
      "reg_lambda": 2.082111807343839,
      "objective": "binary",
      "n_jobs": -1,
      "verbosity": -1,
      "is_unbalance": true
    },
    {
      "n_estimators": 10000,
      "learning_rate": 0.02,
      "num_leaves": 15,
      "max_depth": -1,
      "min_child_samples": 55,
      "subsample": 0.8061521649345637,
      "colsample_bytree": 0.8404556263256399,
      "reg_alpha": 0.0,
      "reg_lambda": 2.082111807343839,
      "objective": "binary",
      "n_jobs": -1,
      "verbosity": -1,
      "is_unbalance": true
    }
  ],
  "fold_metrics": [
    {
      "auc": 0.9369747899159663,
      "pr_auc": 0.9453983516483515,
      "accuracy": 0.8709677419354839,
      "precision": 0.8125,
      "recall": 0.9285714285714286,
      "f1": 0.8666666666666667,
      "threshold": 0.620995420237573
    },
    {
      "auc": 0.9705882352941176,
      "pr_auc": 0.9685075953458304,
      "accuracy": 0.8709677419354839,
      "precision": 0.8571428571428571,
      "recall": 0.8571428571428571,
      "f1": 0.8571428571428571,
      "threshold": 0.44959572388495833
    },
    {
      "auc": 0.9117647058823529,
      "pr_auc": 0.8875824572253143,
      "accuracy": 0.8064516129032258,
      "precision": 0.75,
      "recall": 0.8571428571428571,
      "f1": 0.8,
      "threshold": 0.5944400384443131
    },
    {
      "auc": 0.9095022624434389,
      "pr_auc": 0.8966366966366965,
      "accuracy": 0.8333333333333334,
      "precision": 0.8333333333333334,
      "recall": 0.7692307692307693,
      "f1": 0.8,
      "threshold": 0.4049246794191159
    },
    {
      "auc": 0.9241071428571429,
      "pr_auc": 0.9379227053140096,
      "accuracy": 0.8,
      "precision": 0.75,
      "recall": 0.8571428571428571,
      "f1": 0.8,
      "threshold": 0.8036023866539925
    },
    {
      "auc": 0.8526785714285715,
      "pr_auc": 0.8134571572379454,
      "accuracy": 0.8333333333333334,
      "precision": 0.9090909090909091,
      "recall": 0.7142857142857143,
      "f1": 0.8,
      "threshold": 0.414575138915131
    },
    {
      "auc": 0.96875,
      "pr_auc": 0.9675780568637711,
      "accuracy": 0.8333333333333334,
      "precision": 0.9090909090909091,
      "recall": 0.7142857142857143,
      "f1": 0.8,
      "threshold": 0.384693347725944
    },
    {
      "auc": 0.8973214285714286,
      "pr_auc": 0.9158848294562578,
      "accuracy": 0.7666666666666667,
      "precision": 0.7058823529411765,
      "recall": 0.8571428571428571,
      "f1": 0.7741935483870968,
      "threshold": 0.5540956147720426
    },
    {
      "auc": 0.9508928571428572,
      "pr_auc": 0.9573031135531134,
      "accuracy": 0.8666666666666667,
      "precision": 0.9166666666666666,
      "recall": 0.7857142857142857,
      "f1": 0.8461538461538461,
      "threshold": 0.49481407113284787
    },
    {
      "auc": 0.8660714285714286,
      "pr_auc": 0.8547092321777194,
      "accuracy": 0.7666666666666667,
      "precision": 0.7692307692307693,
      "recall": 0.7142857142857143,
      "f1": 0.7407407407407407,
      "threshold": 0.20126089700918642
    }
  ],
  "scenario": 4,
  "feature_set": "raw+competition_stats",
  "n_samples": 303,
  "prevalence": 45.9
}