{
  "model": "lightgbm",
  "dataset": "cleveland",
  "tuning": "dataset",
  "imbalance": "native",
  "n_folds": 10,
  "oof_auc": 0.9114537638182137,
  "oof_pr_auc": 0.9070058592521019,
  "mean_fold_auc": 0.9162784825468651,
  "std_fold_auc": 0.041395421820167436,
  "metrics": {
    "auc": 0.9114537638182137,
    "pr_auc": 0.9070058592521019,
    "accuracy": 0.834983498349835,
    "precision": 0.8296296296296296,
    "recall": 0.8057553956834532,
    "f1": 0.8175182481751825,
    "threshold": 0.49509321744371265
  },
  "runtime_s": 2130.86,
  "best_params": {
    "n_estimators": 3279,
    "learning_rate": 0.0029077966497626597,
    "num_leaves": 51,
    "max_depth": 12,
    "min_child_samples": 61,
    "subsample": 0.6534704867277069,
    "colsample_bytree": 0.5344016806871946,
    "reg_alpha": 9.728283541067643e-06,
    "reg_lambda": 0.00013424403750275575,
    "objective": "binary",
    "n_jobs": -1,
    "verbosity": -1,
    "is_unbalance": true
  },
  "per_fold_params": [
    {
      "n_estimators": 3279,
      "learning_rate": 0.0029077966497626597,
      "num_leaves": 51,
      "max_depth": 12,
      "min_child_samples": 61,
      "subsample": 0.6534704867277069,
      "colsample_bytree": 0.5344016806871946,
      "reg_alpha": 9.728283541067643e-06,
      "reg_lambda": 0.00013424403750275575,
      "objective": "binary",
      "n_jobs": -1,
      "verbosity": -1,
      "is_unbalance": true
    },
    {
      "n_estimators": 1889,
      "learning_rate": 0.0030255096364689375,
      "num_leaves": 390,
      "max_depth": 5,
      "min_child_samples": 52,
      "subsample": 0.879337756810138,
      "colsample_bytree": 0.7658645734026174,
      "reg_alpha": 2.7616675697695516,
      "reg_lambda": 1.009429862121581e-08,
      "objective": "binary",
      "n_jobs": -1,
      "verbosity": -1,
      "is_unbalance": true
    },
    {
      "n_estimators": 3381,
      "learning_rate": 0.005825219236241637,
      "num_leaves": 428,
      "max_depth": 2,
      "min_child_samples": 38,
      "subsample": 0.9155102791563973,
      "colsample_bytree": 0.5457022227418585,
      "reg_alpha": 0.01456875304002197,
      "reg_lambda": 0.0012989814464575277,
      "objective": "binary",
      "n_jobs": -1,
      "verbosity": -1,
      "is_unbalance": true
    },
    {
      "n_estimators": 3488,
      "learning_rate": 0.15209718422561588,
      "num_leaves": 316,
      "max_depth": 3,
      "min_child_samples": 54,
      "subsample": 0.7475301398515102,
      "colsample_bytree": 0.6052733591602613,
      "reg_alpha": 8.972565480138672e-06,
      "reg_lambda": 1.7929740488068354e-06,
      "objective": "binary",
      "n_jobs": -1,
      "verbosity": -1,
      "is_unbalance": true
    },
    {
      "n_estimators": 1315,
      "learning_rate": 0.0034332415714995556,
      "num_leaves": 385,
      "max_depth": 7,
      "min_child_samples": 54,
      "subsample": 0.6765191598343049,
      "colsample_bytree": 0.7177458121168124,
      "reg_alpha": 2.6354662914708865e-07,
      "reg_lambda": 1.2649484136739686e-05,
      "objective": "binary",
      "n_jobs": -1,
      "verbosity": -1,
      "is_unbalance": true
    },
    {
      "n_estimators": 3515,
      "learning_rate": 0.01209201485562812,
      "num_leaves": 462,
      "max_depth": 6,
      "min_child_samples": 52,
      "subsample": 0.9750994340180962,
      "colsample_bytree": 0.5580004283381601,
      "reg_alpha": 3.1920067693113954e-08,
      "reg_lambda": 1.1674647691181896e-07,
      "objective": "binary",
      "n_jobs": -1,
      "verbosity": -1,
      "is_unbalance": true
    },
    {
      "n_estimators": 3245,
      "learning_rate": 0.1631661149257669,
      "num_leaves": 34,
      "max_depth": 15,
      "min_child_samples": 47,
      "subsample": 0.5263523178780035,
      "colsample_bytree": 0.5933298088375176,
      "reg_alpha": 1.7859075053289246,
      "reg_lambda": 0.0003594604656542686,
      "objective": "binary",
      "n_jobs": -1,
      "verbosity": -1,
      "is_unbalance": true
    },
    {
      "n_estimators": 2163,
      "learning_rate": 0.06656462768712258,
      "num_leaves": 282,
      "max_depth": 1,
      "min_child_samples": 14,
      "subsample": 0.5332776750248603,
      "colsample_bytree": 0.8406515837610635,
      "reg_alpha": 0.40489112723649356,
      "reg_lambda": 3.7767516571269366e-06,
      "objective": "binary",
      "n_jobs": -1,
      "verbosity": -1,
      "is_unbalance": true
    },
    {
      "n_estimators": 2699,
      "learning_rate": 0.019350799499576667,
      "num_leaves": 439,
      "max_depth": 9,
      "min_child_samples": 51,
      "subsample": 0.8008552489836983,
      "colsample_bytree": 0.7860928952787618,
      "reg_alpha": 3.3364552113058723,
      "reg_lambda": 1.420643375284961e-05,
      "objective": "binary",
      "n_jobs": -1,
      "verbosity": -1,
      "is_unbalance": true
    },
    {
      "n_estimators": 1923,
      "learning_rate": 0.0037708282963254403,
      "num_leaves": 72,
      "max_depth": 14,
      "min_child_samples": 49,
      "subsample": 0.7088499405563932,
      "colsample_bytree": 0.9252353187974073,
      "reg_alpha": 4.5822230616853233e-07,
      "reg_lambda": 9.180743215113967,
      "objective": "binary",
      "n_jobs": -1,
      "verbosity": -1,
      "is_unbalance": true
    }
  ],
  "fold_metrics": [
    {
      "auc": 0.9369747899159664,
      "pr_auc": 0.9476007326007325,
      "accuracy": 0.9032258064516129,
      "precision": 0.8666666666666667,
      "recall": 0.9285714285714286,
      "f1": 0.896551724137931,
      "threshold": 0.5663356228362298
    },
    {
      "auc": 0.9873949579831932,
      "pr_auc": 0.9859693877551019,
      "accuracy": 0.9354838709677419,
      "precision": 0.9285714285714286,
      "recall": 0.9285714285714286,
      "f1": 0.9285714285714286,
      "threshold": 0.49509321744371265
    },
    {
      "auc": 0.9159663865546218,
      "pr_auc": 0.8937870661084946,
      "accuracy": 0.8387096774193549,
      "precision": 0.7647058823529411,
      "recall": 0.9285714285714286,
      "f1": 0.8387096774193549,
      "threshold": 0.5373935258722438
    },
    {
      "auc": 0.9095022624434389,
      "pr_auc": 0.8951714951714951,
      "accuracy": 0.8333333333333334,
      "precision": 0.8333333333333334,
      "recall": 0.7692307692307693,
      "f1": 0.8,
      "threshold": 0.3430373241115006
    },
    {
      "auc": 0.9241071428571428,
      "pr_auc": 0.9284271284271282,
      "accuracy": 0.7666666666666667,
      "precision": 0.7058823529411765,
      "recall": 0.8571428571428571,
      "f1": 0.7741935483870968,
      "threshold": 0.7728933702661179
    },
    {
      "auc": 0.8526785714285715,
      "pr_auc": 0.8134571572379454,
      "accuracy": 0.8,
      "precision": 0.9,
      "recall": 0.6428571428571429,
      "f1": 0.75,
      "threshold": 0.4325971933766007
    },
    {
      "auc": 0.9598214285714286,
      "pr_auc": 0.9584467120181404,
      "accuracy": 0.8333333333333334,
      "precision": 0.9090909090909091,
      "recall": 0.7142857142857143,
      "f1": 0.8,
      "threshold": 0.34122485069161285
    },
    {
      "auc": 0.875,
      "pr_auc": 0.8903687790905834,
      "accuracy": 0.7666666666666667,
      "precision": 0.7333333333333333,
      "recall": 0.7857142857142857,
      "f1": 0.7586206896551724,
      "threshold": 0.7750707570719274
    },
    {
      "auc": 0.9419642857142857,
      "pr_auc": 0.9504290352504636,
      "accuracy": 0.9,
      "precision": 1.0,
      "recall": 0.7857142857142857,
      "f1": 0.88,
      "threshold": 0.6748353125234475
    },
    {
      "auc": 0.859375,
      "pr_auc": 0.8506650095935809,
      "accuracy": 0.7666666666666667,
      "precision": 0.7692307692307693,
      "recall": 0.7142857142857143,
      "f1": 0.7407407407407407,
      "threshold": 0.3907291926148354
    }
  ],
  "scenario": 4,
  "feature_set": "raw+competition_stats",
  "n_samples": 303,
  "prevalence": 45.9
}