{
  "model": "xgboost",
  "dataset": "cleveland",
  "tuning": "dataset",
  "imbalance": "smote",
  "n_folds": 10,
  "oof_auc": 0.8835979996490613,
  "oof_pr_auc": 0.8686080054650185,
  "mean_fold_auc": 0.9182480203619908,
  "std_fold_auc": 0.04296729489632853,
  "metrics": {
    "auc": 0.8835979996490613,
    "pr_auc": 0.8686080054650185,
    "accuracy": 0.8184818481848185,
    "precision": 0.8181818181818182,
    "recall": 0.7769784172661871,
    "f1": 0.7970479704797048,
    "threshold": 0.47495925426483154
  },
  "runtime_s": 1201.32,
  "best_params": {
    "objective": "binary:logistic",
    "eval_metric": "auc",
    "learning_rate": 0.10160809815155626,
    "max_depth": 8,
    "subsample": 0.8259173003676848,
    "colsample_bytree": 0.7666693156223394,
    "n_estimators": 921,
    "n_jobs": -1,
    "verbosity": 0,
    "min_child_weight": 9.657058648116863,
    "gamma": 0.12261051025741933,
    "reg_alpha": 4.3762701972311715e-06,
    "reg_lambda": 0.36774532778269764,
    "early_stopping_rounds": 178
  },
  "per_fold_params": [
    {
      "objective": "binary:logistic",
      "eval_metric": "auc",
      "learning_rate": 0.10160809815155626,
      "max_depth": 8,
      "subsample": 0.8259173003676848,
      "colsample_bytree": 0.7666693156223394,
      "n_estimators": 921,
      "n_jobs": -1,
      "verbosity": 0,
      "min_child_weight": 9.657058648116863,
      "gamma": 0.12261051025741933,
      "reg_alpha": 4.3762701972311715e-06,
      "reg_lambda": 0.36774532778269764,
      "early_stopping_rounds": 178
    },
    {
      "objective": "binary:logistic",
      "eval_metric": "auc",
      "learning_rate": 0.13782209622051572,
      "max_depth": 10,
      "subsample": 0.5591984649736855,
      "colsample_bytree": 0.555703800189214,
      "n_estimators": 2759,
      "n_jobs": -1,
      "verbosity": 0,
      "min_child_weight": 6.7757556551415234,
      "gamma": 0.008140008643201859,
      "reg_alpha": 1.022788312777033e-08,
      "reg_lambda": 0.0009463525748579026,
      "early_stopping_rounds": 170
    },
    {
      "objective": "binary:logistic",
      "eval_metric": "auc",
      "learning_rate": 0.14258903133750378,
      "max_depth": 2,
      "subsample": 0.5888453655275518,
      "colsample_bytree": 0.5397947854528808,
      "n_estimators": 1462,
      "n_jobs": -1,
      "verbosity": 0,
      "min_child_weight": 0.172484634740556,
      "gamma": 1.9828291176935764e-07,
      "reg_alpha": 0.11159124026365254,
      "reg_lambda": 0.01949469340367033,
      "early_stopping_rounds": 200
    },
    {
      "objective": "binary:logistic",
      "eval_metric": "auc",
      "learning_rate": 0.10476205565100767,
      "max_depth": 2,
      "subsample": 0.5500808395823467,
      "colsample_bytree": 0.7105387538015993,
      "n_estimators": 1502,
      "n_jobs": -1,
      "verbosity": 0,
      "min_child_weight": 6.124580046523706,
      "gamma": 1.3136046585051383e-05,
      "reg_alpha": 5.152275417104402,
      "reg_lambda": 0.022933419251715433,
      "early_stopping_rounds": 289
    },
    {
      "objective": "binary:logistic",
      "eval_metric": "auc",
      "learning_rate": 0.04087362272465008,
      "max_depth": 7,
      "subsample": 0.8766329534451316,
      "colsample_bytree": 0.6261492460220761,
      "n_estimators": 1853,
      "n_jobs": -1,
      "verbosity": 0,
      "min_child_weight": 4.633242126527464,
      "gamma": 5.018093854271855e-08,
      "reg_alpha": 1.0384478978551184,
      "reg_lambda": 11.250811420028047,
      "early_stopping_rounds": 231
    },
    {
      "objective": "binary:logistic",
      "eval_metric": "auc",
      "learning_rate": 0.026349784407205108,
      "max_depth": 8,
      "subsample": 0.6035667426685822,
      "colsample_bytree": 0.7441842236153693,
      "n_estimators": 321,
      "n_jobs": -1,
      "verbosity": 0,
      "min_child_weight": 7.004365104306297,
      "gamma": 2.38122476952775e-05,
      "reg_alpha": 1.790239033978529e-05,
      "reg_lambda": 2.040041279480107,
      "early_stopping_rounds": 247
    },
    {
      "objective": "binary:logistic",
      "eval_metric": "auc",
      "learning_rate": 0.1619858174744861,
      "max_depth": 5,
      "subsample": 0.5253705426737536,
      "colsample_bytree": 0.7050638296562269,
      "n_estimators": 846,
      "n_jobs": -1,
      "verbosity": 0,
      "min_child_weight": 4.7319615086659175,
      "gamma": 0.9411337783758943,
      "reg_alpha": 1.2888064112228962e-08,
      "reg_lambda": 0.30836079736195415,
      "early_stopping_rounds": 200
    },
    {
      "objective": "binary:logistic",
      "eval_metric": "auc",
      "learning_rate": 0.1239563262665856,
      "max_depth": 7,
      "subsample": 0.8575609852097287,
      "colsample_bytree": 0.7752126139901665,
      "n_estimators": 2232,
      "n_jobs": -1,
      "verbosity": 0,
      "min_child_weight": 9.199570286404258,
      "gamma": 0.6837934064711048,
      "reg_alpha": 0.001096174740039306,
      "reg_lambda": 1.717372484384177,
      "early_stopping_rounds": 126
    },
    {
      "objective": "binary:logistic",
      "eval_metric": "auc",
      "learning_rate": 0.18458189280904697,
      "max_depth": 2,
      "subsample": 0.5051697716150795,
      "colsample_bytree": 0.931886944589921,
      "n_estimators": 3467,
      "n_jobs": -1,
      "verbosity": 0,
      "min_child_weight": 8.845391550279743,
      "gamma": 8.338612709543217,
      "reg_alpha": 1.2017352668948578e-05,
      "reg_lambda": 6.043194838537828e-08,
      "early_stopping_rounds": 200
    },
    {
      "objective": "binary:logistic",
      "eval_metric": "auc",
      "learning_rate": 0.08700445167080922,
      "max_depth": 4,
      "subsample": 0.9333690482094776,
      "colsample_bytree": 0.7805058695492666,
      "n_estimators": 443,
      "n_jobs": -1,
      "verbosity": 0,
      "min_child_weight": 7.22972538414414,
      "gamma": 4.6295898861198396e-08,
      "reg_alpha": 0.25190137018024183,
      "reg_lambda": 8.430412267560282e-06,
      "early_stopping_rounds": 92
    }
  ],
  "fold_metrics": [
    {
      "auc": 0.9705882352941176,
      "pr_auc": 0.9689239332096475,
      "accuracy": 0.9032258064516129,
      "precision": 0.9230769230769231,
      "recall": 0.8571428571428571,
      "f1": 0.8888888888888888,
      "threshold": 0.4890049397945404
    },
    {
      "auc": 0.9957983193277311,
      "pr_auc": 0.995238095238095,
      "accuracy": 0.967741935483871,
      "precision": 1.0,
      "recall": 0.9285714285714286,
      "f1": 0.9629629629629629,
      "threshold": 0.4682135283946991
    },
    {
      "auc": 0.9159663865546218,
      "pr_auc": 0.9091674407463879,
      "accuracy": 0.7741935483870968,
      "precision": 0.7058823529411765,
      "recall": 0.8571428571428571,
      "f1": 0.7741935483870968,
      "threshold": 0.6087591052055359
    },
    {
      "auc": 0.9095022624434389,
      "pr_auc": 0.8845552108710002,
      "accuracy": 0.8,
      "precision": 0.8181818181818182,
      "recall": 0.6923076923076923,
      "f1": 0.75,
      "threshold": 0.3040401339530945
    },
    {
      "auc": 0.9241071428571429,
      "pr_auc": 0.9379227053140096,
      "accuracy": 0.8,
      "precision": 0.75,
      "recall": 0.8571428571428571,
      "f1": 0.8,
      "threshold": 0.7986271381378174
    },
    {
      "auc": 0.8571428571428572,
      "pr_auc": 0.8316945829163874,
      "accuracy": 0.7666666666666667,
      "precision": 0.8181818181818182,
      "recall": 0.6428571428571429,
      "f1": 0.72,
      "threshold": 0.44733813405036926
    },
    {
      "auc": 0.9464285714285714,
      "pr_auc": 0.9503178194354664,
      "accuracy": 0.8333333333333334,
      "precision": 0.9090909090909091,
      "recall": 0.7142857142857143,
      "f1": 0.8,
      "threshold": 0.4160797595977783
    },
    {
      "auc": 0.8660714285714286,
      "pr_auc": 0.8872190090611143,
      "accuracy": 0.7,
      "precision": 0.6470588235294118,
      "recall": 0.7857142857142857,
      "f1": 0.7096774193548387,