{
  "model": "xgboost",
  "dataset": "hungarian",
  "tuning": "dataset",
  "imbalance": "smote",
  "n_folds": 10,
  "oof_auc": 0.8569098755519872,
  "oof_pr_auc": 0.7641320897767319,
  "mean_fold_auc": 0.9049946836788942,
  "std_fold_auc": 0.060955462474263186,
  "metrics": {
    "auc": 0.8569098755519872,
    "pr_auc": 0.7641320897767319,
    "accuracy": 0.7925170068027211,
    "precision": 0.6859504132231405,
    "recall": 0.7830188679245284,
    "f1": 0.7312775330396476,
    "threshold": 0.5006821751594543
  },
  "runtime_s": 1783.07,
  "best_params": {
    "objective": "binary:logistic",
    "eval_metric": "auc",
    "learning_rate": 0.0015700320669263142,
    "max_depth": 10,
    "subsample": 0.502590065899949,
    "colsample_bytree": 0.5116657699663171,
    "n_estimators": 2972,
    "n_jobs": -1,
    "verbosity": 0,
    "min_child_weight": 0.02005239999926293,
    "gamma": 0.1329466633276845,
    "reg_alpha": 7.641409734341387e-07,
    "reg_lambda": 54.631918530773106,
    "early_stopping_rounds": 59
  },
  "per_fold_params": [
    {
      "objective": "binary:logistic",
      "eval_metric": "auc",
      "learning_rate": 0.0015700320669263142,
      "max_depth": 10,
      "subsample": 0.502590065899949,
      "colsample_bytree": 0.5116657699663171,
      "n_estimators": 2972,
      "n_jobs": -1,
      "verbosity": 0,
      "min_child_weight": 0.02005239999926293,
      "gamma": 0.1329466633276845,
      "reg_alpha": 7.641409734341387e-07,
      "reg_lambda": 54.631918530773106,
      "early_stopping_rounds": 59
    },
    {
      "objective": "binary:logistic",
      "eval_metric": "auc",
      "learning_rate": 0.02263839380542969,
      "max_depth": 4,
      "subsample": 0.5974650803985532,
      "colsample_bytree": 0.5194554164596558,
      "n_estimators": 932,
      "n_jobs": -1,
      "verbosity": 0,
      "min_child_weight": 0.034376229273449674,
      "gamma": 0.0014283521677055575,
      "reg_alpha": 1.6093066799201275e-05,
      "reg_lambda": 0.0018074878833567024,
      "early_stopping_rounds": 226
    },
    {
      "objective": "binary:logistic",
      "eval_metric": "auc",
      "learning_rate": 0.013132920184651726,
      "max_depth": 2,
      "subsample": 0.7836087933478911,
      "colsample_bytree": 0.6746101864111144,
      "n_estimators": 1792,
      "n_jobs": -1,
      "verbosity": 0,
      "min_child_weight": 0.04012432530426161,
      "gamma": 4.1159591351014885e-05,
      "reg_alpha": 1.61500458761249e-05,
      "reg_lambda": 0.004511096768184641,
      "early_stopping_rounds": 146
    },
    {
      "objective": "binary:logistic",
      "eval_metric": "auc",
      "learning_rate": 0.05361401365803822,
      "max_depth": 4,
      "subsample": 0.5704808553460571,
      "colsample_bytree": 0.5008601240723877,
      "n_estimators": 2023,
      "n_jobs": -1,
      "verbosity": 0,
      "min_child_weight": 0.27765187771655453,
      "gamma": 0.08803662172685266,
      "reg_alpha": 2.76078023379775e-06,
      "reg_lambda": 28.0182677111233,
      "early_stopping_rounds": 190
    },
    {
      "objective": "binary:logistic",
      "eval_metric": "auc",
      "learning_rate": 0.12566964609679798,
      "max_depth": 12,
      "subsample": 0.5745150860789685,
      "colsample_bytree": 0.5881118320778898,
      "n_estimators": 1045,
      "n_jobs": -1,
      "verbosity": 0,
      "min_child_weight": 0.044805217693735154,
      "gamma": 2.4101904344039228e-05,
      "reg_alpha": 4.234287606907849e-05,
      "reg_lambda": 23.387202382720066,
      "early_stopping_rounds": 117
    },
    {
      "objective": "binary:logistic",
      "eval_metric": "auc",
      "learning_rate": 0.1488544046020993,
      "max_depth": 5,
      "subsample": 0.6774199393729096,
      "colsample_bytree": 0.6515421529596125,
      "n_estimators": 2646,
      "n_jobs": -1,
      "verbosity": 0,
      "min_child_weight": 0.2667807314463843,
      "gamma": 1.1253292328297616e-05,
      "reg_alpha": 0.0006803818201251326,
      "reg_lambda": 18.215354391110843,
      "early_stopping_rounds": 59
    },
    {
      "objective": "binary:logistic",
      "eval_metric": "auc",
      "learning_rate": 0.02084661787972843,
      "max_depth": 10,
      "subsample": 0.7399809831485274,
      "colsample_bytree": 0.8319824861391976,
      "n_estimators": 3599,
      "n_jobs": -1,
      "verbosity": 0,
      "min_child_weight": 11.271519681601653,
      "gamma": 3.588233801109894,
      "reg_alpha": 1.772379041559551e-07,
      "reg_lambda": 4.096288246801114,
      "early_stopping_rounds": 210
    },
    {
      "objective": "binary:logistic",
      "eval_metric": "auc",
      "learning_rate": 0.004148843533887098,
      "max_depth": 2,
      "subsample": 0.5267357794876676,
      "colsample_bytree": 0.5103301728501335,
      "n_estimators": 3799,
      "n_jobs": -1,
      "verbosity": 0,
      "min_child_weight": 0.027704911650598362,
      "gamma": 6.550028094630219e-07,
      "reg_alpha": 8.294370636524895e-05,
      "reg_lambda": 1.217661620958149e-08,
      "early_stopping_rounds": 192
    },
    {
      "objective": "binary:logistic",
      "eval_metric": "auc",
      "learning_rate": 0.13957462835977988,
      "max_depth": 10,
      "subsample": 0.5846507931875804,
      "colsample_bytree": 0.7945772852164835,
      "n_estimators": 2457,
      "n_jobs": -1,
      "verbosity": 0,
      "min_child_weight": 0.07565435427144539,
      "gamma": 0.7673266958542413,
      "reg_alpha": 1.4067743598185579e-05,
      "reg_lambda": 5.59454667750239,
      "early_stopping_rounds": 179
    },
    {
      "objective": "binary:logistic",
      "eval_metric": "auc",
      "learning_rate": 0.04003065584971445,
      "max_depth": 10,
      "subsample": 0.8789124803722776,
      "colsample_bytree": 0.6611853556698094,
      "n_estimators": 1349,
      "n_jobs": -1,
      "verbosity": 0,
      "min_child_weight": 0.013198248854921431,
      "gamma": 0.04963408844029001,
      "reg_alpha": 0.00011057509148891514,
      "reg_lambda": 58.46919106843779,
      "early_stopping_rounds": 295
    }
  ],
  "fold_metrics": [
    {
      "auc": 0.8899521531100479,
      "pr_auc": 0.8806998556998558,
      "accuracy": 0.6666666666666666,
      "precision": 0.5294117647058824,
      "recall": 0.8181818181818182,
      "f1": 0.6428571428571429,
      "threshold": 0.5006821751594543
    },
    {
      "auc": 0.9138755980861244,
      "pr_auc": 0.8948218448218448,
      "accuracy": 0.8333333333333334,
      "precision": 0.8,
      "recall": 0.7272727272727273,
      "f1": 0.7619047619047619,
      "threshold": 0.3752804696559906
    },
    {
      "auc": 0.8803827751196173,
      "pr_auc": 0.8551477488643264,
      "accuracy": 0.7666666666666667,
      "precision": 0.6666666666666666,
      "recall": 0.7272727272727273,
      "f1": 0.6956521739130435,
      "threshold": 0.49097105860710144
    },
    {
      "auc": 0.9712918660287082,
      "pr_auc": 0.9595404595404595,
      "accuracy": 0.8666666666666667,
      "precision": 0.8181818181818182,
      "recall": 0.8181818181818182,
      "f1": 0.8181818181818182,
      "threshold": 0.4398157596588135
    },
    {
      "auc": 0.8131578947368422,
      "pr_auc": 0.6230749724132076,
      "accuracy": 0.6896551724137931,
      "precision": 0.5333333333333333,
      "recall": 0.8,
      "f1": 0.64,
      "threshold": 0.333618700504303
    },
    {
      "auc": 0.9684210526315791,
      "pr_auc": 0.9566666666666667,
      "accuracy": 0.896551724137931,
      "precision": 0.8181818181818182,
      "recall": 0.9,
      "f1": 0.8571428571428571,
      "threshold": 0.5755119323730469
    },
    {
      "auc": 0.831578947368421,
      "pr_auc": 0.8089584924879041,
      "accuracy": 0.7241379310344828,
      "precision": 0.6,
      "recall": 0.6,
      "f1": 0.6,
      "threshold": 0.3486035168170929
    },
    {
      "auc": 0.8368421052631579,
      "pr_auc": 0.7308333333333333,
      "accuracy": 0.7586206896551724,
      "precision": 0.6,
      "recall": 0.9,