{
  "model": "xgboost",
  "dataset": "hungarian",
  "tuning": "dataset",
  "imbalance": "native",
  "n_folds": 10,
  "oof_auc": 0.8697812123645121,
  "oof_pr_auc": 0.8017167649684568,
  "mean_fold_auc": 0.9146517809675704,
  "std_fold_auc": 0.057609359879128776,
  "metrics": {
    "auc": 0.8697812123645121,
    "pr_auc": 0.8017167649684568,
    "accuracy": 0.826530612244898,
    "precision": 0.7391304347826086,
    "recall": 0.8018867924528302,
    "f1": 0.7692307692307693,
    "threshold": 0.49958527088165283
  },
  "runtime_s": 1588.32,
  "best_params": {
    "objective": "binary:logistic",
    "eval_metric": "auc",
    "learning_rate": 0.06491784708125081,
    "max_depth": 8,
    "subsample": 0.5435729624469442,
    "colsample_bytree": 0.7123252797998251,
    "n_estimators": 1117,
    "n_jobs": -1,
    "verbosity": 0,
    "min_child_weight": 0.3417612415126456,
    "gamma": 0.2125535680876033,
    "reg_alpha": 1.7141206132777667e-05,
    "reg_lambda": 21.647657083709273,
    "early_stopping_rounds": 128,
    "scale_pos_weight": 1.7789473684210526
  },
  "per_fold_params": [
    {
      "objective": "binary:logistic",
      "eval_metric": "auc",
      "learning_rate": 0.06491784708125081,
      "max_depth": 8,
      "subsample": 0.5435729624469442,
      "colsample_bytree": 0.7123252797998251,
      "n_estimators": 1117,
      "n_jobs": -1,
      "verbosity": 0,
      "min_child_weight": 0.3417612415126456,
      "gamma": 0.2125535680876033,
      "reg_alpha": 1.7141206132777667e-05,
      "reg_lambda": 21.647657083709273,
      "early_stopping_rounds": 128,
      "scale_pos_weight": 1.7789473684210526
    },
    {
      "objective": "binary:logistic",
      "eval_metric": "auc",
      "learning_rate": 0.12256579273165889,
      "max_depth": 3,
      "subsample": 0.736600492525955,
      "colsample_bytree": 0.8349809436639334,
      "n_estimators": 725,
      "n_jobs": -1,
      "verbosity": 0,
      "min_child_weight": 0.032592551520407825,
      "gamma": 0.001312346693499862,
      "reg_alpha": 2.946813369720501e-06,
      "reg_lambda": 2.1276117451558595e-06,
      "early_stopping_rounds": 259,
      "scale_pos_weight": 1.7789473684210526
    },
    {
      "objective": "binary:logistic",
      "eval_metric": "auc",
      "learning_rate": 0.04298169768206223,
      "max_depth": 2,
      "subsample": 0.9050658841514801,
      "colsample_bytree": 0.6125497734191064,
      "n_estimators": 1683,
      "n_jobs": -1,
      "verbosity": 0,
      "min_child_weight": 0.020423634773261118,
      "gamma": 0.10121873252726639,
      "reg_alpha": 0.00745796007218614,
      "reg_lambda": 7.48543281985908e-07,
      "early_stopping_rounds": 248,
      "scale_pos_weight": 1.7789473684210526
    },
    {
      "objective": "binary:logistic",
      "eval_metric": "auc",
      "learning_rate": 0.19427195537058017,
      "max_depth": 12,
      "subsample": 0.7146038202608669,
      "colsample_bytree": 0.5075419273572198,
      "n_estimators": 3354,
      "n_jobs": -1,
      "verbosity": 0,
      "min_child_weight": 0.12451562369649272,
      "gamma": 0.011109385819867312,
      "reg_alpha": 2.589961737905125e-07,
      "reg_lambda": 59.98748306601579,
      "early_stopping_rounds": 193,
      "scale_pos_weight": 1.7789473684210526
    },
    {
      "objective": "binary:logistic",
      "eval_metric": "auc",
      "learning_rate": 0.0012976314764391777,
      "max_depth": 4,
      "subsample": 0.5016091128908526,
      "colsample_bytree": 0.5461741222980598,
      "n_estimators": 2260,
      "n_jobs": -1,
      "verbosity": 0,
      "min_child_weight": 0.15136249020565287,
      "gamma": 4.6615849304331904e-07,
      "reg_alpha": 2.8538130471897575e-05,
      "reg_lambda": 1.7916489831654874e-07,
      "early_stopping_rounds": 245,
      "scale_pos_weight": 1.7604166666666667
    },
    {
      "objective": "binary:logistic",
      "eval_metric": "auc",
      "learning_rate": 0.01188530426876545,
      "max_depth": 3,
      "subsample": 0.5445705809130333,
      "colsample_bytree": 0.5105046735298551,
      "n_estimators": 1333,
      "n_jobs": -1,
      "verbosity": 0,
      "min_child_weight": 0.044177237219163626,
      "gamma": 1.1393145546022898,
      "reg_alpha": 0.014691665682360276,
      "reg_lambda": 3.949908712909483e-08,
      "early_stopping_rounds": 237,
      "scale_pos_weight": 1.7604166666666667
    },
    {
      "objective": "binary:logistic",
      "eval_metric": "auc",
      "learning_rate": 0.013042215485820146,
      "max_depth": 4,
      "subsample": 0.5117700740584239,
      "colsample_bytree": 0.5124644224593693,
      "n_estimators": 3754,
      "n_jobs": -1,
      "verbosity": 0,
      "min_child_weight": 0.013399905547342187,
      "gamma": 0.13883159951029891,
      "reg_alpha": 0.028531645419028792,
      "reg_lambda": 0.0008996182936363044,
      "early_stopping_rounds": 171,
      "scale_pos_weight": 1.7604166666666667
    },
    {
      "objective": "binary:logistic",
      "eval_metric": "auc",
      "learning_rate": 0.0033554672067412855,
      "max_depth": 2,
      "subsample": 0.7884128718986785,
      "colsample_bytree": 0.5109820373486919,
      "n_estimators": 1722,
      "n_jobs": -1,
      "verbosity": 0,
      "min_child_weight": 0.5668887749887913,
      "gamma": 0.08335217845712135,
      "reg_alpha": 2.9718955999618386e-06,
      "reg_lambda": 3.2448946819588884e-06,
      "early_stopping_rounds": 295,
      "scale_pos_weight": 1.7604166666666667
    },
    {
      "objective": "binary:logistic",
      "eval_metric": "auc",
      "learning_rate": 0.07585939348910102,
      "max_depth": 6,
      "subsample": 0.5051463097554258,
      "colsample_bytree": 0.5335408515370829,
      "n_estimators": 1611,
      "n_jobs": -1,
      "verbosity": 0,
      "min_child_weight": 0.43644563986872864,
      "gamma": 0.006307313220425187,
      "reg_alpha": 2.389449082414269,
      "reg_lambda": 88.86803916312543,
      "early_stopping_rounds": 90,
      "scale_pos_weight": 1.7894736842105263
    },
    {
      "objective": "binary:logistic",
      "eval_metric": "auc",
      "learning_rate": 0.060269112798749656,
      "max_depth": 5,
      "subsample": 0.7256117605116333,
      "colsample_bytree": 0.6556036215423707,
      "n_estimators": 2357,
      "n_jobs": -1,
      "verbosity": 0,
      "min_child_weight": 0.014482298245087484,
      "gamma": 0.00014992873234034816,
      "reg_alpha": 1.1628962459200074e-07,
      "reg_lambda": 4.916067756093407,
      "early_stopping_rounds": 50,
      "scale_pos_weight": 1.7894736842105263
    }
  ],
  "fold_metrics": [
    {
      "auc": 0.9138755980861244,
      "pr_auc": 0.9149678604224059,
      "accuracy": 0.7666666666666667,
      "precision": 0.625,
      "recall": 0.9090909090909091,
      "f1": 0.7407407407407407,
      "threshold": 0.5151943564414978
    },
    {
      "auc": 0.8755980861244019,
      "pr_auc": 0.8722804972804974,
      "accuracy": 0.8333333333333334,
      "precision": 0.875,
      "recall": 0.6363636363636364,
      "f1": 0.7368421052631579,
      "threshold": 0.4569053053855896
    },
    {
      "auc": 0.8995215311004784,
      "pr_auc": 0.8732946346582711,
      "accuracy": 0.7666666666666667,
      "precision": 0.6666666666666666,
      "recall": 0.7272727272727273,
      "f1": 0.6956521739130435,
      "threshold": 0.9048704504966736
    },
    {
      "auc": 0.9808612440191388,
      "pr_auc": 0.9757575757575757,
      "accuracy": 0.9,
      "precision": 0.8333333333333334,
      "recall": 0.9090909090909091,
      "f1": 0.8695652173913043,
      "threshold": 0.5182397365570068
    },
    {
      "auc": 0.8210526315789473,
      "pr_auc": 0.607769436445907,
      "accuracy": 0.7586206896551724,
      "precision": 0.6153846153846154,
      "recall": 0.8,
      "f1": 0.6956521739130435,
      "threshold": 0.49958527088165283
    },
    {
      "auc": 1.0,
      "pr_auc": 0.9999999999999999,
      "accuracy": 0.9310344827586207,
      "precision": 1.0,