{
  "model": "xgboost",
  "dataset": "cleveland",
  "tuning": "dataset",
  "imbalance": "native",
  "n_folds": 10,
  "oof_auc": 0.890660642217933,
  "oof_pr_auc": 0.8862778998367662,
  "mean_fold_auc": 0.9210164835164836,
  "std_fold_auc": 0.047488471356459463,
  "metrics": {
    "auc": 0.890660642217933,
    "pr_auc": 0.8862778998367662,
    "accuracy": 0.8217821782178217,
    "precision": 0.8294573643410853,
    "recall": 0.7697841726618705,
    "f1": 0.7985074626865671,
    "threshold": 0.46959760785102844
  },
  "runtime_s": 1016.1,
  "best_params": {
    "objective": "binary:logistic",
    "eval_metric": "auc",
    "learning_rate": 0.15259708961538357,
    "max_depth": 4,
    "subsample": 0.8298359198732582,
    "colsample_bytree": 0.6303807354542407,
    "n_estimators": 2186,
    "n_jobs": -1,
    "verbosity": 0,
    "min_child_weight": 4.832549016718116,
    "gamma": 0.0005894349324617934,
    "reg_alpha": 5.369054969571357e-08,
    "reg_lambda": 0.00596152840651005,
    "early_stopping_rounds": 286,
    "scale_pos_weight": 1.176
  },
  "per_fold_params": [
    {
      "objective": "binary:logistic",
      "eval_metric": "auc",
      "learning_rate": 0.15259708961538357,
      "max_depth": 4,
      "subsample": 0.8298359198732582,
      "colsample_bytree": 0.6303807354542407,
      "n_estimators": 2186,
      "n_jobs": -1,
      "verbosity": 0,
      "min_child_weight": 4.832549016718116,
      "gamma": 0.0005894349324617934,
      "reg_alpha": 5.369054969571357e-08,
      "reg_lambda": 0.00596152840651005,
      "early_stopping_rounds": 286,
      "scale_pos_weight": 1.176
    },
    {
      "objective": "binary:logistic",
      "eval_metric": "auc",
      "learning_rate": 0.154828907469967,
      "max_depth": 5,
      "subsample": 0.5624497744486001,
      "colsample_bytree": 0.6138657441038948,
      "n_estimators": 3190,
      "n_jobs": -1,
      "verbosity": 0,
      "min_child_weight": 7.927560598988166,
      "gamma": 0.006264866113399969,
      "reg_alpha": 9.727422278292258e-08,
      "reg_lambda": 0.343167392434234,
      "early_stopping_rounds": 175,
      "scale_pos_weight": 1.176
    },
    {
      "objective": "binary:logistic",
      "eval_metric": "auc",
      "learning_rate": 0.0755684842469192,
      "max_depth": 2,
      "subsample": 0.5950619676810842,
      "colsample_bytree": 0.5964759921632762,
      "n_estimators": 447,
      "n_jobs": -1,
      "verbosity": 0,
      "min_child_weight": 3.807534726377609,
      "gamma": 0.6263536436077187,
      "reg_alpha": 2.280973276979915e-06,
      "reg_lambda": 3.274415978790731e-05,
      "early_stopping_rounds": 248,
      "scale_pos_weight": 1.176
    },
    {
      "objective": "binary:logistic",
      "eval_metric": "auc",
      "learning_rate": 0.19531830094328181,
      "max_depth": 5,
      "subsample": 0.9561059312450301,
      "colsample_bytree": 0.9818089416650854,
      "n_estimators": 2816,
      "n_jobs": -1,
      "verbosity": 0,
      "min_child_weight": 9.584664351209586,
      "gamma": 2.669836121972282e-07,
      "reg_alpha": 1.900856623919858e-05,
      "reg_lambda": 0.0012782556456089444,
      "early_stopping_rounds": 160,
      "scale_pos_weight": 1.1666666666666667
    },
    {
      "objective": "binary:logistic",
      "eval_metric": "auc",
      "learning_rate": 0.05256305050804534,
      "max_depth": 3,
      "subsample": 0.5020102733364942,
      "colsample_bytree": 0.7526399419000511,
      "n_estimators": 1315,
      "n_jobs": -1,
      "verbosity": 0,
      "min_child_weight": 2.8673452448992713,
      "gamma": 6.917936950630226e-08,
      "reg_alpha": 0.0006256305491306017,
      "reg_lambda": 19.48292914006634,
      "early_stopping_rounds": 97,
      "scale_pos_weight": 1.184
    },
    {
      "objective": "binary:logistic",
      "eval_metric": "auc",
      "learning_rate": 0.1515915138639835,
      "max_depth": 11,
      "subsample": 0.7582409503905014,
      "colsample_bytree": 0.5903059187731297,
      "n_estimators": 423,
      "n_jobs": -1,
      "verbosity": 0,
      "min_child_weight": 9.992063012827824,
      "gamma": 0.1517787770905245,
      "reg_alpha": 2.4219281108754038e-08,
      "reg_lambda": 0.002660423781502629,
      "early_stopping_rounds": 213,
      "scale_pos_weight": 1.184
    },
    {
      "objective": "binary:logistic",
      "eval_metric": "auc",
      "learning_rate": 0.006737284153670441,
      "max_depth": 11,
      "subsample": 0.5254504660114481,
      "colsample_bytree": 0.8831268679341673,
      "n_estimators": 868,
      "n_jobs": -1,
      "verbosity": 0,
      "min_child_weight": 5.091398055311995,
      "gamma": 8.24517406896343e-08,
      "reg_alpha": 0.12734401307232615,
      "reg_lambda": 0.0007167303910844847,
      "early_stopping_rounds": 265,
      "scale_pos_weight": 1.184
    },
    {
      "objective": "binary:logistic",
      "eval_metric": "auc",
      "learning_rate": 0.027838217147357965,
      "max_depth": 8,
      "subsample": 0.9442244289747518,
      "colsample_bytree": 0.5281861918515774,
      "n_estimators": 3175,
      "n_jobs": -1,
      "verbosity": 0,
      "min_child_weight": 10.447511147912097,
      "gamma": 4.3927048812190346e-07,
      "reg_alpha": 2.5995400513084547e-08,
      "reg_lambda": 0.00018485147586394654,
      "early_stopping_rounds": 288,
      "scale_pos_weight": 1.184
    },
    {
      "objective": "binary:logistic",
      "eval_metric": "auc",
      "learning_rate": 0.1091229534907549,
      "max_depth": 5,
      "subsample": 0.7080268190706809,
      "colsample_bytree": 0.7321850782314072,
      "n_estimators": 1103,
      "n_jobs": -1,
      "verbosity": 0,
      "min_child_weight": 8.95135111354597,
      "gamma": 0.009486810822073028,
      "reg_alpha": 0.0007964396763595124,
      "reg_lambda": 4.878049391633963e-07,
      "early_stopping_rounds": 187,
      "scale_pos_weight": 1.184
    },
    {
      "objective": "binary:logistic",
      "eval_metric": "auc",
      "learning_rate": 0.007001127367260504,
      "max_depth": 9,
      "subsample": 0.9687163614924482,
      "colsample_bytree": 0.686148474764787,
      "n_estimators": 2193,
      "n_jobs": -1,
      "verbosity": 0,
      "min_child_weight": 9.801547623403613,
      "gamma": 1.7257086438425742e-07,
      "reg_alpha": 4.2023350683033614e-07,
      "reg_lambda": 7.309107416522948e-07,
      "early_stopping_rounds": 174,
      "scale_pos_weight": 1.184
    }
  ],
  "fold_metrics": [
    {
      "auc": 0.9495798319327731,
      "pr_auc": 0.950892857142857,
      "accuracy": 0.8064516129032258,
      "precision": 0.7857142857142857,
      "recall": 0.7857142857142857,
      "f1": 0.7857142857142857,
      "threshold": 0.5900066494941711
    },
    {
      "auc": 1.0,
      "pr_auc": 0.9999999999999998,
      "accuracy": 0.9354838709677419,
      "precision": 1.0,
      "recall": 0.8571428571428571,
      "f1": 0.9230769230769231,
      "threshold": 0.46959760785102844
    },
    {
      "auc": 0.9222689075630253,
      "pr_auc": 0.8933442374618845,
      "accuracy": 0.8387096774193549,
      "precision": 0.8461538461538461,
      "recall": 0.7857142857142857,
      "f1": 0.8148148148148148,
      "threshold": 0.45187148451805115
    },
    {
      "auc": 0.9276018099547512,
      "pr_auc": 0.8969360767437691,
      "accuracy": 0.8333333333333334,
      "precision": 0.8333333333333334,
      "recall": 0.7692307692307693,
      "f1": 0.8,
      "threshold": 0.3236212134361267
    },
    {
      "auc": 0.9196428571428571,
      "pr_auc": 0.9352075841778358,
      "accuracy": 0.8,
      "precision": 0.75,
      "recall": 0.8571428571428571,
      "f1": 0.8,
      "threshold": 0.7670753002166748
    },
    {
      "auc": 0.8571428571428572,
      "pr_auc": 0.8511966208394779,
      "accuracy": 0.8333333333333334,
      "precision": 0.9090909090909091,
      "recall": 0.7142857142857143,
      "f1": 0.8,
      "threshold": 0.33711305260658264
    },
    {
      "auc": 0.96875,