{
  "model": "xgboost",
  "dataset": "switzerland",
  "tuning": "dataset",
  "imbalance": "smote",
  "n_folds": 15,
  "oof_auc": 0.6793478260869565,
  "oof_pr_auc": 0.9503828283153319,
  "mean_fold_auc": 0.8833333333333332,
  "std_fold_auc": 0.11123601465209719,
  "metrics": {
    "auc": 0.6793478260869565,
    "pr_auc": 0.9503828283153319,
    "accuracy": 0.9186991869918699,
    "precision": 0.9646017699115044,
    "recall": 0.9478260869565217,
    "f1": 0.956140350877193,
    "threshold": 0.511258582274119
  },
  "runtime_s": 559.87,
  "best_params": {
    "objective": "binary:logistic",
    "eval_metric": "auc",
    "learning_rate": 0.04377212690340857,
    "max_depth": 10,
    "subsample": 0.8854835899772805,
    "colsample_bytree": 0.7468977981821954,
    "n_estimators": 742,
    "n_jobs": -1,
    "verbosity": 0,
    "min_child_weight": 1.191646709003216,
    "gamma": 0.0005065186776865479,
    "reg_alpha": 0.00018854290037136504,
    "reg_lambda": 1.7955242187557462e-08,
    "early_stopping_rounds": 77
  },
  "per_fold_params": [
    {
      "objective": "binary:logistic",
      "eval_metric": "auc",
      "learning_rate": 0.04377212690340857,
      "max_depth": 10,
      "subsample": 0.8854835899772805,
      "colsample_bytree": 0.7468977981821954,
      "n_estimators": 742,
      "n_jobs": -1,
      "verbosity": 0,
      "min_child_weight": 1.191646709003216,
      "gamma": 0.0005065186776865479,
      "reg_alpha": 0.00018854290037136504,
      "reg_lambda": 1.7955242187557462e-08,
      "early_stopping_rounds": 77
    },
    {
      "objective": "binary:logistic",
      "eval_metric": "auc",
      "learning_rate": 0.044908134537889534,
      "max_depth": 2,
      "subsample": 0.5529493189597574,
      "colsample_bytree": 0.9162117939490306,
      "n_estimators": 977,
      "n_jobs": -1,
      "verbosity": 0,
      "min_child_weight": 0.42884967929018036,
      "gamma": 9.415670527233555e-07,
      "reg_alpha": 0.00012654447598774764,
      "reg_lambda": 1.2366504191431702e-06,
      "early_stopping_rounds": 83
    },
    {
      "objective": "binary:logistic",
      "eval_metric": "auc",
      "learning_rate": 0.004609326633301819,
      "max_depth": 12,
      "subsample": 0.7063375453141778,
      "colsample_bytree": 0.5821981365263197,
      "n_estimators": 1662,
      "n_jobs": -1,
      "verbosity": 0,
      "min_child_weight": 1.763590681572466,
      "gamma": 2.5141114722530174e-07,
      "reg_alpha": 1.2807176089886275e-07,
      "reg_lambda": 1.4137611613791925e-06,
      "early_stopping_rounds": 265
    },
    {
      "objective": "binary:logistic",
      "eval_metric": "auc",
      "learning_rate": 0.0013112881882361956,
      "max_depth": 6,
      "subsample": 0.5989338425742055,
      "colsample_bytree": 0.5668658842049162,
      "n_estimators": 1522,
      "n_jobs": -1,
      "verbosity": 0,
      "min_child_weight": 0.010474013765795289,
      "gamma": 9.84453870853919e-06,
      "reg_alpha": 1.282008249987868e-05,
      "reg_lambda": 3.4335092685812203,
      "early_stopping_rounds": 253
    },
    {
      "objective": "binary:logistic",
      "eval_metric": "auc",
      "learning_rate": 0.184543983073693,
      "max_depth": 12,
      "subsample": 0.8756649641140466,
      "colsample_bytree": 0.6229654720572397,
      "n_estimators": 2321,
      "n_jobs": -1,
      "verbosity": 0,
      "min_child_weight": 1.2150412392345071,
      "gamma": 4.556752739191441e-06,
      "reg_alpha": 2.3342290075325088e-07,
      "reg_lambda": 0.708977615873682,
      "early_stopping_rounds": 129
    },
    {
      "objective": "binary:logistic",
      "eval_metric": "auc",
      "learning_rate": 0.03895334359408462,
      "max_depth": 6,
      "subsample": 0.9930839969038314,
      "colsample_bytree": 0.5679444928043872,
      "n_estimators": 908,
      "n_jobs": -1,
      "verbosity": 0,
      "min_child_weight": 1.304444063008352,
      "gamma": 0.015515621228568257,
      "reg_alpha": 1.2033712764778383e-05,
      "reg_lambda": 0.0011241646827573584,
      "early_stopping_rounds": 161
    },
    {
      "objective": "binary:logistic",
      "eval_metric": "auc",
      "learning_rate": 0.18890994191488336,
      "max_depth": 8,
      "subsample": 0.6704583301809355,
      "colsample_bytree": 0.7603354263017416,
      "n_estimators": 967,
      "n_jobs": -1,
      "verbosity": 0,
      "min_child_weight": 0.02162134323392899,
      "gamma": 0.00013738388305568598,
      "reg_alpha": 2.1006660543933195e-05,
      "reg_lambda": 1.8551889774100372e-05,
      "early_stopping_rounds": 192
    },
    {
      "objective": "binary:logistic",
      "eval_metric": "auc",
      "learning_rate": 0.007215464133891483,
      "max_depth": 6,
      "subsample": 0.7923766918971554,
      "colsample_bytree": 0.6795940985815032,
      "n_estimators": 1067,
      "n_jobs": -1,
      "verbosity": 0,
      "min_child_weight": 0.022214968651604935,
      "gamma": 5.855745178221221e-07,
      "reg_alpha": 1.3553876642271982e-07,
      "reg_lambda": 0.07326401622016486,
      "early_stopping_rounds": 177
    },
    {
      "objective": "binary:logistic",
      "eval_metric": "auc",
      "learning_rate": 0.08108793945023983,
      "max_depth": 9,
      "subsample": 0.6110975841970312,
      "colsample_bytree": 0.6810498708302919,
      "n_estimators": 3373,
      "n_jobs": -1,
      "verbosity": 0,
      "min_child_weight": 0.01017092117635214,
      "gamma": 7.747874046857417,
      "reg_alpha": 1.5070017783935487e-06,
      "reg_lambda": 1.856315269706153e-07,
      "early_stopping_rounds": 239
    },
    {
      "objective": "binary:logistic",
      "eval_metric": "auc",
      "learning_rate": 0.08730534639836793,
      "max_depth": 10,
      "subsample": 0.6049843307363245,
      "colsample_bytree": 0.6449763688784917,
      "n_estimators": 1665,
      "n_jobs": -1,
      "verbosity": 0,
      "min_child_weight": 1.671356839333565,
      "gamma": 0.29380855824665325,
      "reg_alpha": 1.02243954760669e-06,
      "reg_lambda": 3.597591125019827e-07,
      "early_stopping_rounds": 110
    },
    {
      "objective": "binary:logistic",
      "eval_metric": "auc",
      "learning_rate": 0.01152735779323053,
      "max_depth": 6,
      "subsample": 0.9322174889964252,
      "colsample_bytree": 0.8615658243896055,
      "n_estimators": 1295,
      "n_jobs": -1,
      "verbosity": 0,
      "min_child_weight": 1.6510048681458729,
      "gamma": 0.027819873625849402,
      "reg_alpha": 2.3252362143008132e-06,
      "reg_lambda": 1.8252072829102414e-06,
      "early_stopping_rounds": 130
    },
    {
      "objective": "binary:logistic",
      "eval_metric": "auc",
      "learning_rate": 0.00396474884560453,
      "max_depth": 2,
      "subsample": 0.6858080960441058,
      "colsample_bytree": 0.7783664616427715,
      "n_estimators": 797,
      "n_jobs": -1,
      "verbosity": 0,
      "min_child_weight": 0.28739493312766534,
      "gamma": 1.1952286349732428,
      "reg_alpha": 4.7147521807764036e-07,
      "reg_lambda": 0.00011804951259577928,
      "early_stopping_rounds": 213
    },
    {
      "objective": "binary:logistic",
      "eval_metric": "auc",
      "learning_rate": 0.02526104998908005,
      "max_depth": 12,
      "subsample": 0.8859683259424677,
      "colsample_bytree": 0.6766469773385316,
      "n_estimators": 2308,
      "n_jobs": -1,
      "verbosity": 0,
      "min_child_weight": 0.8536263704978231,
      "gamma": 4.587430007312772e-05,
      "reg_alpha": 0.16726358337760253,
      "reg_lambda": 1.3269687865782198e-05,
      "early_stopping_rounds": 118
    },
    {
      "objective": "binary:logistic",
      "eval_metric": "auc",
      "learning_rate": 0.007812217037149924,
      "max_depth": 6,
      "subsample": 0.5894425379851037,
      "colsample_bytree": 0.7261105013375788,
      "n_estimators": 2649,
      "n_jobs": -1,
      "verbosity": 0,
      "min_child_weight": 0.10863750164973326,
      "gamma": 0.001529007829350654,