{
  "model": "xgboost",
  "dataset": "va_longbeach",
  "tuning": "dataset",
  "imbalance": "native",
  "n_folds": 15,
  "oof_auc": 0.5858665613896565,
  "oof_pr_auc": 0.7780452157359626,
  "mean_fold_auc": 0.6861563915012192,
  "std_fold_auc": 0.0942651741262928,
  "metrics": {
    "auc": 0.5858665613896565,
    "pr_auc": 0.7780452157359626,
    "accuracy": 0.675,
    "precision": 0.795774647887324,
    "recall": 0.7583892617449665,
    "f1": 0.7766323024054983,
    "threshold": 0.5030830899874369
  },
  "runtime_s": 2624.9,
  "best_params": {
    "objective": "binary:logistic",
    "eval_metric": "auc",
    "learning_rate": 0.012585182153779812,
    "max_depth": 2,
    "subsample": 0.5405326117445255,
    "colsample_bytree": 0.5912604624267461,
    "n_estimators": 3733,
    "n_jobs": -1,
    "verbosity": 0,
    "min_child_weight": 0.07581648705231256,
    "gamma": 0.16132656485799343,
    "reg_alpha": 4.628674149283633e-07,
    "reg_lambda": 9.122404824619975e-05,
    "early_stopping_rounds": 236,
    "scale_pos_weight": 0.3445378151260504
  },
  "per_fold_params": [
    {
      "objective": "binary:logistic",
      "eval_metric": "auc",
      "learning_rate": 0.012585182153779812,
      "max_depth": 2,
      "subsample": 0.5405326117445255,
      "colsample_bytree": 0.5912604624267461,
      "n_estimators": 3733,
      "n_jobs": -1,
      "verbosity": 0,
      "min_child_weight": 0.07581648705231256,
      "gamma": 0.16132656485799343,
      "reg_alpha": 4.628674149283633e-07,
      "reg_lambda": 9.122404824619975e-05,
      "early_stopping_rounds": 236,
      "scale_pos_weight": 0.3445378151260504
    },
    {
      "objective": "binary:logistic",
      "eval_metric": "auc",
      "learning_rate": 0.0042512533480958264,
      "max_depth": 12,
      "subsample": 0.9173368910494659,
      "colsample_bytree": 0.8822763627600095,
      "n_estimators": 1412,
      "n_jobs": -1,
      "verbosity": 0,
      "min_child_weight": 2.1443968322451847,
      "gamma": 0.12477210902641056,
      "reg_alpha": 6.862803554218745e-05,
      "reg_lambda": 4.530124706657914e-07,
      "early_stopping_rounds": 253,
      "scale_pos_weight": 0.3445378151260504
    },
    {
      "objective": "binary:logistic",
      "eval_metric": "auc",
      "learning_rate": 0.001026196776935176,
      "max_depth": 6,
      "subsample": 0.9274154158040058,
      "colsample_bytree": 0.5051147122406467,
      "n_estimators": 883,
      "n_jobs": -1,
      "verbosity": 0,
      "min_child_weight": 0.06508330709391107,
      "gamma": 0.19121238849963507,
      "reg_alpha": 1.8764855465483512e-06,
      "reg_lambda": 29.119762685359404,
      "early_stopping_rounds": 97,
      "scale_pos_weight": 0.3445378151260504
    },
    {
      "objective": "binary:logistic",
      "eval_metric": "auc",
      "learning_rate": 0.03595083070511773,
      "max_depth": 7,
      "subsample": 0.5130476920484592,
      "colsample_bytree": 0.5394729031317661,
      "n_estimators": 687,
      "n_jobs": -1,
      "verbosity": 0,
      "min_child_weight": 2.3758270680578923,
      "gamma": 0.00010337611841109572,
      "reg_alpha": 0.005597794657996118,
      "reg_lambda": 0.4790974676037421,
      "early_stopping_rounds": 197,
      "scale_pos_weight": 0.3445378151260504
    },
    {
      "objective": "binary:logistic",
      "eval_metric": "auc",
      "learning_rate": 0.07786044164502304,
      "max_depth": 4,
      "subsample": 0.8717045915845463,
      "colsample_bytree": 0.8970493077418862,
      "n_estimators": 3593,
      "n_jobs": -1,
      "verbosity": 0,
      "min_child_weight": 0.6048546580953766,
      "gamma": 0.07416050881635836,
      "reg_alpha": 1.878133802351152e-08,
      "reg_lambda": 4.2266518961434174e-05,
      "early_stopping_rounds": 217,
      "scale_pos_weight": 0.3333333333333333
    },
    {
      "objective": "binary:logistic",
      "eval_metric": "auc",
      "learning_rate": 0.0020747464273871523,
      "max_depth": 8,
      "subsample": 0.5694404133665079,
      "colsample_bytree": 0.9749153820308302,
      "n_estimators": 1192,
      "n_jobs": -1,
      "verbosity": 0,
      "min_child_weight": 0.43769885082040944,
      "gamma": 1.9018885462318762e-06,
      "reg_alpha": 0.8078663543937538,
      "reg_lambda": 1.8566465496423497,
      "early_stopping_rounds": 83,
      "scale_pos_weight": 0.3445378151260504
    },
    {
      "objective": "binary:logistic",
      "eval_metric": "auc",
      "learning_rate": 0.0035436288191607232,
      "max_depth": 10,
      "subsample": 0.7583367416545042,
      "colsample_bytree": 0.7635637572955178,
      "n_estimators": 1092,
      "n_jobs": -1,
      "verbosity": 0,
      "min_child_weight": 2.115604408398235,
      "gamma": 6.191212217181172e-08,
      "reg_alpha": 0.009459454533389122,
      "reg_lambda": 0.014631290477853953,
      "early_stopping_rounds": 217,
      "scale_pos_weight": 0.3445378151260504
    },
    {
      "objective": "binary:logistic",
      "eval_metric": "auc",
      "learning_rate": 0.004570380866046817,
      "max_depth": 2,
      "subsample": 0.6626347368667153,
      "colsample_bytree": 0.6372715023301145,
      "n_estimators": 3089,
      "n_jobs": -1,
      "verbosity": 0,
      "min_child_weight": 2.634802500297319,
      "gamma": 2.4827514827796936e-06,
      "reg_alpha": 1.764788172074437e-05,
      "reg_lambda": 8.665710195257471,
      "early_stopping_rounds": 160,
      "scale_pos_weight": 0.3445378151260504
    },
    {
      "objective": "binary:logistic",
      "eval_metric": "auc",
      "learning_rate": 0.03982623073416323,
      "max_depth": 5,
      "subsample": 0.8894686327881568,
      "colsample_bytree": 0.5704647009044361,
      "n_estimators": 1537,
      "n_jobs": -1,
      "verbosity": 0,
      "min_child_weight": 0.17788584411703257,
      "gamma": 6.317416336495796e-07,
      "reg_alpha": 2.3067799539747014e-07,
      "reg_lambda": 2.1226606204168426,
      "early_stopping_rounds": 217,
      "scale_pos_weight": 0.3445378151260504
    },
    {
      "objective": "binary:logistic",
      "eval_metric": "auc",
      "learning_rate": 0.1064482050016124,
      "max_depth": 4,
      "subsample": 0.5233654736356119,
      "colsample_bytree": 0.5821800511191995,
      "n_estimators": 2016,
      "n_jobs": -1,
      "verbosity": 0,
      "min_child_weight": 0.24106940679417216,
      "gamma": 1.657882904856393e-07,
      "reg_alpha": 0.015535116131084329,
      "reg_lambda": 5.254931308433604,
      "early_stopping_rounds": 286,
      "scale_pos_weight": 0.3333333333333333
    },
    {
      "objective": "binary:logistic",
      "eval_metric": "auc",
      "learning_rate": 0.0035193697912787618,
      "max_depth": 2,
      "subsample": 0.9935866545968937,
      "colsample_bytree": 0.5402560747956261,
      "n_estimators": 418,
      "n_jobs": -1,
      "verbosity": 0,
      "min_child_weight": 0.08565945529072577,
      "gamma": 1.2868907186779558e-06,
      "reg_alpha": 0.12286073314637502,
      "reg_lambda": 0.004990743938795707,
      "early_stopping_rounds": 120,
      "scale_pos_weight": 0.3445378151260504
    },
    {
      "objective": "binary:logistic",
      "eval_metric": "auc",
      "learning_rate": 0.09677430524346585,
      "max_depth": 5,
      "subsample": 0.6944229550594031,
      "colsample_bytree": 0.5353110032728722,
      "n_estimators": 2783,
      "n_jobs": -1,
      "verbosity": 0,
      "min_child_weight": 0.11056678281221935,
      "gamma": 0.0005142256565681252,
      "reg_alpha": 3.588794876558668e-08,
      "reg_lambda": 2.8538140318835383e-08,
      "early_stopping_rounds": 275,
      "scale_pos_weight": 0.3445378151260504
    },
    {
      "objective": "binary:logistic",
      "eval_metric": "auc",
      "learning_rate": 0.0014384110696760058,
      "max_depth": 10,
      "subsample": 0.811381346623885,
      "colsample_bytree": 0.6113525216028347,
      "n_estimators": 3413,
      "n_jobs": -1,
      "verbosity": 0,