{
  "model": "xgboost",
  "dataset": "switzerland",
  "tuning": "dataset",
  "imbalance": "native",
  "n_folds": 15,
  "oof_auc": 0.6880434782608695,
  "oof_pr_auc": 0.9651410751828675,
  "mean_fold_auc": 0.8362318840579709,
  "std_fold_auc": 0.12943254238704988,
  "metrics": {
    "auc": 0.6880434782608695,
    "pr_auc": 0.9651410751828675,
    "accuracy": 0.926829268292683,
    "precision": 0.9491525423728814,
    "recall": 0.9739130434782609,
    "f1": 0.9613733905579399,
    "threshold": 0.5506026347478231
  },
  "runtime_s": 414.9,
  "best_params": {
    "objective": "binary:logistic",
    "eval_metric": "auc",
    "learning_rate": 0.007087127713347861,
    "max_depth": 10,
    "subsample": 0.5850431477880087,
    "colsample_bytree": 0.6015894617915463,
    "n_estimators": 2017,
    "n_jobs": -1,
    "verbosity": 0,
    "min_child_weight": 0.12572577224638778,
    "gamma": 9.908581669334887e-05,
    "reg_alpha": 6.0200659426585585e-06,
    "reg_lambda": 0.00030801696896306504,
    "early_stopping_rounds": 153,
    "scale_pos_weight": 0.06521739130434782
  },
  "per_fold_params": [
    {
      "objective": "binary:logistic",
      "eval_metric": "auc",
      "learning_rate": 0.007087127713347861,
      "max_depth": 10,
      "subsample": 0.5850431477880087,
      "colsample_bytree": 0.6015894617915463,
      "n_estimators": 2017,
      "n_jobs": -1,
      "verbosity": 0,
      "min_child_weight": 0.12572577224638778,
      "gamma": 9.908581669334887e-05,
      "reg_alpha": 6.0200659426585585e-06,
      "reg_lambda": 0.00030801696896306504,
      "early_stopping_rounds": 153,
      "scale_pos_weight": 0.06521739130434782
    },
    {
      "objective": "binary:logistic",
      "eval_metric": "auc",
      "learning_rate": 0.001040724051129208,
      "max_depth": 9,
      "subsample": 0.5062702739271616,
      "colsample_bytree": 0.5021993607455673,
      "n_estimators": 1534,
      "n_jobs": -1,
      "verbosity": 0,
      "min_child_weight": 0.06941023294575561,
      "gamma": 7.027130418370804e-06,
      "reg_alpha": 1.8012724378635945e-08,
      "reg_lambda": 0.171208103303073,
      "early_stopping_rounds": 63,
      "scale_pos_weight": 0.06521739130434782
    },
    {
      "objective": "binary:logistic",
      "eval_metric": "auc",
      "learning_rate": 0.0029878917651821554,
      "max_depth": 8,
      "subsample": 0.6590901894428736,
      "colsample_bytree": 0.8052264595566754,
      "n_estimators": 1734,
      "n_jobs": -1,
      "verbosity": 0,
      "min_child_weight": 0.1228117943933718,
      "gamma": 6.029225521667121e-07,
      "reg_alpha": 3.6810447915260947e-07,
      "reg_lambda": 0.0007881283025445474,
      "early_stopping_rounds": 249,
      "scale_pos_weight": 0.06521739130434782
    },
    {
      "objective": "binary:logistic",
      "eval_metric": "auc",
      "learning_rate": 0.029155788403113406,
      "max_depth": 6,
      "subsample": 0.5023403414499444,
      "colsample_bytree": 0.5135995424341419,
      "n_estimators": 3782,
      "n_jobs": -1,
      "verbosity": 0,
      "min_child_weight": 0.012646956623421492,
      "gamma": 1.23511773773226e-08,
      "reg_alpha": 1.28017433165396e-08,
      "reg_lambda": 35.15630055909066,
      "early_stopping_rounds": 214,
      "scale_pos_weight": 0.07608695652173914
    },
    {
      "objective": "binary:logistic",
      "eval_metric": "auc",
      "learning_rate": 0.0034919032937484034,
      "max_depth": 9,
      "subsample": 0.7138704329351859,
      "colsample_bytree": 0.9947156832793518,
      "n_estimators": 947,
      "n_jobs": -1,
      "verbosity": 0,
      "min_child_weight": 0.2717694003105904,
      "gamma": 1.5058740307685376e-06,
      "reg_alpha": 1.2943717976562542e-07,
      "reg_lambda": 5.1692851349580953e-08,
      "early_stopping_rounds": 149,
      "scale_pos_weight": 0.07608695652173914
    },
    {
      "objective": "binary:logistic",
      "eval_metric": "auc",
      "learning_rate": 0.0016432829809611782,
      "max_depth": 7,
      "subsample": 0.5007700053705878,
      "colsample_bytree": 0.6145890787235817,
      "n_estimators": 1959,
      "n_jobs": -1,
      "verbosity": 0,
      "min_child_weight": 0.04488507639891739,
      "gamma": 0.0197783468069284,
      "reg_alpha": 0.007914208812436837,
      "reg_lambda": 2.013856708864649e-06,
      "early_stopping_rounds": 233,
      "scale_pos_weight": 0.06521739130434782
    },
    {
      "objective": "binary:logistic",
      "eval_metric": "auc",
      "learning_rate": 0.13173987703260037,
      "max_depth": 9,
      "subsample": 0.5785548892164312,
      "colsample_bytree": 0.5943867308546988,
      "n_estimators": 2052,
      "n_jobs": -1,
      "verbosity": 0,
      "min_child_weight": 0.025863824245399836,
      "gamma": 0.0007490927036947918,
      "reg_alpha": 1.5924076251121112e-07,
      "reg_lambda": 5.555375062225693,
      "early_stopping_rounds": 90,
      "scale_pos_weight": 0.06521739130434782
    },
    {
      "objective": "binary:logistic",
      "eval_metric": "auc",
      "learning_rate": 0.0037192274316654133,
      "max_depth": 5,
      "subsample": 0.7913531175908587,
      "colsample_bytree": 0.6672037545219837,
      "n_estimators": 3072,
      "n_jobs": -1,
      "verbosity": 0,
      "min_child_weight": 0.02681016744803516,
      "gamma": 3.617080514447391e-07,
      "reg_alpha": 0.00022227227424001687,
      "reg_lambda": 2.2617168852762966,
      "early_stopping_rounds": 206,
      "scale_pos_weight": 0.06521739130434782
    },
    {
      "objective": "binary:logistic",
      "eval_metric": "auc",
      "learning_rate": 0.0016121368068142926,
      "max_depth": 3,
      "subsample": 0.6430544894066803,
      "colsample_bytree": 0.6613078967749044,
      "n_estimators": 1004,
      "n_jobs": -1,
      "verbosity": 0,
      "min_child_weight": 0.0232861501645087,
      "gamma": 5.260068091225856e-06,
      "reg_alpha": 0.8872714971052398,
      "reg_lambda": 2.5909365678521903,
      "early_stopping_rounds": 298,
      "scale_pos_weight": 0.07608695652173914
    },
    {
      "objective": "binary:logistic",
      "eval_metric": "auc",
      "learning_rate": 0.07936853505278325,
      "max_depth": 3,
      "subsample": 0.5320244519462736,
      "colsample_bytree": 0.8031524947939132,
      "n_estimators": 659,
      "n_jobs": -1,
      "verbosity": 0,
      "min_child_weight": 0.040902295295557015,
      "gamma": 7.167979546157568e-08,
      "reg_alpha": 0.005829510540658483,
      "reg_lambda": 2.252161764272719e-06,
      "early_stopping_rounds": 211,
      "scale_pos_weight": 0.07608695652173914
    },
    {
      "objective": "binary:logistic",
      "eval_metric": "auc",
      "learning_rate": 0.09282512600114294,
      "max_depth": 12,
      "subsample": 0.7683521816846335,
      "colsample_bytree": 0.8911022911785416,
      "n_estimators": 2021,
      "n_jobs": -1,
      "verbosity": 0,
      "min_child_weight": 0.5849246624087345,
      "gamma": 0.21549013901385533,
      "reg_alpha": 2.861220636403073e-07,
      "reg_lambda": 2.7058058103854475e-05,
      "early_stopping_rounds": 224,
      "scale_pos_weight": 0.06521739130434782
    },
    {
      "objective": "binary:logistic",
      "eval_metric": "auc",
      "learning_rate": 0.019555041442702467,
      "max_depth": 7,
      "subsample": 0.7929256920674186,
      "colsample_bytree": 0.7678748721365378,
      "n_estimators": 3433,
      "n_jobs": -1,
      "verbosity": 0,
      "min_child_weight": 0.20076335378245294,
      "gamma": 0.2799667726941501,
      "reg_alpha": 4.419997128656445e-06,
      "reg_lambda": 0.0006078418715195717,
      "early_stopping_rounds": 137,
      "scale_pos_weight": 0.06521739130434782
    },
    {
      "objective": "binary:logistic",
      "eval_metric": "auc",
      "learning_rate": 0.013346454600511422,
      "max_depth": 2,
      "subsample": 0.5490446845774173,
      "colsample_bytree": 0.6973920005428532,
      "n_estimators": 3552,
      "n_jobs": -1,