{
  "model": "xgboost",
  "dataset": "va_longbeach",
  "tuning": "dataset",
  "imbalance": "smote",
  "n_folds": 15,
  "oof_auc": 0.6694959863139888,
  "oof_pr_auc": 0.8463138162832214,
  "mean_fold_auc": 0.7066401950539881,
  "std_fold_auc": 0.10072353518451374,
  "metrics": {
    "auc": 0.6694959863139888,
    "pr_auc": 0.8463138162832214,
    "accuracy": 0.665,
    "precision": 0.8014705882352942,
    "recall": 0.7315436241610739,
    "f1": 0.7649122807017544,
    "threshold": 0.5148981213569641
  },
  "runtime_s": 2633.85,
  "best_params": {
    "objective": "binary:logistic",
    "eval_metric": "auc",
    "learning_rate": 0.03005225508646235,
    "max_depth": 9,
    "subsample": 0.5387866166764694,
    "colsample_bytree": 0.7202723224267101,
    "n_estimators": 2201,
    "n_jobs": -1,
    "verbosity": 0,
    "min_child_weight": 4.588914259089351,
    "gamma": 9.288089331711437e-08,
    "reg_alpha": 10.556282932266875,
    "reg_lambda": 0.9949105869640098,
    "early_stopping_rounds": 242
  },
  "per_fold_params": [
    {
      "objective": "binary:logistic",
      "eval_metric": "auc",
      "learning_rate": 0.03005225508646235,
      "max_depth": 9,
      "subsample": 0.5387866166764694,
      "colsample_bytree": 0.7202723224267101,
      "n_estimators": 2201,
      "n_jobs": -1,
      "verbosity": 0,
      "min_child_weight": 4.588914259089351,
      "gamma": 9.288089331711437e-08,
      "reg_alpha": 10.556282932266875,
      "reg_lambda": 0.9949105869640098,
      "early_stopping_rounds": 242
    },
    {
      "objective": "binary:logistic",
      "eval_metric": "auc",
      "learning_rate": 0.018635453293319018,
      "max_depth": 3,
      "subsample": 0.9670463703070518,
      "colsample_bytree": 0.9170764916787582,
      "n_estimators": 1912,
      "n_jobs": -1,
      "verbosity": 0,
      "min_child_weight": 2.3318279675836684,
      "gamma": 0.048946635722016824,
      "reg_alpha": 8.372017335051441e-08,
      "reg_lambda": 3.94461655913072e-06,
      "early_stopping_rounds": 279
    },
    {
      "objective": "binary:logistic",
      "eval_metric": "auc",
      "learning_rate": 0.024488966876417054,
      "max_depth": 6,
      "subsample": 0.9546450551972833,
      "colsample_bytree": 0.7811319390817169,
      "n_estimators": 759,
      "n_jobs": -1,
      "verbosity": 0,
      "min_child_weight": 8.490572784935727,
      "gamma": 0.00011238006923208413,
      "reg_alpha": 1.6741627792692282,
      "reg_lambda": 2.371032858552089,
      "early_stopping_rounds": 156
    },
    {
      "objective": "binary:logistic",
      "eval_metric": "auc",
      "learning_rate": 0.1504450529373466,
      "max_depth": 9,
      "subsample": 0.6368066517240961,
      "colsample_bytree": 0.9217646412981058,
      "n_estimators": 776,
      "n_jobs": -1,
      "verbosity": 0,
      "min_child_weight": 9.672725808951613,
      "gamma": 0.3859120915979504,
      "reg_alpha": 0.012632106961382046,
      "reg_lambda": 3.5679593570426454e-06,
      "early_stopping_rounds": 100
    },
    {
      "objective": "binary:logistic",
      "eval_metric": "auc",
      "learning_rate": 0.04400904183971331,
      "max_depth": 6,
      "subsample": 0.8661156788441027,
      "colsample_bytree": 0.53049888469171,
      "n_estimators": 2455,
      "n_jobs": -1,
      "verbosity": 0,
      "min_child_weight": 1.6236215409454926,
      "gamma": 3.462035338416901e-08,
      "reg_alpha": 0.001237819793203705,
      "reg_lambda": 1.496072796707726e-06,
      "early_stopping_rounds": 299
    },
    {
      "objective": "binary:logistic",
      "eval_metric": "auc",
      "learning_rate": 0.0034324541939283787,
      "max_depth": 10,
      "subsample": 0.5846287145572668,
      "colsample_bytree": 0.6394085380264317,
      "n_estimators": 2409,
      "n_jobs": -1,
      "verbosity": 0,
      "min_child_weight": 0.46647724810257757,
      "gamma": 4.714629052032047,
      "reg_alpha": 0.022668316655905334,
      "reg_lambda": 2.8741764449124676e-05,
      "early_stopping_rounds": 277
    },
    {
      "objective": "binary:logistic",
      "eval_metric": "auc",
      "learning_rate": 0.0021208483204415802,
      "max_depth": 6,
      "subsample": 0.7300506140981358,
      "colsample_bytree": 0.7963722044876862,
      "n_estimators": 715,
      "n_jobs": -1,
      "verbosity": 0,
      "min_child_weight": 5.100031949024156,
      "gamma": 1.0725677065785237e-05,
      "reg_alpha": 0.00035016941310633733,
      "reg_lambda": 7.434944454372755e-07,
      "early_stopping_rounds": 152
    },
    {
      "objective": "binary:logistic",
      "eval_metric": "auc",
      "learning_rate": 0.00869825128710109,
      "max_depth": 8,
      "subsample": 0.6867182016327944,
      "colsample_bytree": 0.5979007888086961,
      "n_estimators": 3441,
      "n_jobs": -1,
      "verbosity": 0,
      "min_child_weight": 0.014627954164787007,
      "gamma": 5.377113676373052e-08,
      "reg_alpha": 0.016075208209634845,
      "reg_lambda": 4.123765063526381,
      "early_stopping_rounds": 243
    },
    {
      "objective": "binary:logistic",
      "eval_metric": "auc",
      "learning_rate": 0.003254750233586761,
      "max_depth": 2,
      "subsample": 0.9992361887729481,
      "colsample_bytree": 0.8426822338652993,
      "n_estimators": 3164,
      "n_jobs": -1,
      "verbosity": 0,
      "min_child_weight": 0.4929019171518814,
      "gamma": 6.579995952082309e-07,
      "reg_alpha": 0.000203704068245277,
      "reg_lambda": 0.017743243592824354,
      "early_stopping_rounds": 226
    },
    {
      "objective": "binary:logistic",
      "eval_metric": "auc",
      "learning_rate": 0.020721444307382642,
      "max_depth": 7,
      "subsample": 0.5751652591421517,
      "colsample_bytree": 0.616861319935844,
      "n_estimators": 333,
      "n_jobs": -1,
      "verbosity": 0,
      "min_child_weight": 0.04920035421966576,
      "gamma": 0.00021603945696230996,
      "reg_alpha": 0.024732992937929667,
      "reg_lambda": 0.6562177048262161,
      "early_stopping_rounds": 156
    },
    {
      "objective": "binary:logistic",
      "eval_metric": "auc",
      "learning_rate": 0.09170651504934185,
      "max_depth": 2,
      "subsample": 0.5606464593435292,
      "colsample_bytree": 0.6259144249263047,
      "n_estimators": 3219,
      "n_jobs": -1,
      "verbosity": 0,
      "min_child_weight": 0.16109976788198319,
      "gamma": 1.0437443578987566e-07,
      "reg_alpha": 0.02145285501446294,
      "reg_lambda": 6.622493379477699e-07,
      "early_stopping_rounds": 113
    },
    {
      "objective": "binary:logistic",
      "eval_metric": "auc",
      "learning_rate": 0.00396474884560453,
      "max_depth": 2,
      "subsample": 0.6858080960441058,
      "colsample_bytree": 0.7783664616427715,
      "n_estimators": 797,
      "n_jobs": -1,
      "verbosity": 0,
      "min_child_weight": 0.28739493312766534,
      "gamma": 1.1952286349732428,
      "reg_alpha": 4.7147521807764036e-07,
      "reg_lambda": 0.00011804951259577928,
      "early_stopping_rounds": 213
    },
    {
      "objective": "binary:logistic",
      "eval_metric": "auc",
      "learning_rate": 0.019145199383045167,
      "max_depth": 9,
      "subsample": 0.9114978396801924,
      "colsample_bytree": 0.6514227535441866,
      "n_estimators": 3230,
      "n_jobs": -1,
      "verbosity": 0,
      "min_child_weight": 3.554761281664057,
      "gamma": 5.332831604444264e-05,
      "reg_alpha": 0.00027692033558614703,
      "reg_lambda": 1.611045089391596e-08,
      "early_stopping_rounds": 202
    },
    {
      "objective": "binary:logistic",
      "eval_metric": "auc",
      "learning_rate": 0.014968320971709519,
      "max_depth": 2,
      "subsample": 0.698771488700853,
      "colsample_bytree": 0.9793758896103276,
      "n_estimators": 2935,
      "n_jobs": -1,
      "verbosity": 0,
      "min_child_weight": 0.4289230439902979,
      "gamma": 0.06243317942368047,
      "reg_alpha": 2.3763905697324317,