{
  "semi_mae_random": {
    "Cleveland": {
      "AUC": {
        "mean": 0.9280684389140272,
        "std": 0.04338438991002176,
        "folds": [
          0.9327731092436975,
          0.9873949579831932,
          0.9285714285714285,
          0.918552036199095,
          0.9598214285714286,
          0.8973214285714286,
          0.9866071428571429,
          0.84375,
          0.9464285714285714,
          0.8794642857142857
        ]
      },
      "Accuracy": {
        "mean": 0.8544086021505377,
        "std": 0.04603155352069129,
        "folds": [
          0.9032258064516129,
          0.9032258064516129,
          0.8709677419354839,
          0.8,
          0.8333333333333334,
          0.8333333333333334,
          0.9,
          0.7666666666666667,
          0.9,
          0.8333333333333334
        ]
      },
      "F1": {
        "mean": 0.8309921406817958,
        "std": 0.05414903350494307,
        "folds": [
          0.8888888888888888,
          0.896551724137931,
          0.8461538461538461,
          0.75,
          0.8275862068965517,
          0.8,
          0.88,
          0.7407407407407407,
          0.88,
          0.8
        ]
      },
      "Precision": {
        "mean": 0.891200466200466,
        "std": 0.07423423143328382,
        "folds": [
          0.9230769230769231,
          0.8666666666666667,
          0.9166666666666666,
          0.8181818181818182,
          0.8,
          0.9090909090909091,
          1.0,
          0.7692307692307693,
          1.0,
          0.9090909090909091
        ]
      },
      "Recall": {
        "mean": 0.7835164835164835,
        "std": 0.07388833175390874,
        "folds": [
          0.8571428571428571,
          0.9285714285714286,
          0.7857142857142857,
          0.6923076923076923,
          0.8571428571428571,
          0.7142857142857143,
          0.7857142857142857,
          0.7142857142857143,
          0.7857142857142857,
          0.7142857142857143
        ]
      }
    },
    "Hungarian": {
      "AUC": {
        "mean": 0.8741679957469431,
        "std": 0.07050396915335713,
        "folds": [
          0.8803827751196173,
          0.8325358851674641,
          0.8564593301435407,
          0.9808612440191388,
          0.7368421052631579,
          0.9263157894736842,
          0.8789473684210527,
          0.8210526315789474,
          0.8484848484848486,
          0.9797979797979798
        ]
      },
      "Accuracy": {
        "mean": 0.7716091954022989,
        "std": 0.0678161893628757,
        "folds": [
          0.8333333333333334,
          0.7666666666666667,
          0.7333333333333333,
          0.9,
          0.6551724137931034,
          0.7586206896551724,
          0.7931034482758621,
          0.6896551724137931,
          0.7586206896551724,
          0.8275862068965517
        ]
      },
      "F1": {
        "mean": 0.7150133779264214,
        "std": 0.0788180447551422,
        "folds": [
          0.782608695652174,
          0.6956521739130435,
          0.6923076923076923,
          0.8695652173913043,
          0.5833333333333334,
          0.72,
          0.7,
          0.64,
          0.6666666666666666,
          0.8
        ]
      },
      "Precision": {
        "mean": 0.6597619047619048,
        "std": 0.09652963545741769,
        "folds": [
          0.75,
          0.6666666666666666,
          0.6,
          0.8333333333333334,
          0.5,
          0.6,
          0.7,
          0.5333333333333333,
          0.7,
          0.7142857142857143
        ]
      },
      "Recall": {
        "mean": 0.7918181818181819,
        "std": 0.09266040369663377,
        "folds": [
          0.8181818181818182,
          0.7272727272727273,
          0.8181818181818182,
          0.9090909090909091,
          0.7,
          0.9,
          0.7,
          0.8,
          0.6363636363636364,
          0.9090909090909091
        ]
      }
    },
    "Switzerland": {
      "AUC": {
        "mean": 0.773913043478261,
        "std": 0.12646121367173033,
        "folds": [
          0.7608695652173914,
          0.8260869565217391,
          0.8043478260869565,
          0.6956521739130435,
          0.9565217391304348,
          0.717391304347826,
          0.5434782608695652,
          1.0,
          0.8695652173913043,
          0.5652173913043478,
          0.8043478260869565,
          0.6521739130434783,
          0.7608695652173914,
          0.7391304347826086,
          0.9130434782608695
        ]
      },
      "Accuracy": {
        "mean": 0.702,
        "std": 0.20278907122280385,
        "folds": [
          0.84,
          0.76,
          0.76,
          0.2916666666666667,
          0.8333333333333334,
          0.68,
          0.12,
          0.76,
          0.875,
          0.7083333333333334,
          0.8,
          0.8,
          0.76,
          0.7916666666666666,
          0.75
        ]
      },
      "F1": {
        "mean": 0.7872772834509295,
        "std": 0.22199718036235846,
        "folds": [
          0.9090909090909091,
          0.8571428571428571,
          0.8636363636363636,
          0.41379310344827586,
          0.9047619047619048,
          0.8,
          0.08333333333333333,
          0.85,
          0.9333333333333333,
          0.8292682926829268,
          0.8837209302325582,
          0.8837209302325582,
          0.8636363636363636,
          0.8837209302325582,
          0.85
        ]
      },
      "Precision": {
        "mean": 0.9599626368357017,
        "std": 0.03188116758482269,
        "folds": [
          0.9523809523809523,
          0.9473684210526315,
          0.9047619047619048,
          1.0,
          1.0,
          0.9411764705882353,
          1.0,
          1.0,
          0.9545454545454546,
          0.9444444444444444,
          0.95,
          0.95,
          0.9047619047619048,
          0.95,
          1.0
        ]
      },
      "Recall": {
        "mean": 0.7159420289855071,
        "std": 0.2310855817738522,
        "folds": [
          0.8695652173913043,
          0.782608695652174,
          0.8260869565217391,
          0.2608695652173913,
          0.8260869565217391,
          0.6956521739130435,
          0.043478260869565216,
          0.7391304347826086,
          0.9130434782608695,
          0.7391304347826086,
          0.8260869565217391,
          0.8260869565217391,
          0.8260869565217391,
          0.8260869565217391,
          0.7391304347826086
        ]
      }
    },
    "VA Long Beach": {
      "AUC": {
        "mean": 0.6602650644374782,
        "std": 0.07151673941733717,
        "folds": [
          0.65,
          0.6033333333333333,
          0.6433333333333333,
          0.7733333333333333,
          0.6332288401253919,
          0.67,
          0.5633333333333334,
          0.7616666666666666,
          0.6566666666666665,
          0.6269592476489028,
          0.6066666666666667,
          0.7533333333333334,
          0.7766666666666667,
          0.64,
          0.5454545454545454
        ]
      },
      "Accuracy": {
        "mean": 0.7449999999999999,
        "std": 0.03316624790355401,
        "folds": [
          0.7,
          0.775,
          0.75,
          0.775,
          0.725,
          0.775,
          0.775,
          0.775,
          0.675,
          0.725,
          0.75,
          0.725,
          0.775,
          0.775,
          0.7
        ]
      },
      "F1": {
        "mean": 0.8466031325312923,
        "std": 0.021667184367196647,