{
  "model": "cgan",
  "training_time_sec": 1001.7110230922699,
  "timestamp": "2026-03-27 00:28:19",
  "competition": {
    "auc": 0.9538475119171179,
    "accuracy": 0.8869285714285714,
    "precision": 0.8821603039623666,
    "recall": 0.8630932360907048,
    "f1": 0.8725226152235575,
    "threshold": 0.5
  },
  "uci_zeroshot": {
    "Cleveland": {
      "auc": 0.9194595543077733,
      "accuracy": 0.8415841584158416,
      "precision": 0.8273381294964028,
      "recall": 0.8273381294964028,
      "f1": 0.8273381294964028,
      "threshold": 0.5,
      "n_samples": 303
    },
    "Hungarian": {
      "auc": 0.8649638699317543,
      "accuracy": 0.7380952380952381,
      "precision": 0.5947712418300654,
      "recall": 0.8584905660377359,
      "f1": 0.7027027027027027,
      "threshold": 0.5,
      "n_samples": 294
    }
  },
  "uci_rep_transfer": {
    "Cleveland": {
      "n": 303,
      "rep_dim": 64,
      "classifiers": {
        "LogReg": {
          "AUC": {
            "mean": 0.9200589851325145,
            "std": 0.04742607394381332,
            "folds": [
              0.8991596638655461,
              0.9915966386554622,
              0.8823529411764706,
              0.918552036199095,
              0.9553571428571428,
              0.9017857142857142,
              0.9732142857142857,
              0.8660714285714286,
              0.96875,
              0.84375
            ]
          },
          "Accuracy": {
            "mean": 0.8446236559139786,
            "std": 0.06350507047616133,
            "folds": [
              0.8387096774193549,
              0.9354838709677419,
              0.8387096774193549,
              0.8666666666666667,
              0.8,
              0.8333333333333334,
              0.9,
              0.7333333333333333,
              0.9333333333333333,
              0.7666666666666667
            ]
          },
          "F1": {
            "mean": 0.8275877822688168,
            "std": 0.06998768630338151,
            "folds": [
              0.8275862068965517,
              0.9285714285714286,
              0.8148148148148148,
              0.8461538461538461,
              0.8125,
              0.8,
              0.8888888888888888,
              0.7142857142857143,
              0.9230769230769231,
              0.72
            ]
          },
          "Precision": {
            "mean": 0.8507736707736708,
            "std": 0.08705570991065019,
            "folds": [
              0.8,
              0.9285714285714286,
              0.8461538461538461,
              0.8461538461538461,
              0.7222222222222222,
              0.9090909090909091,
              0.9230769230769231,
              0.7142857142857143,
              1.0,
              0.8181818181818182
            ]
          },
          "Recall": {
            "mean": 0.8131868131868132,
            "std": 0.0910166120476864,
            "folds": [
              0.8571428571428571,
              0.9285714285714286,
              0.7857142857142857,
              0.8461538461538461,
              0.9285714285714286,
              0.7142857142857143,
              0.8571428571428571,
              0.7142857142857143,
              0.8571428571428571,
              0.6428571428571429
            ]
          }
        },
        "LightGBM": {
          "AUC": {
            "mean": 0.9043754040077572,
            "std": 0.05230884157281766,
            "folds": [
              0.907563025210084,
              0.9663865546218486,
              0.8949579831932772,
              0.8552036199095022,
              0.9598214285714286,
              0.8258928571428571,
              0.96875,
              0.8973214285714286,
              0.9419642857142857,
              0.8258928571428572
            ]
          },
          "Accuracy": {
            "mean": 0.8181720430107526,
            "std": 0.05893306981262391,
            "folds": [
              0.8387096774193549,
              0.8709677419354839,
              0.8387096774193549,
              0.8333333333333334,
              0.8333333333333334,
              0.7333333333333333,
              0.8666666666666667,
              0.7333333333333333,
              0.9,
              0.7333333333333333
            ]
          },
          "F1": {
            "mean": 0.792479784212821,
            "std": 0.07559952265804296,
            "folds": [
              0.8275862068965517,
              0.8571428571428571,
              0.8275862068965517,
              0.8,
              0.8387096774193549,
              0.6666666666666666,
              0.8461538461538461,
              0.7142857142857143,
              0.88,
              0.6666666666666666
            ]
          },
          "Precision": {
            "mean": 0.8286134453781513,
            "std": 0.07641521399340669,
            "folds": [
              0.8,
              0.8571428571428571,
              0.8,
              0.8333333333333334,
              0.7647058823529411,
              0.8,
              0.9166666666666666,
              0.7142857142857143,
              1.0,
              0.8
            ]
          },
          "Recall": {
            "mean": 0.7697802197802197,
            "std": 0.1141866117231966,
            "folds": [
              0.8571428571428571,
              0.8571428571428571,
              0.8571428571428571,
              0.7692307692307693,
              0.9285714285714286,
              0.5714285714285714,
              0.7857142857142857,
              0.7142857142857143,
              0.7857142857142857,
              0.5714285714285714
            ]
          }
        },
        "CatBoost": {
          "AUC": {
            "mean": 0.9202064479638009,
            "std": 0.04185033501403198,
            "folds": [
              0.9243697478991597,
              0.9915966386554622,
              0.8991596638655461,
              0.8914027149321267,
              0.9553571428571428,
              0.8928571428571428,
              0.9732142857142857,
              0.8660714285714286,
              0.9419642857142857,
              0.8660714285714286
            ]
          },
          "Accuracy": {
            "mean": 0.8345161290322581,
            "std": 0.0674399310063263,
            "folds": [
              0.8709677419354839,
              0.9032258064516129,
              0.8709677419354839,
              0.8,
              0.8666666666666667,
              0.8,
              0.8666666666666667,
              0.6666666666666666,
              0.9,
              0.8
            ]
          },
          "F1": {
            "mean": 0.8108083028083028,
            "std": 0.06914376544898822,
            "folds": [
              0.8571428571428571,
              0.8888888888888888,
              0.8461538461538461,
              0.75,
              0.8666666666666667,
              0.75,
              0.8333333333333334,
              0.6666666666666666,
              0.88,
              0.7692307692307693
            ]
          },
          "Precision": {
            "mean": 0.8685901598401597,
            "std": 0.10353800538071226,
            "folds": [
              0.8571428571428571,
              0.9230769230769231,
              0.9166666666666666,
              0.8181818181818182,
              0.8125,
              0.9,
              1.0,
              0.625,
              1.0,
              0.8333333333333334
            ]
          },
          "Recall": {
            "mean": 0.7692307692307693,
            "std": 0.08504954976215096,
            "folds": [
              0.8571428571428571,
              0.8571428571428571,
              0.7857142857142857,
              0.6923076923076923,
              0.9285714285714286,
              0.6428571428571429,
              0.7142857142857143,
              0.7142857142857143,
              0.7857142857142857,
              0.7142857142857143
            ]
          }
        },