{
  "model": "deepercnn",
  "training_time_sec": 606.3692500591278,
  "timestamp": "2026-03-26 20:32:41",
  "competition": {
    "auc": 0.9537744825543241,
    "accuracy": 0.8865873015873016,
    "precision": 0.8812952890366649,
    "recall": 0.8633233612433839,
    "f1": 0.8722167575784673,
    "threshold": 0.5
  },
  "uci_zeroshot": {
    "Cleveland": {
      "auc": 0.9214335848394456,
      "accuracy": 0.8316831683168316,
      "precision": 0.8055555555555556,
      "recall": 0.8345323741007195,
      "f1": 0.8197879858657244,
      "threshold": 0.5,
      "n_samples": 303
    },
    "Hungarian": {
      "auc": 0.8610999598554797,
      "accuracy": 0.7244897959183674,
      "precision": 0.5806451612903226,
      "recall": 0.8490566037735849,
      "f1": 0.6896551724137931,
      "threshold": 0.5,
      "n_samples": 294
    }
  },
  "uci_rep_transfer": {
    "Cleveland": {
      "n": 303,
      "rep_dim": 128,
      "classifiers": {
        "LogReg": {
          "AUC": {
            "mean": 0.9186611182934712,
            "std": 0.043726818161700334,
            "folds": [
              0.9117647058823529,
              0.9747899159663865,
              0.8949579831932772,
              0.9140271493212669,
              0.9598214285714286,
              0.8839285714285714,
              0.9866071428571428,
              0.8482142857142858,
              0.9419642857142857,
              0.8705357142857142
            ]
          },
          "Accuracy": {
            "mean": 0.8347311827956989,
            "std": 0.06351198855715708,
            "folds": [
              0.8064516129032258,
              0.9032258064516129,
              0.8709677419354839,
              0.7666666666666667,
              0.8333333333333334,
              0.8666666666666667,
              0.9,
              0.7,
              0.9,
              0.8
            ]
          },
          "F1": {
            "mean": 0.8175343924398429,
            "std": 0.06769818425350886,
            "folds": [
              0.8,
              0.896551724137931,
              0.8461538461538461,
              0.72,
              0.8387096774193549,
              0.8461538461538461,
              0.88,
              0.6896551724137931,
              0.8888888888888888,
              0.7692307692307693
            ]
          },
          "Precision": {
            "mean": 0.8387782805429864,
            "std": 0.09844369399378369,
            "folds": [
              0.75,
              0.8666666666666667,
              0.9166666666666666,
              0.75,
              0.7647058823529411,
              0.9166666666666666,
              1.0,
              0.6666666666666666,
              0.9230769230769231,
              0.8333333333333334
            ]
          },
          "Recall": {
            "mean": 0.804945054945055,
            "std": 0.08139475206404405,
            "folds": [
              0.8571428571428571,
              0.9285714285714286,
              0.7857142857142857,
              0.6923076923076923,
              0.9285714285714286,
              0.7857142857142857,
              0.7857142857142857,
              0.7142857142857143,
              0.8571428571428571,
              0.7142857142857143
            ]
          }
        },
        "LightGBM": {
          "AUC": {
            "mean": 0.8962730284421461,
            "std": 0.049617708541496254,
            "folds": [
              0.8781512605042017,
              0.9285714285714285,
              0.8319327731092437,
              0.8642533936651583,
              0.9732142857142857,
              0.8258928571428572,
              0.9419642857142857,
              0.8571428571428572,
              0.9553571428571428,
              0.90625
            ]
          },
          "Accuracy": {
            "mean": 0.7987096774193548,
            "std": 0.05234428040005968,
            "folds": [
              0.8064516129032258,
              0.8064516129032258,
              0.7741935483870968,
              0.7666666666666667,
              0.8333333333333334,
              0.7333333333333333,
              0.8666666666666667,
              0.7,
              0.8666666666666667,
              0.8333333333333334
            ]
          },
          "F1": {
            "mean": 0.7774269868062971,
            "std": 0.05708467656075746,
            "folds": [
              0.8,
              0.7857142857142857,
              0.7586206896551724,
              0.72,
              0.8484848484848485,
              0.6923076923076923,
              0.8333333333333334,
              0.6896551724137931,
              0.8461538461538461,
              0.8
            ]
          },
          "Precision": {
            "mean": 0.799831396673502,
            "std": 0.09971302663596185,
            "folds": [
              0.75,
              0.7857142857142857,
              0.7333333333333333,
              0.75,
              0.7368421052631579,
              0.75,
              1.0,
              0.6666666666666666,
              0.9166666666666666,
              0.9090909090909091
            ]
          },
          "Recall": {
            "mean": 0.7692307692307692,
            "std": 0.09630286725365557,
            "folds": [
              0.8571428571428571,
              0.7857142857142857,
              0.7857142857142857,
              0.6923076923076923,
              1.0,
              0.6428571428571429,
              0.7142857142857143,
              0.7142857142857143,
              0.7857142857142857,
              0.7142857142857143
            ]
          }
        },
        "CatBoost": {
          "AUC": {
            "mean": 0.9217719780219781,
            "std": 0.03677123846257985,
            "folds": [
              0.9201680672268907,
              0.9621848739495799,
              0.9033613445378151,
              0.923076923076923,
              0.9642857142857143,
              0.8794642857142857,
              0.9598214285714286,
              0.8526785714285714,
              0.9553571428571428,
              0.8973214285714286
            ]
          },
          "Accuracy": {
            "mean": 0.8246236559139787,
            "std": 0.06237384075956482,
            "folds": [
              0.8387096774193549,
              0.9032258064516129,
              0.8709677419354839,
              0.8,
              0.8333333333333334,
              0.8,
              0.8666666666666667,
              0.6666666666666666,
              0.8666666666666667,
              0.8
            ]
          },
          "F1": {
            "mean": 0.8026083112290008,
            "std": 0.0639462712482121,
            "folds": [
              0.8275862068965517,
              0.896551724137931,
              0.8461538461538461,
              0.75,
              0.8275862068965517,
              0.75,
              0.8461538461538461,
              0.6666666666666666,
              0.8461538461538461,
              0.7692307692307693
            ]
          },
          "Precision": {
            "mean": 0.8393181818181817,
            "std": 0.08478518336738415,
            "folds": [
              0.8,
              0.8666666666666667,
              0.9166666666666666,
              0.8181818181818182,
              0.8,
              0.9,
              0.9166666666666666,
              0.625,
              0.9166666666666666,
              0.8333333333333334
            ]
          },
          "Recall": {
            "mean": 0.7763736263736264,
            "std": 0.0831124553352628,
            "folds": [
              0.8571428571428571,
              0.9285714285714286,
              0.7857142857142857,
              0.6923076923076923,
              0.8571428571428571,
              0.6428571428571429,
              0.7857142857142857,
              0.7142857142857143,
              0.7857142857142857,
              0.7142857142857143
            ]
          }
        },