{
  "model": "gan_aug",
  "training_time_sec": 147.62559485435486,
  "timestamp": "2026-03-27 01:31:54",
  "competition": {
    "auc": 0.9527144350312009,
    "accuracy": 0.883468253968254,
    "precision": 0.9003523959091432,
    "recall": 0.8321856578924076,
    "f1": 0.8649280161906077,
    "threshold": 0.5
  },
  "uci_zeroshot": {
    "Cleveland": {
      "auc": 0.9128355851903842,
      "accuracy": 0.8382838283828383,
      "precision": 0.8308823529411765,
      "recall": 0.8129496402877698,
      "f1": 0.8218181818181818,
      "threshold": 0.5,
      "n_samples": 303
    },
    "Hungarian": {
      "auc": 0.8503613006824567,
      "accuracy": 0.7380952380952381,
      "precision": 0.60431654676259,
      "recall": 0.7924528301886793,
      "f1": 0.6857142857142857,
      "threshold": 0.5,
      "n_samples": 294
    }
  },
  "uci_rep_transfer": {
    "Cleveland": {
      "n": 303,
      "rep_dim": 64,
      "classifiers": {
        "LogReg": {
          "AUC": {
            "mean": 0.9060702165481576,
            "std": 0.05797001384844575,
            "folds": [
              0.8529411764705882,
              0.9831932773109243,
              0.8865546218487395,
              0.9049773755656108,
              0.9776785714285714,
              0.8482142857142857,
              1.0,
              0.8794642857142857,
              0.9017857142857143,
              0.8258928571428571
            ]
          },
          "Accuracy": {
            "mean": 0.844516129032258,
            "std": 0.09664292171917362,
            "folds": [
              0.8064516129032258,
              0.967741935483871,
              0.8709677419354839,
              0.8,
              0.9,
              0.8,
              1.0,
              0.7,
              0.9,
              0.7
            ]
          },
          "F1": {
            "mean": 0.8259716901563398,
            "std": 0.10992956711914482,
            "folds": [
              0.7857142857142857,
              0.9655172413793104,
              0.8571428571428571,
              0.7692307692307693,
              0.9032258064516129,
              0.7692307692307693,
              1.0,
              0.6896551724137931,
              0.88,
              0.64
            ]
          },
          "Precision": {
            "mean": 0.8396223384458678,
            "std": 0.10546392386074496,
            "folds": [
              0.7857142857142857,
              0.9333333333333333,
              0.8571428571428571,
              0.7692307692307693,
              0.8235294117647058,
              0.8333333333333334,
              1.0,
              0.6666666666666666,
              1.0,
              0.7272727272727273
            ]
          },
          "Recall": {
            "mean": 0.8197802197802199,
            "std": 0.13698409378995482,
            "folds": [
              0.7857142857142857,
              1.0,
              0.8571428571428571,
              0.7692307692307693,
              1.0,
              0.7142857142857143,
              1.0,
              0.7142857142857143,
              0.7857142857142857,
              0.5714285714285714
            ]
          }
        },
        "LightGBM": {
          "AUC": {
            "mean": 0.8938974628312865,
            "std": 0.06289263071167374,
            "folds": [
              0.9075630252100839,
              0.9747899159663865,
              0.9201680672268908,
              0.8552036199095023,
              0.9553571428571428,
              0.8303571428571428,
              0.9642857142857143,
              0.7767857142857143,
              0.9196428571428572,
              0.8348214285714286
            ]
          },
          "Accuracy": {
            "mean": 0.8310752688172043,
            "std": 0.06499722060637177,
            "folds": [
              0.8709677419354839,
              0.9032258064516129,
              0.9032258064516129,
              0.7666666666666667,
              0.8666666666666667,
              0.8,
              0.9,
              0.7,
              0.8,
              0.8
            ]
          },
          "F1": {
            "mean": 0.8131535446385281,
            "std": 0.07016627383473853,
            "folds": [
              0.8571428571428571,
              0.896551724137931,
              0.896551724137931,
              0.72,
              0.8666666666666667,
              0.75,
              0.88,
              0.7096774193548387,
              0.7692307692307693,
              0.7857142857142857
            ]
          },
          "Precision": {
            "mean": 0.8319082633053221,
            "std": 0.0890703477840364,
            "folds": [
              0.8571428571428571,
              0.8666666666666667,
              0.8666666666666667,
              0.75,
              0.8125,
              0.9,
              1.0,
              0.6470588235294118,
              0.8333333333333334,
              0.7857142857142857
            ]
          },
          "Recall": {
            "mean": 0.804945054945055,
            "std": 0.09841915541886712,
            "folds": [
              0.8571428571428571,
              0.9285714285714286,
              0.9285714285714286,
              0.6923076923076923,
              0.9285714285714286,
              0.6428571428571429,
              0.7857142857142857,
              0.7857142857142857,
              0.7142857142857143,
              0.7857142857142857
            ]
          }
        },
        "CatBoost": {
          "AUC": {
            "mean": 0.9142574337427277,
            "std": 0.04628190047992358,
            "folds": [
              0.907563025210084,
              0.9747899159663865,
              0.8865546218487395,
              0.9004524886877827,
              0.9776785714285714,
              0.8660714285714286,
              0.9821428571428572,
              0.8526785714285714,
              0.9241071428571428,
              0.8705357142857143
            ]
          },
          "Accuracy": {
            "mean": 0.841182795698925,
            "std": 0.07755819390635922,
            "folds": [
              0.8387096774193549,
              0.9354838709677419,
              0.8709677419354839,
              0.7666666666666667,
              0.9333333333333333,
              0.8,
              0.9333333333333333,
              0.7,
              0.8666666666666667,
              0.7666666666666667
            ]
          },
          "F1": {
            "mean": 0.8205271497340464,
            "std": 0.08651686244786622,
            "folds": [
              0.8275862068965517,
              0.9285714285714286,
              0.8461538461538461,
              0.72,
              0.9333333333333333,
              0.75,
              0.9230769230769231,
              0.6896551724137931,
              0.8461538461538461,
              0.7407407407407407
            ]
          },
          "Precision": {
            "mean": 0.8522802197802198,
            "std": 0.09657646918600167,
            "folds": [
              0.8,
              0.9285714285714286,
              0.9166666666666666,
              0.75,
              0.875,
              0.9,
              1.0,
              0.6666666666666666,
              0.9166666666666666,
              0.7692307692307693
            ]
          },
          "Recall": {
            "mean": 0.7978021978021979,
            "std": 0.10696096140566,
            "folds": [
              0.8571428571428571,
              0.9285714285714286,
              0.7857142857142857,
              0.6923076923076923,
              1.0,
              0.6428571428571429,
              0.8571428571428571,
              0.7142857142857143,
              0.7857142857142857,
              0.7142857142857143
            ]
          }
        },
        "XGBoost": {
          "AUC": {
            "mean": 0.9002666451195862,
            "std": 0.05903815600770327,