{
  "model": "hybrid",
  "training_time_sec": 2288.0318841934204,
  "timestamp": "2026-03-27 00:29:51",
  "competition": {
    "auc": 0.9536329108791848,
    "accuracy": 0.8866507936507937,
    "precision": 0.8887578978392617,
    "recall": 0.8540829512665734,
    "f1": 0.8710754843019372,
    "threshold": 0.5
  },
  "uci_zeroshot": {
    "Cleveland": {
      "auc": 0.9191963502368836,
      "accuracy": 0.8283828382838284,
      "precision": 0.8129496402877698,
      "recall": 0.8129496402877698,
      "f1": 0.8129496402877698,
      "threshold": 0.5,
      "n_samples": 303
    },
    "Hungarian": {
      "auc": 0.8510136491368928,
      "accuracy": 0.7346938775510204,
      "precision": 0.5945945945945946,
      "recall": 0.8301886792452831,
      "f1": 0.6929133858267716,
      "threshold": 0.5,
      "n_samples": 294
    }
  },
  "uci_rep_transfer": {
    "Cleveland": {
      "n": 303,
      "rep_dim": 64,
      "classifiers": {
        "LogReg": {
          "AUC": {
            "mean": 0.9185419360051712,
            "std": 0.04158972907218839,
            "folds": [
              0.9201680672268907,
              0.9873949579831933,
              0.8949579831932772,
              0.923076923076923,
              0.9553571428571429,
              0.8928571428571428,
              0.9598214285714286,
              0.84375,
              0.9375,
              0.8705357142857143
            ]
          },
          "Accuracy": {
            "mean": 0.8378494623655914,
            "std": 0.05940663160260344,
            "folds": [
              0.8709677419354839,
              0.9032258064516129,
              0.8709677419354839,
              0.8,
              0.8666666666666667,
              0.8,
              0.9,
              0.7,
              0.8666666666666667,
              0.8
            ]
          },
          "F1": {
            "mean": 0.8171577128840756,
            "std": 0.06233248274607268,
            "folds": [
              0.8571428571428571,
              0.896551724137931,
              0.8461538461538461,
              0.75,
              0.8666666666666667,
              0.75,
              0.88,
              0.7096774193548387,
              0.8461538461538461,
              0.7692307692307693
            ]
          },
          "Precision": {
            "mean": 0.8568216832187421,
            "std": 0.08811008968030865,
            "folds": [
              0.8571428571428571,
              0.8666666666666667,
              0.9166666666666666,
              0.8181818181818182,
              0.8125,
              0.9,
              1.0,
              0.6470588235294118,
              0.9166666666666666,
              0.8333333333333334
            ]
          },
          "Recall": {
            "mean": 0.7906593406593407,
            "std": 0.08939173755795328,
            "folds": [
              0.8571428571428571,
              0.9285714285714286,
              0.7857142857142857,
              0.6923076923076923,
              0.9285714285714286,
              0.6428571428571429,
              0.7857142857142857,
              0.7857142857142857,
              0.7857142857142857,
              0.7142857142857143
            ]
          }
        },
        "LightGBM": {
          "AUC": {
            "mean": 0.8817529896574013,
            "std": 0.06588997798901748,
            "folds": [
              0.9159663865546218,
              0.9789915966386554,
              0.8361344537815126,
              0.7873303167420814,
              0.9419642857142857,
              0.8973214285714286,
              0.9151785714285714,
              0.7544642857142857,
              0.90625,
              0.8839285714285714
            ]
          },
          "Accuracy": {
            "mean": 0.8081720430107527,
            "std": 0.0744365663159062,
            "folds": [
              0.8387096774193549,
              0.9354838709677419,
              0.7741935483870968,
              0.7333333333333333,
              0.8,
              0.7666666666666667,
              0.9,
              0.6666666666666666,
              0.8333333333333334,
              0.8333333333333334
            ]
          },
          "F1": {
            "mean": 0.7883395821930305,
            "std": 0.07933828141237166,
            "folds": [
              0.8148148148148148,
              0.9285714285714286,
              0.7586206896551724,
              0.6666666666666666,
              0.8125,
              0.7407407407407407,
              0.88,
              0.6666666666666666,
              0.8148148148148148,
              0.8
            ]
          },
          "Precision": {
            "mean": 0.8107029082029081,
            "std": 0.10904178107575879,
            "folds": [
              0.8461538461538461,
              0.9285714285714286,
              0.7333333333333333,
              0.7272727272727273,
              0.7222222222222222,
              0.7692307692307693,
              1.0,
              0.625,
              0.8461538461538461,
              0.9090909090909091
            ]
          },
          "Recall": {
            "mean": 0.7758241758241758,
            "std": 0.09173685346567186,
            "folds": [
              0.7857142857142857,
              0.9285714285714286,
              0.7857142857142857,
              0.6153846153846154,
              0.9285714285714286,
              0.7142857142857143,
              0.7857142857142857,
              0.7142857142857143,
              0.7857142857142857,
              0.7142857142857143
            ]
          }
        },
        "CatBoost": {
          "AUC": {
            "mean": 0.9139503878474466,
            "std": 0.03789587031708468,
            "folds": [
              0.9243697478991596,
              0.9789915966386554,
              0.911764705882353,
              0.8868778280542986,
              0.9464285714285714,
              0.8928571428571429,
              0.9553571428571428,
              0.8571428571428572,
              0.9241071428571428,
              0.8616071428571428
            ]
          },
          "Accuracy": {
            "mean": 0.8543010752688174,
            "std": 0.05487928079655294,
            "folds": [
              0.9032258064516129,
              0.9354838709677419,
              0.8709677419354839,
              0.8,
              0.9,
              0.8,
              0.8666666666666667,
              0.7666666666666667,
              0.9,
              0.8
            ]
          },
          "F1": {
            "mean": 0.8275807895807896,
            "std": 0.06620103914418021,
            "folds": [
              0.8888888888888888,
              0.9285714285714286,
              0.8461538461538461,
              0.75,
              0.8888888888888888,
              0.75,
              0.8333333333333334,
              0.7407407407407407,
              0.88,
              0.7692307692307693
            ]
          },
          "Precision": {
            "mean": 0.9012137862137862,
            "std": 0.07098148443961462,
            "folds": [
              0.9230769230769231,
              0.9285714285714286,
              0.9166666666666666,
              0.8181818181818182,
              0.9230769230769231,
              0.9,
              1.0,
              0.7692307692307693,
              1.0,
              0.8333333333333334
            ]
          },
          "Recall": {
            "mean": 0.7692307692307693,
            "std": 0.08504954976215097,
            "folds": [
              0.8571428571428571,
              0.9285714285714286,
              0.7857142857142857,
              0.6923076923076923,
              0.8571428571428571,
              0.6428571428571429,
              0.7142857142857143,
              0.7142857142857143,
              0.7857142857142857,
              0.7142857142857143
            ]
          }
        },