{
  "model": "moco",
  "training_time_sec": 1416.1929829120636,
  "timestamp": "2026-03-27 00:11:27",
  "competition": {
    "auc": 0.9538473530023397,
    "accuracy": 0.8866269841269842,
    "precision": 0.8777566948303022,
    "recall": 0.8680143739710751,
    "f1": 0.872858350763206,
    "threshold": 0.5
  },
  "uci_zeroshot": {
    "Cleveland": {
      "auc": 0.9212581154588524,
      "accuracy": 0.8250825082508251,
      "precision": 0.7986111111111112,
      "recall": 0.8273381294964028,
      "f1": 0.8127208480565371,
      "threshold": 0.5,
      "n_samples": 303
    },
    "Hungarian": {
      "auc": 0.8505620232838218,
      "accuracy": 0.7244897959183674,
      "precision": 0.5816993464052288,
      "recall": 0.839622641509434,
      "f1": 0.6872586872586872,
      "threshold": 0.5,
      "n_samples": 294
    }
  },
  "uci_rep_transfer": {
    "Cleveland": {
      "n": 303,
      "rep_dim": 64,
      "classifiers": {
        "LogReg": {
          "AUC": {
            "mean": 0.9205458144796381,
            "std": 0.051289253393115235,
            "folds": [
              0.953781512605042,
              0.9831932773109243,
              0.8991596638655461,
              0.9095022624434389,
              0.96875,
              0.84375,
              0.9776785714285714,
              0.8392857142857143,
              0.9508928571428572,
              0.8794642857142857
            ]
          },
          "Accuracy": {
            "mean": 0.8277419354838711,
            "std": 0.07362537629257733,
            "folds": [
              0.8709677419354839,
              0.9032258064516129,
              0.9032258064516129,
              0.8,
              0.7666666666666667,
              0.8333333333333334,
              0.8666666666666667,
              0.6666666666666666,
              0.9,
              0.7666666666666667
            ]
          },
          "F1": {
            "mean": 0.8137727215313422,
            "std": 0.07264925996200586,
            "folds": [
              0.8571428571428571,
              0.896551724137931,
              0.8888888888888888,
              0.75,
              0.7878787878787878,
              0.8148148148148148,
              0.8461538461538461,
              0.6666666666666666,
              0.8888888888888888,
              0.7407407407407407
            ]
          },
          "Precision": {
            "mean": 0.8229406996512261,
            "std": 0.09684713029650331,
            "folds": [
              0.8571428571428571,
              0.8666666666666667,
              0.9230769230769231,
              0.8181818181818182,
              0.6842105263157895,
              0.8461538461538461,
              0.9166666666666666,
              0.625,
              0.9230769230769231,
              0.7692307692307693
            ]
          },
          "Recall": {
            "mean": 0.8120879120879121,
            "std": 0.08252008278177692,
            "folds": [
              0.8571428571428571,
              0.9285714285714286,
              0.8571428571428571,
              0.6923076923076923,
              0.9285714285714286,
              0.7857142857142857,
              0.7857142857142857,
              0.7142857142857143,
              0.8571428571428571,
              0.7142857142857143
            ]
          }
        },
        "LightGBM": {
          "AUC": {
            "mean": 0.8956548965740142,
            "std": 0.03837597596819535,
            "folds": [
              0.9495798319327731,
              0.9243697478991597,
              0.865546218487395,
              0.8733031674208145,
              0.9107142857142857,
              0.8258928571428572,
              0.9330357142857143,
              0.8482142857142857,
              0.9241071428571428,
              0.9017857142857143
            ]
          },
          "Accuracy": {
            "mean": 0.7918279569892474,
            "std": 0.05433289815946889,
            "folds": [
              0.8709677419354839,
              0.7741935483870968,
              0.8064516129032258,
              0.8,
              0.7333333333333333,
              0.7333333333333333,
              0.8333333333333334,
              0.7,
              0.8666666666666667,
              0.8
            ]
          },
          "F1": {
            "mean": 0.7708349122142225,
            "std": 0.05450255694390631,
            "folds": [
              0.8666666666666667,
              0.7586206896551724,
              0.7692307692307693,
              0.75,
              0.75,
              0.6923076923076923,
              0.8,
              0.6896551724137931,
              0.8461538461538461,
              0.7857142857142857
            ]
          },
          "Precision": {
            "mean": 0.789215367965368,
            "std": 0.08285582413586197,
            "folds": [
              0.8125,
              0.7333333333333333,
              0.8333333333333334,
              0.8181818181818182,
              0.6666666666666666,
              0.75,
              0.9090909090909091,
              0.6666666666666666,
              0.9166666666666666,
              0.7857142857142857
            ]
          },
          "Recall": {
            "mean": 0.762087912087912,
            "std": 0.08022918806794256,
            "folds": [
              0.9285714285714286,
              0.7857142857142857,
              0.7142857142857143,
              0.6923076923076923,
              0.8571428571428571,
              0.6428571428571429,
              0.7142857142857143,
              0.7142857142857143,
              0.7857142857142857,
              0.7857142857142857
            ]
          }
        },
        "CatBoost": {
          "AUC": {
            "mean": 0.9174076842275373,
            "std": 0.032244534630683414,
            "folds": [
              0.9327731092436974,
              0.9621848739495797,
              0.9075630252100839,
              0.9095022624434388,
              0.9375,
              0.8816964285714285,
              0.9419642857142857,
              0.8526785714285714,
              0.9508928571428572,
              0.8973214285714286
            ]
          },
          "Accuracy": {
            "mean": 0.8346236559139786,
            "std": 0.06723276816435719,
            "folds": [
              0.8387096774193549,
              0.9032258064516129,
              0.8709677419354839,
              0.8,
              0.8333333333333334,
              0.8333333333333334,
              0.9,
              0.6666666666666666,
              0.9,
              0.8
            ]
          },
          "F1": {
            "mean": 0.815489889050512,
            "std": 0.06733276141492057,
            "folds": [
              0.8275862068965517,
              0.896551724137931,
              0.8461538461538461,
              0.75,
              0.8387096774193549,
              0.8,
              0.88,
              0.6666666666666666,
              0.88,
              0.7692307692307693
            ]
          },
          "Precision": {
            "mean": 0.8533645276292334,
            "std": 0.10714057040865356,
            "folds": [
              0.8,
              0.8666666666666667,
              0.9166666666666666,
              0.8181818181818182,
              0.7647058823529411,
              0.9090909090909091,
              1.0,
              0.625,
              1.0,
              0.8333333333333334
            ]
          },
          "Recall": {
            "mean": 0.7906593406593407,
            "std": 0.0834893680678246,