{
  "model": "simclr",
  "training_time_sec": 3747.4351530075073,
  "timestamp": "2026-03-27 01:32:32",
  "competition": {
    "auc": 0.9538577013085954,
    "accuracy": 0.8869444444444444,
    "precision": 0.8773581534943548,
    "recall": 0.8693597210175072,
    "f1": 0.8733406243609236,
    "threshold": 0.5
  },
  "uci_zeroshot": {
    "Cleveland": {
      "auc": 0.9206878399719248,
      "accuracy": 0.8250825082508251,
      "precision": 0.8028169014084507,
      "recall": 0.8201438848920863,
      "f1": 0.8113879003558719,
      "threshold": 0.5,
      "n_samples": 303
    },
    "Hungarian": {
      "auc": 0.8603472501003613,
      "accuracy": 0.7346938775510204,
      "precision": 0.5897435897435898,
      "recall": 0.8679245283018868,
      "f1": 0.7022900763358778,
      "threshold": 0.5,
      "n_samples": 294
    }
  },
  "uci_rep_transfer": {
    "Cleveland": {
      "n": 303,
      "rep_dim": 64,
      "classifiers": {
        "LogReg": {
          "AUC": {
            "mean": 0.9169602456367162,
            "std": 0.04316940264845789,
            "folds": [
              0.9243697478991596,
              0.9747899159663865,
              0.8697478991596639,
              0.918552036199095,
              0.9151785714285714,
              0.8928571428571428,
              0.9866071428571428,
              0.8571428571428572,
              0.9598214285714286,
              0.8705357142857143
            ]
          },
          "Accuracy": {
            "mean": 0.824731182795699,
            "std": 0.05455121773790787,
            "folds": [
              0.8387096774193549,
              0.9032258064516129,
              0.8387096774193549,
              0.7666666666666667,
              0.8333333333333334,
              0.7333333333333333,
              0.8666666666666667,
              0.7666666666666667,
              0.9,
              0.8
            ]
          },
          "F1": {
            "mean": 0.7985399351606248,
            "std": 0.06977888128037574,
            "folds": [
              0.8275862068965517,
              0.896551724137931,
              0.8148148148148148,
              0.72,
              0.8275862068965517,
              0.6666666666666666,
              0.8333333333333334,
              0.7407407407407407,
              0.8888888888888888,
              0.7692307692307693
            ]
          },
          "Precision": {
            "mean": 0.838846153846154,
            "std": 0.07154730668597592,
            "folds": [
              0.8,
              0.8666666666666667,
              0.8461538461538461,
              0.75,
              0.8,
              0.8,
              1.0,
              0.7692307692307693,
              0.9230769230769231,
              0.8333333333333334
            ]
          },
          "Recall": {
            "mean": 0.7692307692307692,
            "std": 0.10146255666274388,
            "folds": [
              0.8571428571428571,
              0.9285714285714286,
              0.7857142857142857,
              0.6923076923076923,
              0.8571428571428571,
              0.5714285714285714,
              0.7142857142857143,
              0.7142857142857143,
              0.8571428571428571,
              0.7142857142857143
            ]
          }
        },
        "LightGBM": {
          "AUC": {
            "mean": 0.9007251939237232,
            "std": 0.05325892477542304,
            "folds": [
              0.9369747899159664,
              0.9705882352941175,
              0.8865546218487395,
              0.9140271493212669,
              0.9285714285714286,
              0.8616071428571428,
              0.9285714285714286,
              0.7678571428571428,
              0.9285714285714286,
              0.8839285714285714
            ]
          },
          "Accuracy": {
            "mean": 0.8280645161290323,
            "std": 0.0559748428040627,
            "folds": [
              0.8387096774193549,
              0.9032258064516129,
              0.8387096774193549,
              0.7666666666666667,
              0.9,
              0.7666666666666667,
              0.8666666666666667,
              0.7333333333333333,
              0.8666666666666667,
              0.8
            ]
          },
          "F1": {
            "mean": 0.8065778292074176,
            "std": 0.06708045726579301,
            "folds": [
              0.8387096774193549,
              0.896551724137931,
              0.8148148148148148,
              0.72,
              0.8888888888888888,
              0.72,
              0.8461538461538461,
              0.7142857142857143,
              0.8571428571428571,
              0.7692307692307693
            ]
          },
          "Precision": {
            "mean": 0.8290213707860767,
            "std": 0.06535355514687267,
            "folds": [
              0.7647058823529411,
              0.8666666666666667,
              0.8461538461538461,
              0.75,
              0.9230769230769231,
              0.8181818181818182,
              0.9166666666666666,
              0.7142857142857143,
              0.8571428571428571,
              0.8333333333333334
            ]
          },
          "Recall": {
            "mean": 0.7906593406593407,
            "std": 0.09492781945718179,
            "folds": [
              0.9285714285714286,
              0.9285714285714286,
              0.7857142857142857,
              0.6923076923076923,
              0.8571428571428571,
              0.6428571428571429,
              0.7857142857142857,
              0.7142857142857143,
              0.8571428571428571,
              0.7142857142857143
            ]
          }
        },
        "CatBoost": {
          "AUC": {
            "mean": 0.925165643180349,
            "std": 0.038058857216495046,
            "folds": [
              0.9411764705882353,
              0.9747899159663865,
              0.8991596638655461,
              0.9276018099547512,
              0.9553571428571428,
              0.9151785714285714,
              0.9732142857142857,
              0.8571428571428572,
              0.9375,
              0.8705357142857143
            ]
          },
          "Accuracy": {
            "mean": 0.8413978494623656,
            "std": 0.06145469375808482,
            "folds": [
              0.8387096774193549,
              0.8709677419354839,
              0.8709677419354839,
              0.8,
              0.9333333333333333,
              0.8333333333333334,
              0.8666666666666667,
              0.7,
              0.9,
              0.8
            ]
          },
          "F1": {
            "mean": 0.8185702917771884,
            "std": 0.06493753155582022,
            "folds": [
              0.8275862068965517,
              0.8666666666666667,
              0.8461538461538461,
              0.75,
              0.9230769230769231,
              0.8,
              0.8333333333333334,
              0.6896551724137931,
              0.88,
              0.7692307692307693
            ]
          },
          "Precision": {
            "mean": 0.8756439393939395,
            "std": 0.10376299884271749,
            "folds": [
              0.8,
              0.8125,
              0.9166666666666666,
              0.8181818181818182,
              1.0,
              0.9090909090909091,
              1.0,
              0.6666666666666666,
              1.0,
              0.8333333333333334
            ]
          },
          "Recall": {
            "mean": 0.7763736263736264,
            "std": 0.07672856097041537,