{
  "model": "vae",
  "training_time_sec": 687.911149263382,
  "timestamp": "2026-03-27 01:44:10",
  "competition": {
    "auc": 0.9538943659276136,
    "accuracy": 0.8866825396825396,
    "precision": 0.8682158371277542,
    "recall": 0.8809721902603954,
    "f1": 0.8745474993849506,
    "threshold": 0.5
  },
  "uci_zeroshot": {
    "Cleveland": {
      "auc": 0.9175293911212493,
      "accuracy": 0.8184818481848185,
      "precision": 0.78,
      "recall": 0.841726618705036,
      "f1": 0.8096885813148789,
      "threshold": 0.5,
      "n_samples": 303
    },
    "Hungarian": {
      "auc": 0.8670212765957446,
      "accuracy": 0.7142857142857143,
      "precision": 0.5654761904761905,
      "recall": 0.8962264150943396,
      "f1": 0.6934306569343066,
      "threshold": 0.5,
      "n_samples": 294
    }
  },
  "uci_rep_transfer": {
    "Cleveland": {
      "n": 303,
      "rep_dim": 64,
      "classifiers": {
        "LogReg": {
          "AUC": {
            "mean": 0.8981698448610214,
            "std": 0.052687933203035844,
            "folds": [
              0.907563025210084,
              0.9789915966386554,
              0.8781512605042017,
              0.8687782805429864,
              0.9464285714285714,
              0.84375,
              0.9598214285714286,
              0.8348214285714286,
              0.9375,
              0.8258928571428572
            ]
          },
          "Accuracy": {
            "mean": 0.8246236559139785,
            "std": 0.07149114580686126,
            "folds": [
              0.8709677419354839,
              0.967741935483871,
              0.7741935483870968,
              0.7666666666666667,
              0.8666666666666667,
              0.8,
              0.8666666666666667,
              0.7333333333333333,
              0.8666666666666667,
              0.7333333333333333
            ]
          },
          "F1": {
            "mean": 0.8007324744221295,
            "std": 0.08230332831467288,
            "folds": [
              0.8571428571428571,
              0.9655172413793104,
              0.7586206896551724,
              0.72,
              0.8571428571428571,
              0.75,
              0.8461538461538461,
              0.7142857142857143,
              0.8461538461538461,
              0.6923076923076923
            ]
          },
          "Precision": {
            "mean": 0.832857142857143,
            "std": 0.08217425210946898,
            "folds": [
              0.8571428571428571,
              0.9333333333333333,
              0.7333333333333333,
              0.75,
              0.8571428571428571,
              0.9,
              0.9166666666666666,
              0.7142857142857143,
              0.9166666666666666,
              0.75
            ]
          },
          "Recall": {
            "mean": 0.7763736263736265,
            "std": 0.10482992361400095,
            "folds": [
              0.8571428571428571,
              1.0,
              0.7857142857142857,
              0.6923076923076923,
              0.8571428571428571,
              0.6428571428571429,
              0.7857142857142857,
              0.7142857142857143,
              0.7857142857142857,
              0.6428571428571429
            ]
          }
        },
        "LightGBM": {
          "AUC": {
            "mean": 0.9054339043309632,
            "std": 0.05399610994583357,
            "folds": [
              0.9327731092436975,
              0.9873949579831932,
              0.8907563025210083,
              0.8416289592760181,
              0.9732142857142857,
              0.8571428571428572,
              0.9464285714285714,
              0.8526785714285714,
              0.9375,
              0.8348214285714286
            ]
          },
          "Accuracy": {
            "mean": 0.8180645161290323,
            "std": 0.07098533506270589,
            "folds": [
              0.8387096774193549,
              0.9032258064516129,
              0.8387096774193549,
              0.8,
              0.8666666666666667,
              0.7,
              0.8666666666666667,
              0.7,
              0.9,
              0.7666666666666667
            ]
          },
          "F1": {
            "mean": 0.7933591446035224,
            "std": 0.08913692597971892,
            "folds": [
              0.8275862068965517,
              0.896551724137931,
              0.8275862068965517,
              0.7692307692307693,
              0.8571428571428571,
              0.6086956521739131,
              0.8571428571428571,
              0.6896551724137931,
              0.88,
              0.72
            ]
          },
          "Precision": {
            "mean": 0.8212809412809413,
            "std": 0.08123743046411068,
            "folds": [
              0.8,
              0.8666666666666667,
              0.8,
              0.7692307692307693,
              0.8571428571428571,
              0.7777777777777778,
              0.8571428571428571,
              0.6666666666666666,
              1.0,
              0.8181818181818182
            ]
          },
          "Recall": {
            "mean": 0.776923076923077,
            "std": 0.12143230067367801,
            "folds": [
              0.8571428571428571,
              0.9285714285714286,
              0.8571428571428571,
              0.7692307692307693,
              0.8571428571428571,
              0.5,
              0.8571428571428571,
              0.7142857142857143,
              0.7857142857142857,
              0.6428571428571429
            ]
          }
        },
        "CatBoost": {
          "AUC": {
            "mean": 0.9068721719457014,
            "std": 0.05696241518135628,
            "folds": [
              0.9411764705882353,
              0.9831932773109243,
              0.8823529411764706,
              0.8959276018099547,
              0.9598214285714286,
              0.8169642857142858,
              0.9732142857142857,
              0.8214285714285714,
              0.9285714285714286,
              0.8660714285714286
            ]
          },
          "Accuracy": {
            "mean": 0.8410752688172044,
            "std": 0.07023867935615563,
            "folds": [
              0.8709677419354839,
              0.9354838709677419,
              0.8709677419354839,
              0.8,
              0.8666666666666667,
              0.7666666666666667,
              0.9333333333333333,
              0.7,
              0.8666666666666667,
              0.8
            ]
          },
          "F1": {
            "mean": 0.8162779873799364,
            "std": 0.08144383041598946,
            "folds": [
              0.8571428571428571,
              0.9285714285714286,
              0.8461538461538461,
              0.75,
              0.8571428571428571,
              0.6956521739130435,
              0.9230769230769231,
              0.6896551724137931,
              0.8461538461538461,
              0.7692307692307693
            ]
          },
          "Precision": {
            "mean": 0.8683261183261184,
            "std": 0.08409492507045697,
            "folds": [
              0.8571428571428571,
              0.9285714285714286,
              0.9166666666666666,
              0.8181818181818182,
              0.8571428571428571,
              0.8888888888888888,
              1.0,
              0.6666666666666666,
              0.9166666666666666,
              0.8333333333333334
            ]
          },
          "Recall": {
            "mean": 0.7763736263736264,
            "std": 0.0998444025554361,