{
  "model": "vit",
  "training_time_sec": 2127.1328041553497,
  "timestamp": "2026-03-26 20:58:05",
  "competition": {
    "auc": 0.9536648496935805,
    "accuracy": 0.8863571428571428,
    "precision": 0.8698389869154944,
    "recall": 0.8778920536014586,
    "f1": 0.8738469670939606,
    "threshold": 0.5
  },
  "uci_zeroshot": {
    "Cleveland": {
      "auc": 0.9178803298824355,
      "accuracy": 0.8250825082508251,
      "precision": 0.7866666666666666,
      "recall": 0.8489208633093526,
      "f1": 0.8166089965397924,
      "threshold": 0.5,
      "n_samples": 303
    },
    "Hungarian": {
      "auc": 0.8768065034122844,
      "accuracy": 0.7210884353741497,
      "precision": 0.5705882352941176,
      "recall": 0.9150943396226415,
      "f1": 0.7028985507246377,
      "threshold": 0.5,
      "n_samples": 294
    }
  },
  "uci_rep_transfer": {
    "Cleveland": {
      "n": 303,
      "rep_dim": 64,
      "classifiers": {
        "LogReg": {
          "AUC": {
            "mean": 0.9231920652876535,
            "std": 0.04298060314204146,
            "folds": [
              0.9243697478991597,
              0.9873949579831933,
              0.9285714285714285,
              0.9049773755656108,
              0.9375,
              0.8973214285714286,
              0.9955357142857143,
              0.84375,
              0.9285714285714286,
              0.8839285714285714
            ]
          },
          "Accuracy": {
            "mean": 0.8311827956989248,
            "std": 0.06137703731778408,
            "folds": [
              0.8709677419354839,
              0.9032258064516129,
              0.8709677419354839,
              0.8,
              0.8333333333333334,
              0.8,
              0.8666666666666667,
              0.7,
              0.9,
              0.7666666666666667
            ]
          },
          "F1": {
            "mean": 0.8082287351341858,
            "std": 0.06613455168984717,
            "folds": [
              0.8571428571428571,
              0.896551724137931,
              0.8461538461538461,
              0.75,
              0.8387096774193549,
              0.75,
              0.8333333333333334,
              0.6896551724137931,
              0.88,
              0.7407407407407407
            ]
          },
          "Precision": {
            "mean": 0.8559261326908386,
            "std": 0.10017200961010056,
            "folds": [
              0.8571428571428571,
              0.8666666666666667,
              0.9166666666666666,
              0.8181818181818182,
              0.7647058823529411,
              0.9,
              1.0,
              0.6666666666666666,
              1.0,
              0.7692307692307693
            ]
          },
          "Recall": {
            "mean": 0.7763736263736264,
            "std": 0.09459649337256994,
            "folds": [
              0.8571428571428571,
              0.9285714285714286,
              0.7857142857142857,
              0.6923076923076923,
              0.9285714285714286,
              0.6428571428571429,
              0.7142857142857143,
              0.7142857142857143,
              0.7857142857142857,
              0.7142857142857143
            ]
          }
        },
        "LightGBM": {
          "AUC": {
            "mean": 0.8653563348416288,
            "std": 0.0518832159960848,
            "folds": [
              0.8991596638655462,
              0.9369747899159664,
              0.8235294117647058,
              0.8778280542986425,
              0.9196428571428571,
              0.8169642857142857,
              0.9196428571428572,
              0.7678571428571429,
              0.8571428571428571,
              0.8348214285714286
            ]
          },
          "Accuracy": {
            "mean": 0.7849462365591398,
            "std": 0.05915933205797386,
            "folds": [
              0.8387096774193549,
              0.9032258064516129,
              0.7741935483870968,
              0.8,
              0.7666666666666667,
              0.7,
              0.7666666666666667,
              0.7,
              0.8333333333333334,
              0.7666666666666667
            ]
          },
          "F1": {
            "mean": 0.7636882619296411,
            "std": 0.06611758477939234,
            "folds": [
              0.8148148148148148,
              0.896551724137931,
              0.7586206896551724,
              0.75,
              0.7878787878787878,
              0.64,
              0.7586206896551724,
              0.6896551724137931,
              0.8,
              0.7407407407407407
            ]
          },
          "Precision": {
            "mean": 0.775414059624586,
            "std": 0.07685779916162791,
            "folds": [
              0.8461538461538461,
              0.8666666666666667,
              0.7333333333333333,
              0.8181818181818182,
              0.6842105263157895,
              0.7272727272727273,
              0.7333333333333333,
              0.6666666666666666,
              0.9090909090909091,
              0.7692307692307693
            ]
          },
          "Recall": {
            "mean": 0.7620879120879122,
            "std": 0.10255903310339136,
            "folds": [
              0.7857142857142857,
              0.9285714285714286,
              0.7857142857142857,
              0.6923076923076923,
              0.9285714285714286,
              0.5714285714285714,
              0.7857142857142857,
              0.7142857142857143,
              0.7142857142857143,
              0.7142857142857143
            ]
          }
        },
        "CatBoost": {
          "AUC": {
            "mean": 0.9168885342598576,
            "std": 0.037090484646261114,
            "folds": [
              0.9243697478991597,
              0.9873949579831933,
              0.9033613445378151,
              0.9140271493212669,
              0.9285714285714286,
              0.890625,
              0.9642857142857143,
              0.8549107142857143,
              0.9241071428571428,
              0.8772321428571428
            ]
          },
          "Accuracy": {
            "mean": 0.8310752688172045,
            "std": 0.07150893353590339,
            "folds": [
              0.9032258064516129,
              0.9032258064516129,
              0.8709677419354839,
              0.8,
              0.8333333333333334,
              0.7666666666666667,
              0.8666666666666667,
              0.6666666666666666,
              0.9,
              0.8
            ]
          },
          "F1": {
            "mean": 0.805406360922103,
            "std": 0.07710153189368742,
            "folds": [
              0.8888888888888888,
              0.896551724137931,
              0.8461538461538461,
              0.75,
              0.8275862068965517,
              0.6956521739130435,
              0.8333333333333334,
              0.6666666666666666,
              0.88,
              0.7692307692307693
            ]
          },
          "Precision": {
            "mean": 0.8671814296814297,
            "std": 0.1039413121913701,
            "folds": [
              0.9230769230769231,
              0.8666666666666667,
              0.9166666666666666,
              0.8181818181818182,
              0.8,
              0.8888888888888888,
              1.0,
              0.625,
              1.0,
              0.8333333333333334
            ]
          },
          "Recall": {
            "mean": 0.762087912087912,
            "std": 0.09745741176450982,
            "folds": [
              0.8571428571428571,
              0.9285714285714286,
              0.7857142857142857,
              0.6923076923076923,
              0.8571428571428571,
              0.5714285714285714,
              0.7142857142857143,
              0.7142857142857143,
              0.7857142857142857,
              0.7142857142857143
            ]
          }
        },